dataset,pipeline,subject,session,n_trials,n_classes,auroc,entropy,brier,reliability,resolution,uncertainty
BNCI2014-001,BDCNN,1,0train,144,2,0.905189043209877,0.488840956438539,0.139343902777778,0.033805770559538,0.14446186778176,0.25
BNCI2014-001,BDCNN,1,1test,144,2,0.928240740740741,0.479409167926191,0.112004850260417,0.0153606553349717,0.153355805074555,0.25
BNCI2014-001,BDCNN,2,0train,144,2,0.671875,0.736299287897038,0.250388902777778,0.0351630902305366,0.0347741874527589,0.25
BNCI2014-001,BDCNN,2,1test,144,2,0.685763888888889,0.684236540424771,0.252325387152778,0.0444152918128508,0.0420899046600731,0.25
BNCI2014-001,BDCNN,3,0train,144,2,0.975983796296296,0.379541909184519,0.0804943680555556,0.0413658277505446,0.210871459694989,0.25
BNCI2014-001,BDCNN,3,1test,144,2,0.967303240740741,0.324693498502265,0.0909165863715278,0.0367016943962192,0.195785108024691,0.25
BNCI2014-001,BDCNN,4,0train,144,2,0.82716049382716,0.629679221276149,0.23442609765625,0.0819744155487708,0.0975483178925208,0.25
BNCI2014-001,BDCNN,4,1test,144,2,0.791570216049383,0.573593979215841,0.288800956597222,0.119962272133538,0.0811613155363155,0.25
BNCI2014-001,BDCNN,5,0train,144,2,0.552372685185185,0.673903371045812,0.334870888454861,0.0981024445743483,0.0132315561194871,0.25
BNCI2014-001,BDCNN,5,1test,144,2,0.595389660493827,0.705071712965877,0.313144138888889,0.0902092847911813,0.0270651459022924,0.25
BNCI2014-001,BDCNN,6,0train,144,2,0.851273148148148,0.28602832159394,0.242201154947917,0.101188810810573,0.108987655862656,0.25
BNCI2014-001,BDCNN,6,1test,144,2,0.771508487654321,0.38768764950317,0.266500637152778,0.0869388641120074,0.0704382269592296,0.25
BNCI2014-001,BDCNN,7,0train,144,2,0.649498456790123,0.849181432552085,0.23760907421875,0.0309044180075148,0.0432953437887648,0.25
BNCI2014-001,BDCNN,7,1test,144,2,0.702932098765432,0.757921021022625,0.232158891059028,0.0378621338946235,0.0557032428355958,0.25
BNCI2014-001,BDCNN,8,0train,144,2,0.988811728395062,0.305478510546225,0.0402108658854167,0.0141526648272156,0.223941798941799,0.25
BNCI2014-001,BDCNN,8,1test,144,2,0.99170524691358,0.251637861905186,0.0349322569444444,0.00804182484567901,0.223109567901235,0.25
BNCI2014-001,BDCNN,9,0train,144,2,0.935860339506173,0.249155118705101,0.102417020399306,0.0145492965479796,0.162132276148674,0.25
BNCI2014-001,BDCNN,9,1test,144,2,0.760898919753086,0.260035248597987,0.299949611111111,0.127309720137887,0.0773601090267757,0.25
BNCI2014-001,BSCNN,1,0train,144,2,0.905671296296296,0.709994937026297,0.148563721354167,0.0365366539405861,0.137972932586419,0.25
BNCI2014-001,BSCNN,1,1test,144,2,0.949652777777778,0.670699908488968,0.115253161892361,0.0413673255065247,0.176114163614164,0.25
BNCI2014-001,BSCNN,2,0train,144,2,0.653935185185185,0.853655849537958,0.240020407552083,0.0224547175989029,0.0324343100468196,0.25
BNCI2014-001,BSCNN,2,1test,144,2,0.663869598765432,0.903034326250764,0.229573884114583,0.0154332950589128,0.0358594109443294,0.25
BNCI2014-001,BSCNN,3,0train,144,2,0.962191358024691,0.791473341568193,0.109575885416667,0.0428117528630605,0.183235867446394,0.25
BNCI2014-001,BSCNN,3,1test,144,2,0.95679012345679,0.762834664152817,0.108037475260417,0.0330066611671025,0.174969185906686,0.25
BNCI2014-001,BSCNN,4,0train,144,2,0.807195216049383,0.667846123158074,0.253097192708333,0.0934215444437993,0.090324351735466,0.25
BNCI2014-001,BSCNN,4,1test,144,2,0.718557098765432,0.658547825467095,0.297145900607639,0.104546312695551,0.057400412087912,0.25
BNCI2014-001,BSCNN,5,0train,144,2,0.552179783950617,0.636221067442967,0.350510313368056,0.110607315131724,0.0100970017636684,0.25
BNCI2014-001,BSCNN,5,1test,144,2,0.575424382716049,0.629836845771346,0.342374759548611,0.112468584545453,0.0200938249968422,0.25
BNCI2014-001,BSCNN,6,0train,144,2,0.841049382716049,0.705248156902586,0.16281523046875,0.0198583656738476,0.107043135205098,0.25
BNCI2014-001,BSCNN,6,1test,144,2,0.785011574074074,0.774029207774844,0.187612669704861,0.0158971084803713,0.0782844387755102,0.25
BNCI2014-001,BSCNN,7,0train,144,2,0.620756172839506,0.844357461350644,0.255699474392361,0.0340898226969251,0.028390348304564,0.25
BNCI2014-001,BSCNN,7,1test,144,2,0.706114969135803,0.806212247537129,0.228913327256944,0.0237654015407643,0.0448520742838198,0.25
BNCI2014-001,BSCNN,8,0train,144,2,0.967013888888889,0.666282399004818,0.0821773472222222,0.0308876646825397,0.198710317460317,0.25
BNCI2014-001,BSCNN,8,1test,144,2,0.986496913580247,0.642994742736381,0.0717357907986111,0.0315902881531085,0.209854497354497,0.25
BNCI2014-001,BSCNN,9,0train,144,2,0.899112654320988,0.559974989473252,0.131909257378472,0.017133022810571,0.135223765432099,0.25
BNCI2014-001,BSCNN,9,1test,144,2,0.712770061728395,0.592776826535203,0.263670404947917,0.0775649268158605,0.0638945218679438,0.25
BNCI2014-001,CSPBLDA,1,0train,144,2,0.857060185185185,0.647613216273514,0.241737738715278,0.101447442997351,0.109709704282073,0.25
BNCI2014-001,CSPBLDA,1,1test,144,2,0.929783950617284,0.558826240888255,0.22566391015625,0.132487102396109,0.156823192239859,0.25
BNCI2014-001,CSPBLDA,2,0train,144,2,0.550829475308642,0.816592342238268,0.286703487847222,0.0492115393770129,0.0125080515297906,0.25
BNCI2014-001,CSPBLDA,2,1test,144,2,0.517939814814815,0.787297550110285,0.309302195746528,0.0680623035632393,0.00876010781671155,0.25
BNCI2014-001,CSPBLDA,3,0train,144,2,0.981288580246914,0.440668670161207,0.19468846875,0.156769394372592,0.212080925622592,0.25
BNCI2014-001,CSPBLDA,3,1test,144,2,0.96923225308642,0.518181730633438,0.169476348958333,0.114576372524593,0.195100023566259,0.25
BNCI2014-001,CSPBLDA,4,0train,144,2,0.738329475308642,0.747725183429209,0.264570548177083,0.0757660848934534,0.0611955367163701,0.25
BNCI2014-001,CSPBLDA,4,1test,144,2,0.749903549382716,0.779239865472761,0.255219967013889,0.0713474458568849,0.066127478842996,0.25
BNCI2014-001,CSPBLDA,5,0train,144,2,0.514853395061728,0.706898006533577,0.340165991753472,0.100506695901516,0.0103407041480436,0.25
BNCI2014-001,CSPBLDA,5,1test,144,2,0.603684413580247,0.737759055690865,0.278138470486111,0.0525972123161765,0.0244587418300654,0.25
BNCI2014-001,CSPBLDA,6,0train,144,2,0.688271604938272,0.616144502156356,0.330224104600694,0.126060578875789,0.0458364742750944,0.25
BNCI2014-001,CSPBLDA,6,1test,144,2,0.595100308641975,0.668747826318904,0.327381184895833,0.0990237056493455,0.0216425207535121,0.25
BNCI2014-001,CSPBLDA,7,0train,144,2,0.538001543209877,0.906913056027157,0.266146046006944,0.0320092370965848,0.0158631910896404,0.25
BNCI2014-001,CSPBLDA,7,1test,144,2,0.648244598765432,0.827732973863751,0.259127837239583,0.0396307833675295,0.0305029461279461,0.25
BNCI2014-001,CSPBLDA,8,0train,144,2,0.97241512345679,0.85891614176233,0.143924607204861,0.0958977112612985,0.201973104056437,0.25
BNCI2014-001,CSPBLDA,8,1test,144,2,0.972318672839506,0.878506125109944,0.128163686197917,0.0740416623883929,0.195877976190476,0.25
BNCI2014-001,CSPBLDA,9,0train,144,2,0.717496141975309,0.791412690333742,0.223366319878472,0.0375651692746901,0.0641988493962178,0.25
BNCI2014-001,CSPBLDA,9,1test,144,2,0.629050925925926,0.785145195203061,0.256252848524306,0.0364504436778226,0.030197595153517,0.25
BNCI2014-001,CSPGP,1,0train,144,2,0.803819444444444,0.907023168904494,0.191310611545139,0.0263530653138735,0.0850424537687346,0.25
BNCI2014-001,CSPGP,1,1test,144,2,0.718074845679012,0.926619355125782,0.216800233506944,0.0223993296268739,0.0555990961199295,0.25
BNCI2014-001,CSPGP,2,0train,144,2,0.569540895061728,0.828071032388466,0.27506506640625,0.0405358919764578,0.0154708255702078,0.25
BNCI2014-001,CSPGP,2,1test,144,2,0.58275462962963,0.834320761945824,0.275962489149306,0.0412788688475187,0.0153163796982131,0.25
BNCI2014-001,CSPGP,3,0train,144,2,0.331500771604938,0.891749573330673,0.335023163194444,0.0885442899550078,0.0035211267605634,0.25
BNCI2014-001,CSPGP,3,1test,144,2,0.509259259259259,0.827009669690954,0.308794187934028,0.0664724018622417,0.00767821392821391,0.25
BNCI2014-001,CSPGP,4,0train,144,2,0.647280092592593,0.883789890781131,0.252936159288194,0.036443883764589,0.0335077244763946,0.25
BNCI2014-001,CSPGP,4,1test,144,2,0.521701388888889,0.932416537660423,0.270331569010417,0.0258235987345964,0.0054920297241797,0.25
BNCI2014-001,CSPGP,5,0train,144,2,0.405381944444444,0.814388775366727,0.322790230034722,0.072855760834198,6.55307994757715e-05,0.25
BNCI2014-001,CSPGP,5,1test,144,2,0.470871913580247,0.81684818453279,0.314994044270833,0.0672964432607323,0.00230239898989898,0.25
BNCI2014-001,CSPGP,6,0train,144,2,0.664351851851852,0.693865190426252,0.289920802517361,0.081737251319104,0.0418164488017429,0.25
BNCI2014-001,CSPGP,6,1test,144,2,0.611304012345679,0.657081118305308,0.305108673177083,0.0894539643238451,0.0343452911467618,0.25
BNCI2014-001,CSPGP,7,0train,144,2,0.655864197530864,0.842527864364944,0.240957736545139,0.0244297316056756,0.0334719950605367,0.25
BNCI2014-001,CSPGP,7,1test,144,2,0.689236111111111,0.765160258010854,0.234290759114583,0.0279308199147318,0.0436400608001485,0.25
BNCI2014-001,CSPGP,8,0train,144,2,0.925154320987654,0.63267859536827,0.250834575086806,0.164108287349488,0.163273712262683,0.25
BNCI2014-001,CSPGP,8,1test,144,2,0.843653549382716,0.818062949697856,0.182315740451389,0.0336110460230102,0.101295305571621,0.25
BNCI2014-001,CSPGP,9,0train,144,2,0.68846450617284,0.785225531698429,0.240947335069444,0.0416813618451379,0.0507340267756935,0.25
BNCI2014-001,CSPGP,9,1test,144,2,0.580439814814815,0.802405331093925,0.283030046006944,0.0746462909647735,0.0416162449578291,0.25
BNCI2014-001,CSPLDA,1,0train,144,2,0.889081790123457,0.860746440878627,0.18020356323428,0.0569241420381923,0.126720578803912,0.25
BNCI2014-001,CSPLDA,1,1test,144,2,0.945408950617284,0.788646625429218,0.156484653555806,0.0782382504061523,0.171753596850346,0.25
BNCI2014-001,CSPLDA,2,0train,144,2,0.555362654320988,0.924298135066964,0.257972979077246,0.0250618364004782,0.0170888573232323,0.25
BNCI2014-001,CSPLDA,2,1test,144,2,0.593942901234568,0.900163593619269,0.265568717162191,0.0363961221727097,0.020827405010519,0.25
BNCI2014-001,CSPLDA,3,0train,144,2,0.985918209876543,0.64879919738693,0.162747333759361,0.131568982789344,0.218821649029982,0.25
BNCI2014-001,CSPLDA,3,1test,144,2,0.968942901234568,0.711349721867768,0.150511861130902,0.0993591544591891,0.198847293328287,0.25
BNCI2014-001,CSPLDA,4,0train,144,2,0.756365740740741,0.766760874241748,0.27074213944626,0.0952608273414718,0.0745186878952123,0.25
BNCI2014-001,CSPLDA,4,1test,144,2,0.771026234567901,0.792246128427886,0.263134700488613,0.0863347612126198,0.0732000607240071,0.25
BNCI2014-001,CSPLDA,5,0train,144,2,0.531057098765432,0.903118606303442,0.277024291206459,0.0346443783557541,0.00762008714929469,0.25
BNCI2014-001,CSPLDA,5,1test,144,2,0.625,0.855523927523355,0.262323358219902,0.0378819330991287,0.0255585748792271,0.25
BNCI2014-001,CSPLDA,6,0train,144,2,0.693479938271605,0.607949504543353,0.328562939419148,0.125736270474058,0.04717333105491,0.25
BNCI2014-001,CSPLDA,6,1test,144,2,0.599729938271605,0.66090858256552,0.326889238550783,0.0972929627799387,0.0204037242291553,0.25
BNCI2014-001,CSPLDA,7,0train,144,2,0.560570987654321,0.946087790265396,0.250921880301864,0.0193084298805436,0.0183865495786792,0.25
BNCI2014-001,CSPLDA,7,1test,144,2,0.661072530864197,0.917106889726911,0.237988083199461,0.0208097804948425,0.0328216972953815,0.25
BNCI2014-001,CSPLDA,8,0train,144,2,0.969521604938272,0.771083222852183,0.135470711937904,0.0809626587166154,0.195491946778711,0.25
BNCI2014-001,CSPLDA,8,1test,144,2,0.96971450617284,0.79535273920116,0.107410841808734,0.0539448499369453,0.196534008128211,0.25
BNCI2014-001,CSPLDA,9,0train,144,2,0.714699074074074,0.758202027239672,0.228707182151496,0.0315099274134804,0.0528027452619844,0.25
BNCI2014-001,CSPLDA,9,1test,144,2,0.631751543209877,0.737546317166636,0.265726460234269,0.0504970212364475,0.0347705610021787,0.25
BNCI2014-001,CSPSVM,1,0train,144,2,0.928047839506173,0.822587363278827,0.145658432934423,0.0515405625007628,0.15588212956634,0.25
BNCI2014-001,CSPSVM,1,1test,144,2,0.945601851851852,0.794719008037034,0.139482942491093,0.0765158451489959,0.187032902657903,0.25
BNCI2014-001,CSPSVM,2,0train,144,2,0.5703125,0.839164386086174,0.272857945887741,0.0439654020280918,0.0211074561403509,0.25
BNCI2014-001,CSPSVM,2,1test,144,2,0.60841049382716,0.830138120863049,0.267821519290713,0.0397944537636475,0.0219729344729345,0.25
BNCI2014-001,CSPSVM,3,0train,144,2,0.910108024691358,0.593371972277739,0.238866493488169,0.1392001386897,0.150333645201531,0.25
BNCI2014-001,CSPSVM,3,1test,144,2,0.944058641975309,0.602020348543824,0.227300712028257,0.156606543157005,0.179305831128748,0.25
BNCI2014-001,CSPSVM,4,0train,144,2,0.760802469135803,0.559573379743792,0.332062725472315,0.143047118636038,0.0609843931637232,0.25
BNCI2014-001,CSPSVM,4,1test,144,2,0.777970679012346,0.547026334388866,0.345587196202906,0.172993718636134,0.0774065224332278,0.25
BNCI2014-001,CSPSVM,5,0train,144,2,0.44212962962963,0.69833973764515,0.353983334194635,0.103983334194635,0,0.25
BNCI2014-001,CSPSVM,5,1test,144,2,0.522762345679012,0.655659059485972,0.355800851220481,0.115770819523783,0.00996996830330163,0.25
BNCI2014-001,CSPSVM,6,0train,144,2,0.693672839506173,0.567268132811445,0.338084717941772,0.132691233073264,0.044606515131492,0.25
BNCI2014-001,CSPSVM,6,1test,144,2,0.607831790123457,0.545302928640908,0.350862055103052,0.12197647309247,0.021114417989418,0.25
BNCI2014-001,CSPSVM,7,0train,144,2,0.623456790123457,0.880072230480435,0.246310539094943,0.0217492641430435,0.0254387250481,0.25
BNCI2014-001,CSPSVM,7,1test,144,2,0.705729166666667,0.837495385246277,0.221969465037997,0.019293728105583,0.0473242630675862,0.25
BNCI2014-001,CSPSVM,8,0train,144,2,0.962962962962963,0.687799295134599,0.218110559732025,0.155794981791447,0.187684422059422,0.25
BNCI2014-001,CSPSVM,8,1test,144,2,0.943769290123457,0.813538362126283,0.16454634653834,0.0822875746085151,0.167741228070175,0.25
BNCI2014-001,CSPSVM,9,0train,144,2,0.695216049382716,0.839207770359676,0.224620886418265,0.0234112822062101,0.0487903957879448,0.25
BNCI2014-001,CSPSVM,9,1test,144,2,0.624807098765432,0.842381737166456,0.251034065083772,0.0531733278571365,0.0521392627733647,0.25
BNCI2014-001,DCNN,1,0train,144,2,0.883487654320988,0.616908635434748,0.160071524633547,0.0408941742061961,0.13082264957265,0.25
BNCI2014-001,DCNN,1,1test,144,2,0.935570987654321,0.585588078191822,0.112052628591319,0.0242562621491188,0.1622036335578,0.25
BNCI2014-001,DCNN,2,0train,144,2,0.66724537037037,0.694174419080803,0.258439199752252,0.0413324721476778,0.0328932723954258,0.25
BNCI2014-001,DCNN,2,1test,144,2,0.668016975308642,0.711999662038608,0.257067193782822,0.0475292562812694,0.0404620624984475,0.25
BNCI2014-001,DCNN,3,0train,144,2,0.974537037037037,0.43047586267066,0.071124989744105,0.0218086617819437,0.200683672037839,0.25
BNCI2014-001,DCNN,3,1test,144,2,0.965663580246914,0.367652121855472,0.0762938394897878,0.0210747933111227,0.194780953821335,0.25
BNCI2014-001,DCNN,4,0train,144,2,0.820408950617284,0.623863030914464,0.230487316627636,0.0752068140005865,0.0947194973729501,0.25
BNCI2014-001,DCNN,4,1test,144,2,0.762731481481482,0.588099963686526,0.289808215611572,0.115503943510109,0.0756957278985374,0.25
BNCI2014-001,DCNN,5,0train,144,2,0.550733024691358,0.797903283049398,0.297618289231975,0.0621180664155754,0.0144997771836007,0.25
BNCI2014-001,DCNN,5,1test,144,2,0.61400462962963,0.774943903864835,0.291983244609718,0.0619710692850429,0.0199878246753247,0.25
BNCI2014-001,DCNN,6,0train,144,2,0.870563271604938,0.300908756697107,0.222362811739671,0.0929782444713316,0.120615432731661,0.25
BNCI2014-001,DCNN,6,1test,144,2,0.784529320987654,0.437068389941162,0.259030352452568,0.0840849427209738,0.075054590268406,0.25
BNCI2014-001,DCNN,7,0train,144,2,0.67554012345679,0.896513269024607,0.226356732229564,0.0164493248221568,0.0400925925925926,0.25
BNCI2014-001,DCNN,7,1test,144,2,0.705632716049383,0.829627044295067,0.226090329052409,0.0265039714799406,0.0504136424275313,0.25
BNCI2014-001,DCNN,8,0train,144,2,0.981288580246914,0.412453822773301,0.0570214061193194,0.0145976383666042,0.207576232247285,0.25
BNCI2014-001,DCNN,8,1test,144,2,0.99170524691358,0.365889180197773,0.0417174529110448,0.0141132862443781,0.222395833333333,0.25
BNCI2014-001,DCNN,9,0train,144,2,0.931520061728395,0.229521937855512,0.124084556221967,0.0300878666370417,0.156003310415075,0.25
BNCI2014-001,DCNN,9,1test,144,2,0.784529320987654,0.256464823994211,0.266556137241491,0.112089308001378,0.0955331707598864,0.25
BNCI2014-001,SCNN,1,0train,144,2,0.902199074074074,0.688481212245812,0.156219845153999,0.0456543689635225,0.139434523809524,0.25
BNCI2014-001,SCNN,1,1test,144,2,0.918402777777778,0.669762852027192,0.136593372501357,0.0374949477779322,0.150901575276575,0.25
BNCI2014-001,SCNN,2,0train,144,2,0.657407407407407,0.62559797890686,0.278537220213229,0.0598895814912934,0.0313523612780645,0.25
BNCI2014-001,SCNN,2,1test,144,2,0.636381172839506,0.648781308133969,0.281407570940245,0.0626955961942894,0.0312880252540439,0.25
BNCI2014-001,SCNN,3,0train,144,2,0.953125,0.609894525847736,0.124462809680507,0.0580905470408829,0.183627737360376,0.25
BNCI2014-001,SCNN,3,1test,144,2,0.955825617283951,0.579055149331927,0.119765967572061,0.0451324799177398,0.175366512345679,0.25
BNCI2014-001,SCNN,4,0train,144,2,0.789737654320988,0.453819864346767,0.311850608277904,0.137708462179236,0.0758578539013322,0.25
BNCI2014-001,SCNN,4,1test,144,2,0.752893518518518,0.395218203756267,0.351377004399778,0.161915322553366,0.0605383181535881,0.25
BNCI2014-001,SCNN,5,0train,144,2,0.553819444444444,0.216418315758922,0.44864116597278,0.220244629957424,0.0216034639846438,0.25
BNCI2014-001,SCNN,5,1test,144,2,0.564236111111111,0.224095907560609,0.443848138296983,0.212180257584364,0.0183321192873804,0.25
BNCI2014-001,SCNN,6,0train,144,2,0.842013888888889,0.578642057417331,0.168776007863101,0.0246747344280572,0.105898726564956,0.25
BNCI2014-001,SCNN,6,1test,144,2,0.744405864197531,0.652935607223165,0.215846673895698,0.0266775941016178,0.0608309202059202,0.25
BNCI2014-001,SCNN,7,0train,144,2,0.647762345679012,0.734797493226809,0.262234997824686,0.0469852784083004,0.0347502805836139,0.25
BNCI2014-001,SCNN,7,1test,144,2,0.67283950617284,0.696661390624333,0.254995854238535,0.0408887329074719,0.0358928786689365,0.25
BNCI2014-001,SCNN,8,0train,144,2,0.968557098765432,0.564767198405722,0.076175149308936,0.018175837663791,0.192000688354855,0.25
BNCI2014-001,SCNN,8,1test,144,2,0.981288580246914,0.523541747753073,0.0615555897542273,0.0223232942719318,0.210767704517704,0.25
BNCI2014-001,SCNN,9,0train,144,2,0.916280864197531,0.444640051702796,0.125216333842326,0.0204236149871069,0.145207281144781,0.25
BNCI2014-001,SCNN,9,1test,144,2,0.734182098765432,0.49502979358153,0.252641143244622,0.0768083539425755,0.0741672106979538,0.25
BNCI2014-001,TSBLR,1,0train,144,2,0.91869212962963,0.795342271903061,0.140823150173611,0.0381632887144076,0.147340138540796,0.25
BNCI2014-001,TSBLR,1,1test,144,2,0.935474537037037,0.711157083288868,0.124582122829861,0.0355426598773547,0.160960537047494,0.25
BNCI2014-001,TSBLR,2,0train,144,2,0.521508487654321,0.837366808346951,0.298007703125,0.0549963183542896,0.00698861522928954,0.25
BNCI2014-001,TSBLR,2,1test,144,2,0.579185956790123,0.898152449952264,0.261356754774306,0.0252595186770694,0.0139027639027639,0.25
BNCI2014-001,TSBLR,3,0train,144,2,0.986207561728395,0.75453875784526,0.102254834201389,0.0639077646043193,0.21165293040293,0.25
BNCI2014-001,TSBLR,3,1test,144,2,0.969328703703704,0.786067813424648,0.102940943142361,0.0455996733010913,0.19265873015873,0.25
BNCI2014-001,TSBLR,4,0train,144,2,0.78809799382716,0.661631676188642,0.286388862847222,0.116201607330106,0.0798127444828834,0.25
BNCI2014-001,TSBLR,4,1test,144,2,0.769386574074074,0.772054886983937,0.255016180555556,0.0784393419076385,0.0734231613520829,0.25
BNCI2014-001,TSBLR,5,0train,144,2,0.510609567901235,0.483637208001902,0.394699773871528,0.154108969999474,0.00940919612794613,0.25
BNCI2014-001,TSBLR,5,1test,144,2,0.700520833333333,0.352254753775069,0.411577999565972,0.206658131625271,0.0450801320592987,0.25
BNCI2014-001,TSBLR,6,0train,144,2,0.732638888888889,0.876064802058754,0.21285691796875,0.0208728095974465,0.0580158916286965,0.25
BNCI2014-001,TSBLR,6,1test,144,2,0.655960648148148,0.856352520039191,0.241410946614583,0.0221370785059192,0.0307261318913359,0.25
BNCI2014-001,TSBLR,7,0train,144,2,0.633101851851852,0.937599774684217,0.2372139296875,0.0107547774782292,0.0235408477907292,0.25
BNCI2014-001,TSBLR,7,1test,144,2,0.744212962962963,0.922035500798139,0.20762015234375,0.0179727479022212,0.0603525955584712,0.25
BNCI2014-001,TSBLR,8,0train,144,2,0.965663580246914,0.665514971500711,0.1652337578125,0.0991015410369009,0.183867783224401,0.25
BNCI2014-001,TSBLR,8,1test,144,2,0.961226851851852,0.635017560067488,0.150485911458333,0.0864210251951712,0.185935113736838,0.25
BNCI2014-001,TSBLR,9,0train,144,2,0.744695216049383,0.70398571706408,0.249079077690972,0.0679613528232474,0.0688822751322752,0.25
BNCI2014-001,TSBLR,9,1test,144,2,0.685185185185185,0.754886996031941,0.246019973524306,0.0408901438146439,0.0448701702903384,0.25
BNCI2014-001,TSGP,1,0train,144,2,0.908661265432099,0.753905160425583,0.133110169270833,0.0235904933449074,0.140480324074074,0.25
BNCI2014-001,TSGP,1,1test,144,2,0.931809413580247,0.661434700637769,0.118339197482639,0.0287062609747024,0.160367063492063,0.25
BNCI2014-001,TSGP,2,0train,144,2,0.532696759259259,0.796694217665988,0.306523224392361,0.0663472625720122,0.00982403817965102,0.25
BNCI2014-001,TSGP,2,1test,144,2,0.575520833333333,0.839552827321955,0.276024859809028,0.0393485335767805,0.0133236737677527,0.25
BNCI2014-001,TSGP,3,0train,144,2,0.983796296296296,0.6906622458262,0.0991535707465278,0.0621165337094907,0.212962962962963,0.25
BNCI2014-001,TSGP,3,1test,144,2,0.972029320987654,0.732234736366104,0.0937314036458333,0.0427329739709331,0.1990015703251,0.25
BNCI2014-001,TSGP,4,0train,144,2,0.781153549382716,0.568456362967913,0.309439759982639,0.139272115630212,0.079832355647573,0.25
BNCI2014-001,TSGP,4,1test,144,2,0.755690586419753,0.755232892118798,0.25029440234375,0.0660040921692344,0.0657096898254844,0.25
BNCI2014-001,TSGP,5,0train,144,2,0.509837962962963,0.353020015810595,0.426240192708333,0.183664698179714,0.00742450547138049,0.25
BNCI2014-001,TSGP,5,1test,144,2,0.691936728395062,0.241780391052751,0.437373888888889,0.233678219720659,0.0463043308317699,0.25
BNCI2014-001,TSGP,6,0train,144,2,0.732542438271605,0.818747355083638,0.215935057291667,0.0260111287346839,0.0600760714430172,0.25
BNCI2014-001,TSGP,6,1test,144,2,0.613811728395062,0.797430740893338,0.264031884114583,0.038144538435571,0.0241126543209876,0.25
BNCI2014-001,TSGP,7,0train,144,2,0.601755401234568,0.887318792459773,0.253601692708333,0.02100177825951,0.0174000855511766,0.25
BNCI2014-001,TSGP,7,1test,144,2,0.719618055555556,0.875239873248926,0.215594231770833,0.0158361698584814,0.0502419380876481,0.25
BNCI2014-001,TSGP,8,0train,144,2,0.960069444444444,0.6286066825123,0.161044145399306,0.0922431643587412,0.181199018959436,0.25
BNCI2014-001,TSGP,8,1test,144,2,0.965277777777778,0.573808191490209,0.147091752604167,0.0852963431525072,0.188204590548341,0.25
BNCI2014-001,TSGP,9,0train,144,2,0.73533950617284,0.653690605265696,0.245710260850694,0.057180635228283,0.0614703743775885,0.25
BNCI2014-001,TSGP,9,1test,144,2,0.66358024691358,0.67646476568648,0.266445539496528,0.0543845006125722,0.0379389611160445,0.25
BNCI2014-001,TSLR,1,0train,144,2,0.915509259259259,0.601156687769114,0.135650112208296,0.0304459124728465,0.14479580026455,0.25
BNCI2014-001,TSLR,1,1test,144,2,0.931520061728395,0.554271631810222,0.107703327278578,0.0201311772064284,0.16242784992785,0.25
BNCI2014-001,TSLR,2,0train,144,2,0.510609567901235,0.558825836725817,0.374230429409926,0.127897694417917,0.00366726500799081,0.25
BNCI2014-001,TSLR,2,1test,144,2,0.544367283950617,0.771874877598901,0.298583362063439,0.0565554439938546,0.00797208193041526,0.25
BNCI2014-001,TSLR,3,0train,144,2,0.967206790123457,0.532304200277557,0.125448926906922,0.0620610801857421,0.18661215327882,0.25
BNCI2014-001,TSLR,3,1test,144,2,0.947145061728395,0.583168483442907,0.0932565029647337,0.0163774571254528,0.173120954160719,0.25
BNCI2014-001,TSLR,4,0train,144,2,0.775077160493827,0.449490660087899,0.333391863583574,0.154884912022462,0.0714930484388877,0.25
BNCI2014-001,TSLR,4,1test,144,2,0.755401234567901,0.408755088085672,0.367887502430673,0.186674777637522,0.0687872752068489,0.25
BNCI2014-001,TSLR,5,0train,144,2,0.492476851851852,0.285565746763198,0.433634194105247,0.202664212026394,0.0190300179211469,0.25
BNCI2014-001,TSLR,5,1test,144,2,0.683641975308642,0.147061270205756,0.456088330745869,0.254467037403084,0.0483787066572154,0.25
BNCI2014-001,TSLR,6,0train,144,2,0.713541666666667,0.727546747002842,0.228533392315126,0.0266557308970234,0.0481223385818974,0.25
BNCI2014-001,TSLR,6,1test,144,2,0.65721450617284,0.671336326206123,0.281933280613702,0.0717701094461712,0.0398368288324696,0.25
BNCI2014-001,TSLR,7,0train,144,2,0.656057098765432,0.82097426574271,0.242501813971751,0.0239311926785651,0.0314293787068143,0.25
BNCI2014-001,TSLR,7,1test,144,2,0.752507716049383,0.783977346496705,0.203958749367393,0.0194596227630037,0.0655008733956102,0.25
BNCI2014-001,TSLR,8,0train,144,2,0.94849537037037,0.508377267036773,0.141889679649985,0.0592167969771024,0.167327117327117,0.25
BNCI2014-001,TSLR,8,1test,144,2,0.947530864197531,0.473115944127559,0.149413724830533,0.0744062091980177,0.174992484367484,0.25
BNCI2014-001,TSLR,9,0train,144,2,0.737654320987654,0.564561186421684,0.238546449369335,0.0509848244044595,0.0624383750351243,0.25
BNCI2014-001,TSLR,9,1test,144,2,0.663194444444444,0.5738885860576,0.281403560620722,0.0666732712905851,0.0352697106698631,0.25
BNCI2014-001,TSSVM,1,0train,144,2,0.915123456790123,0.728668336658038,0.135248920469315,0.030934894664061,0.145685974194746,0.25
BNCI2014-001,TSSVM,1,1test,144,2,0.927469135802469,0.671129777438829,0.115045132049191,0.0222039434294932,0.157158811380303,0.25
BNCI2014-001,TSSVM,2,0train,144,2,0.512538580246914,0.646182675535013,0.354147152765197,0.107642682961677,0.00349553019647958,0.25
BNCI2014-001,TSSVM,2,1test,144,2,0.549768518518518,0.83843247187564,0.283983511361448,0.0409136549603898,0.00693014359894156,0.25
BNCI2014-001,TSSVM,3,0train,144,2,0.966049382716049,0.689624315901899,0.114558812520259,0.052597285485203,0.188038472964944,0.25
BNCI2014-001,TSSVM,3,1test,144,2,0.947145061728395,0.73142309976758,0.10612869632604,0.0288552156048692,0.172726519278829,0.25
BNCI2014-001,TSSVM,4,0train,144,2,0.76658950617284,0.611186358559143,0.290768310152886,0.111087824743234,0.0703195145903479,0.25
BNCI2014-001,TSSVM,4,1test,144,2,0.742476851851852,0.531994482548884,0.340639701010266,0.152297480441483,0.0616577794312169,0.25
BNCI2014-001,TSSVM,5,0train,144,2,0.505979938271605,0.434869986753084,0.401449639097484,0.175895203613613,0.024445564516129,0.25
BNCI2014-001,TSSVM,5,1test,144,2,0.686149691358025,0.327130432806053,0.407514081772572,0.205705641813958,0.0481915600413869,0.25
BNCI2014-001,TSSVM,6,0train,144,2,0.71412037037037,0.836496005207595,0.219159076631863,0.0180503323165974,0.048891255684734,0.25
BNCI2014-001,TSSVM,6,1test,144,2,0.651813271604938,0.804803956083177,0.250527704076711,0.0352300850290918,0.0347023809523809,0.25
BNCI2014-001,TSSVM,7,0train,144,2,0.654128086419753,0.894514881543539,0.233562295611893,0.0195456621410345,0.0359833665291412,0.25
BNCI2014-001,TSSVM,7,1test,144,2,0.747685185185185,0.857426131327731,0.206243151432476,0.0220096498726285,0.065766498440153,0.25
BNCI2014-001,TSSVM,8,0train,144,2,0.933063271604938,0.641585853845299,0.171622019800359,0.0753986251394647,0.153776605339105,0.25
BNCI2014-001,TSSVM,8,1test,144,2,0.938850308641975,0.629812168412868,0.160724978413951,0.0787058673507219,0.167980888936771,0.25
BNCI2014-001,TSSVM,9,0train,144,2,0.751929012345679,0.691628643527308,0.226888060212507,0.0422369570718206,0.0653488968593135,0.25
BNCI2014-001,TSSVM,9,1test,144,2,0.690393518518518,0.701964219573949,0.247147313101203,0.0402314643677216,0.0430841512665184,0.25
BNCI2014-004,BDCNN,1,0train,120,2,0.943611111111111,0.689361073663786,0.107493525520833,0.0378254158527237,0.18033189033189,0.25
BNCI2014-004,BDCNN,1,1train,120,2,0.831805555555556,0.791090996798272,0.199216336979167,0.0578237172532136,0.108607380274047,0.25
BNCI2014-004,BDCNN,1,2train,160,2,0.8578125,0.731855804053734,0.155138690625,0.017273518634828,0.112134828009828,0.25
BNCI2014-004,BDCNN,1,3test,160,2,0.897265625,0.690276680839974,0.165260703125,0.0464852945058414,0.131224591380841,0.25
BNCI2014-004,BDCNN,1,4test,160,2,0.816015625,0.668290236093822,0.2372883953125,0.0800888707658392,0.0928004754533392,0.25
BNCI2014-004,BDCNN,2,0train,120,2,0.621944444444444,0.819920177273993,0.25563268125,0.0485616028186275,0.0429289215686275,0.25
BNCI2014-004,BDCNN,2,1train,120,2,0.504166666666667,0.887491125543796,0.285750725520833,0.0486386521112034,0.0128879265903701,0.25
BNCI2014-004,BDCNN,2,2train,160,2,0.63796875,0.765741429277159,0.256688447265625,0.0367993833067081,0.0301109360410831,0.25
BNCI2014-004,BDCNN,2,3test,120,2,0.703888888888889,0.823326782675483,0.2202233171875,0.0187969628090179,0.0485736456215179,0.25
BNCI2014-004,BDCNN,2,4test,160,2,0.597578125,0.855899693608563,0.259530159375,0.0297434530257936,0.0202132936507936,0.25
BNCI2014-004,BDCNN,3,0train,120,2,0.743611111111111,0.758960849274929,0.209176125,0.0223600053897627,0.0631838803897627,0.25
BNCI2014-004,BDCNN,3,1train,120,2,0.5825,0.817550098686066,0.274317771875,0.0477914795398841,0.0234737076648841,0.25
BNCI2014-004,BDCNN,3,2train,160,2,0.541953125,0.763015104066482,0.302273007421875,0.0688141745880422,0.0165411671661672,0.25
BNCI2014-004,BDCNN,3,3test,160,2,0.62390625,0.772622975955539,0.264078869921875,0.0353837152501578,0.0213048453282828,0.25
BNCI2014-004,BDCNN,3,4test,160,2,0.55015625,0.76372945728499,0.298475550390625,0.0601335365017361,0.0116579861111111,0.25
BNCI2014-004,BDCNN,4,0train,120,2,0.925972222222222,0.285115705129338,0.354299911979167,0.258978872452245,0.154678960473078,0.25
BNCI2014-004,BDCNN,4,1train,140,2,0.981734693877551,0.366392198892266,0.224051154464286,0.182027344940476,0.20797619047619,0.25
BNCI2014-004,BDCNN,4,2train,160,2,0.99796875,0.197644135630364,0.025467837109375,0.0136622815538194,0.238194444444444,0.25
BNCI2014-004,BDCNN,4,3test,160,2,0.9934375,0.22820753299362,0.03300461796875,0.0215710862227183,0.238566468253968,0.25
BNCI2014-004,BDCNN,4,4test,160,2,0.976875,0.350275749016419,0.121739449609375,0.0851463076482895,0.213406858038914,0.25
BNCI2014-004,BDCNN,5,0train,120,2,0.728611111111111,0.576446031949687,0.313313722916667,0.130573347072843,0.0672596241561758,0.25
BNCI2014-004,BDCNN,5,1train,140,2,0.852551020408163,0.679924172770098,0.170099823214286,0.0299658302231499,0.109866007008864,0.25
BNCI2014-004,BDCNN,5,2train,160,2,0.9303125,0.600840677985223,0.145172483984375,0.0488594016862383,0.153686917701863,0.25
BNCI2014-004,BDCNN,5,3test,160,2,0.921015625,0.711988308822973,0.121569569140625,0.0209550335536629,0.149385464413038,0.25
BNCI2014-004,BDCNN,5,4test,160,2,0.806953125,0.756169176675189,0.1937380203125,0.0334894917657686,0.0897514714532686,0.25
BNCI2014-004,BDCNN,6,0train,120,2,0.849722222222222,0.691598611776374,0.170850577604167,0.0284669275067007,0.107616349902534,0.25
BNCI2014-004,BDCNN,6,1train,120,2,0.881111111111111,0.693321757318482,0.178103486458333,0.0568514160649586,0.128747929606625,0.25
BNCI2014-004,BDCNN,6,2train,160,2,0.865859375,0.66816321535884,0.18009235078125,0.0433990058296329,0.113306655048383,0.25
BNCI2014-004,BDCNN,6,3test,160,2,0.93609375,0.698383856133198,0.110276784765625,0.0219570435864855,0.16168025882086,0.25
BNCI2014-004,BDCNN,6,4test,160,2,0.92640625,0.683787951866299,0.115259930078125,0.0194132277608344,0.154153297682709,0.25
BNCI2014-004,BDCNN,7,0train,120,2,0.698194444444444,0.733478238612144,0.232116539583333,0.0345036449263813,0.0523871053430479,0.25
BNCI2014-004,BDCNN,7,1train,120,2,0.711666666666667,0.706627126480172,0.234349853125,0.0437783441159909,0.059428490990991,0.25
BNCI2014-004,BDCNN,7,2train,160,2,0.945625,0.559025725907842,0.09818110859375,0.0214414593541007,0.173260350760351,0.25
BNCI2014-004,BDCNN,7,3test,160,2,0.822734375,0.640012809749477,0.18602185859375,0.029330549723023,0.093308691129273,0.25
BNCI2014-004,BDCNN,7,4test,160,2,0.904765625,0.547754330396038,0.137408412109375,0.0258055982565611,0.138397186147186,0.25
BNCI2014-004,BDCNN,8,0train,160,2,0.670703125,0.414422523553254,0.328480202734375,0.116163608370641,0.0376834056362658,0.25
BNCI2014-004,BDCNN,8,1train,120,2,0.662777777777778,0.332500877099885,0.355344391145833,0.150984339479747,0.0456399483339139,0.25
BNCI2014-004,BDCNN,8,2train,160,2,0.89421875,0.178571665151647,0.193893092578125,0.0858548499965664,0.141961757418441,0.25
BNCI2014-004,BDCNN,8,3test,160,2,0.92203125,0.173719759394965,0.27664601796875,0.183702385343514,0.157056367374764,0.25
BNCI2014-004,BDCNN,8,4test,160,2,0.996796875,0.229296484559614,0.10391563515625,0.08704063515625,0.233125,0.25
BNCI2014-004,BDCNN,9,0train,120,2,0.773055555555556,0.549545401353805,0.258431526041667,0.0843715947448933,0.0759400687032266,0.25
BNCI2014-004,BDCNN,9,1train,120,2,0.693888888888889,0.598746844303761,0.249976053125,0.054386892805688,0.054410839680688,0.25
BNCI2014-004,BDCNN,9,2train,160,2,0.9034375,0.502953199018838,0.142652622265625,0.0335787861611728,0.140926163895548,0.25
BNCI2014-004,BDCNN,9,3test,160,2,0.9725,0.498601112792597,0.078677737890625,0.020047964885852,0.191370226995227,0.25
BNCI2014-004,BDCNN,9,4test,160,2,0.94796875,0.576341707524213,0.095230450390625,0.0182188508790255,0.1729884004884,0.25
BNCI2014-004,BSCNN,1,0train,120,2,0.931111111111111,0.751263260514971,0.121131773958333,0.0296039961805556,0.158472222222222,0.25
BNCI2014-004,BSCNN,1,1train,120,2,0.822638888888889,0.78712133897699,0.208543758333333,0.0544808767704518,0.0959371184371184,0.25
BNCI2014-004,BSCNN,1,2train,160,2,0.814765625,0.833973718530151,0.17784594453125,0.018040945608604,0.090195001077354,0.25
BNCI2014-004,BSCNN,1,3test,160,2,0.8565625,0.788112724973782,0.181831796484375,0.0426871198890405,0.110855323404666,0.25
BNCI2014-004,BSCNN,1,4test,160,2,0.8453125,0.770398726182864,0.2065439,0.0588208469629957,0.102276946962996,0.25
BNCI2014-004,BSCNN,2,0train,120,2,0.621666666666667,0.878636998599351,0.2476543078125,0.0271577249200838,0.0295034171075838,0.25
BNCI2014-004,BSCNN,2,1train,120,2,0.584166666666667,0.867275241859756,0.264421955208333,0.0349904306605297,0.0205684754521964,0.25
BNCI2014-004,BSCNN,2,2train,160,2,0.644296875,0.804723752146503,0.25268877734375,0.0351655938279194,0.0324768164841694,0.25
BNCI2014-004,BSCNN,2,3test,120,2,0.665694444444444,0.84890651917048,0.238776274479167,0.0253391560420483,0.0365628815628816,0.25
BNCI2014-004,BSCNN,2,4test,160,2,0.600078125,0.853445551720608,0.264689729296875,0.0324693345600329,0.0177796052631579,0.25
BNCI2014-004,BSCNN,3,0train,120,2,0.743055555555556,0.800717366118268,0.231898239583333,0.0418496358560015,0.0599513962726682,0.25
BNCI2014-004,BSCNN,3,1train,120,2,0.575694444444444,0.819583875486784,0.282470171875,0.0498368090692234,0.0173666371942234,0.25
BNCI2014-004,BSCNN,3,2train,160,2,0.60859375,0.824973936297942,0.266299466796875,0.0421489029789725,0.0258494361820975,0.25
BNCI2014-004,BSCNN,3,3test,160,2,0.6146875,0.868016157080317,0.251037583984375,0.0285829513822705,0.0275453673978955,0.25
BNCI2014-004,BSCNN,3,4test,160,2,0.5728125,0.841102508628714,0.272744073046875,0.03760963803744,0.014865564990565,0.25
BNCI2014-004,BSCNN,4,0train,120,2,0.907916666666667,0.316768684763183,0.350283686458333,0.242313203498059,0.142029517039726,0.25
BNCI2014-004,BSCNN,4,1train,140,2,0.979489795918367,0.399135453718724,0.242444196428571,0.198172087585034,0.205727891156463,0.25
BNCI2014-004,BSCNN,4,2train,160,2,0.993125,0.298261551166968,0.045412798828125,0.0276672631138393,0.232254464285714,0.25
BNCI2014-004,BSCNN,4,3test,160,2,0.99796875,0.310276983219003,0.033513625390625,0.0277100539620536,0.244196428571429,0.25
BNCI2014-004,BSCNN,4,4test,160,2,0.976640625,0.434897077911756,0.13961032109375,0.0979669679191468,0.208356646825397,0.25
BNCI2014-004,BSCNN,5,0train,120,2,0.762083333333333,0.689172685404581,0.269445135416667,0.0897920883003843,0.0703469528837176,0.25
BNCI2014-004,BSCNN,5,1train,140,2,0.856734693877551,0.789267282015529,0.16550993125,0.0289131946532634,0.113403263403263,0.25
BNCI2014-004,BSCNN,5,2train,160,2,0.938359375,0.693406154322543,0.134107233984375,0.043729188826918,0.159621954842543,0.25
BNCI2014-004,BSCNN,5,3test,160,2,0.933828125,0.763480609109423,0.125139026953125,0.0349604555245535,0.159821428571429,0.25
BNCI2014-004,BSCNN,5,4test,160,2,0.80875,0.798674434848968,0.193539039453125,0.0297357849497426,0.0861967454966176,0.25
BNCI2014-004,BSCNN,6,0train,120,2,0.832083333333333,0.795678536494621,0.174836464583333,0.026668105164974,0.101831640581641,0.25
BNCI2014-004,BSCNN,6,1train,120,2,0.912083333333333,0.725057084752644,0.158198209375,0.0606046570939477,0.152406447718948,0.25
BNCI2014-004,BSCNN,6,2train,160,2,0.815234375,0.773703830778479,0.198872887890625,0.037548208166555,0.0886753202759301,0.25
BNCI2014-004,BSCNN,6,3test,160,2,0.919609375,0.778929353441779,0.127964769921875,0.0299704465369266,0.152005676615052,0.25
BNCI2014-004,BSCNN,6,4test,160,2,0.919453125,0.77810492614936,0.124217376953125,0.0312586548796583,0.157041277926533,0.25
BNCI2014-004,BSCNN,7,0train,120,2,0.717916666666667,0.731217559658074,0.232902115625,0.0479123280433007,0.0650102124183007,0.25
BNCI2014-004,BSCNN,7,1train,120,2,0.810138888888889,0.765099451256309,0.18158839375,0.0217341198332261,0.0901457260832261,0.25
BNCI2014-004,BSCNN,7,2train,160,2,0.9334375,0.581239301925032,0.117694,0.0239774821428571,0.156283482142857,0.25
BNCI2014-004,BSCNN,7,3test,160,2,0.8265625,0.605941603009614,0.212632837109375,0.0593892428657807,0.0967564057564057,0.25
BNCI2014-004,BSCNN,7,4test,160,2,0.874609375,0.61445291143972,0.143196754296875,0.013619952422279,0.120423198125404,0.25
BNCI2014-004,BSCNN,8,0train,160,2,0.680546875,0.547736717407252,0.292030705078125,0.076420030664819,0.034389325586694,0.25
BNCI2014-004,BSCNN,8,1train,120,2,0.699722222222222,0.511739269466831,0.3019910546875,0.108530509229007,0.0565394545415065,0.25
BNCI2014-004,BSCNN,8,2train,160,2,0.94609375,0.27007439299198,0.176558990625,0.0983201894955739,0.171761198870574,0.25
BNCI2014-004,BSCNN,8,3test,160,2,0.94765625,0.293300253879064,0.235595723828125,0.167121740574536,0.181526016746411,0.25
BNCI2014-004,BSCNN,8,4test,160,2,0.9975,0.266085073486566,0.088798841015625,0.078798841015625,0.24,0.25
BNCI2014-004,BSCNN,9,0train,120,2,0.801388888888889,0.575660914067045,0.241757369270833,0.0778491696273396,0.0860918003565063,0.25
BNCI2014-004,BSCNN,9,1train,120,2,0.697916666666667,0.634020229055748,0.249580323958333,0.047460758740942,0.0478804347826087,0.25
BNCI2014-004,BSCNN,9,2train,160,2,0.93140625,0.510444272685926,0.12629968515625,0.0338995738457769,0.157599888689527,0.25
BNCI2014-004,BSCNN,9,3test,160,2,0.9790625,0.48508249886582,0.069201834375,0.0235200161931819,0.204318181818182,0.25
BNCI2014-004,BSCNN,9,4test,160,2,0.95515625,0.569337061354532,0.088456559765625,0.022599326720892,0.184142766955267,0.25
BNCI2014-004,CSPBLDA,1,0train,120,2,0.885277777777778,0.86853210844008,0.159819380208333,0.0396371494911128,0.129817769282779,0.25
BNCI2014-004,CSPBLDA,1,1train,120,2,0.714444444444444,0.77497861851402,0.2833030859375,0.0914537894007034,0.0581507034632034,0.25
BNCI2014-004,CSPBLDA,1,2train,160,2,0.851015625,0.871544103454635,0.19421466953125,0.0529502591228179,0.108735589591568,0.25
BNCI2014-004,CSPBLDA,1,3test,160,2,0.886640625,0.887636156523981,0.175582938671875,0.0521840668301152,0.12660112815824,0.25
BNCI2014-004,CSPBLDA,1,4test,160,2,0.758828125,0.918531884593918,0.209689596484375,0.0247056747547636,0.0650160782703886,0.25
BNCI2014-004,CSPBLDA,2,0train,120,2,0.707083333333333,0.974789008056623,0.227237552604167,0.0284475500440028,0.0512099974398362,0.25
BNCI2014-004,CSPBLDA,2,1train,120,2,0.593055555555556,0.951034448035983,0.251054308333333,0.0250861710784314,0.0240318627450981,0.25
BNCI2014-004,CSPBLDA,2,2train,160,2,0.644609375,0.89906880837885,0.254317304296875,0.0300564697739437,0.0257391654770687,0.25
BNCI2014-004,CSPBLDA,2,3test,120,2,0.615555555555556,0.95197570613653,0.238710358333333,0.0134049532765738,0.0246945949432404,0.25
BNCI2014-004,CSPBLDA,2,4test,160,2,0.60234375,0.953381878062924,0.250539637109375,0.0195545323461258,0.0190148952367508,0.25
BNCI2014-004,CSPBLDA,3,0train,120,2,0.625555555555556,0.879422341312292,0.254967405729167,0.0287501802832178,0.0237827745540511,0.25
BNCI2014-004,CSPBLDA,3,1train,120,2,0.628888888888889,0.910733983882074,0.246624705208333,0.0209309046996241,0.0243061994912908,0.25
BNCI2014-004,CSPBLDA,3,2train,160,2,0.535390625,0.90564988084139,0.272285314453125,0.0289581664549244,0.00667285200179937,0.25
BNCI2014-004,CSPBLDA,3,3test,160,2,0.60171875,0.876388251705082,0.25832257109375,0.0309393630344537,0.0226167919407037,0.25
BNCI2014-004,CSPBLDA,3,4test,160,2,0.603046875,0.889559652432735,0.252794428515625,0.0268023650235615,0.0240079365079365,0.25
BNCI2014-004,CSPBLDA,4,0train,120,2,0.9425,0.678894528112403,0.2538183578125,0.173386151130293,0.169567793317793,0.25
BNCI2014-004,CSPBLDA,4,1train,140,2,0.933469387755102,0.632296427123763,0.246407605357143,0.159623417322955,0.163215811965812,0.25
BNCI2014-004,CSPBLDA,4,2train,160,2,0.99921875,0.65735497478274,0.100136046875,0.0949277135416667,0.244791666666667,0.25
BNCI2014-004,CSPBLDA,4,3test,160,2,0.99671875,0.711669415623163,0.074624632421875,0.0597287990885417,0.235104166666667,0.25
BNCI2014-004,CSPBLDA,4,4test,160,2,0.983125,0.728634862017402,0.162066194921875,0.130330657965157,0.218264463043282,0.25
BNCI2014-004,CSPBLDA,5,0train,120,2,0.649861111111111,0.866894256978378,0.265000203645833,0.0545796735066331,0.0395794698607998,0.25
BNCI2014-004,CSPBLDA,5,1train,140,2,0.804489795918367,0.942272243144274,0.196935041071429,0.0328258797301244,0.0858908386586958,0.25
BNCI2014-004,CSPBLDA,5,2train,160,2,0.94765625,0.878518015695089,0.152797087890625,0.077016803649028,0.174219715758403,0.25
BNCI2014-004,CSPBLDA,5,3test,160,2,0.936640625,0.913393355995119,0.1546222796875,0.0644730192257395,0.15985073953824,0.25
BNCI2014-004,CSPBLDA,5,4test,160,2,0.816953125,0.931465781864649,0.197900529296875,0.0398073464380672,0.0919068171411921,0.25
BNCI2014-004,CSPBLDA,6,0train,120,2,0.872222222222222,0.891488617537348,0.202633084375,0.074601455056606,0.121968370681606,0.25
BNCI2014-004,CSPBLDA,6,1train,120,2,0.814444444444444,0.818768868934403,0.228595427604167,0.0707625351879409,0.0921671075837743,0.25
BNCI2014-004,CSPBLDA,6,2train,160,2,0.853125,0.945659554431188,0.19843211640625,0.0550195954566647,0.106587479050415,0.25
BNCI2014-004,CSPBLDA,6,3test,160,2,0.933984375,0.945862576344228,0.166738817578125,0.0780041712596434,0.161265353681518,0.25
BNCI2014-004,CSPBLDA,6,4test,160,2,0.9465625,0.915216478708158,0.162670498828125,0.0799632091814971,0.167292710353372,0.25
BNCI2014-004,CSPBLDA,7,0train,120,2,0.6625,0.875507427833601,0.239048182291667,0.0271223692835366,0.0380741869918699,0.25
BNCI2014-004,CSPBLDA,7,1train,120,2,0.60375,0.843059599727632,0.2603340734375,0.0372828191362457,0.0269487456987457,0.25
BNCI2014-004,CSPBLDA,7,2train,160,2,0.887421875,0.836375359556733,0.16128517734375,0.0372950140109142,0.126009836667164,0.25
BNCI2014-004,CSPBLDA,7,3test,160,2,0.759765625,0.790275197515899,0.2251924609375,0.0387957287996688,0.0636032678621688,0.25
BNCI2014-004,CSPBLDA,7,4test,160,2,0.84265625,0.76433835397817,0.20967822109375,0.0599235779878138,0.100245356894064,0.25
BNCI2014-004,CSPBLDA,8,0train,160,2,0.617421875,0.658487905642376,0.30789199921875,0.0906476810369318,0.0327556818181818,0.25
BNCI2014-004,CSPBLDA,8,1train,120,2,0.675,0.568708967292683,0.316187549479167,0.113647866939484,0.0474603174603175,0.25
BNCI2014-004,CSPBLDA,8,2train,160,2,0.92703125,0.388385424036882,0.267258307421875,0.173049851461731,0.155791544039856,0.25
BNCI2014-004,CSPBLDA,8,3test,160,2,0.928515625,0.392160240659726,0.25441992890625,0.171816568392084,0.167396639485834,0.25
BNCI2014-004,CSPBLDA,8,4test,160,2,0.97171875,0.401503641348087,0.15285255859375,0.106258007311699,0.203405448717949,0.25
BNCI2014-004,CSPBLDA,9,0train,120,2,0.729583333333333,0.810395810320838,0.232657125,0.0390884592602816,0.0564313342602816,0.25
BNCI2014-004,CSPBLDA,9,1train,120,2,0.671527777777778,0.902759056248319,0.230374293229167,0.0196945794244529,0.0393202861952862,0.25
BNCI2014-004,CSPBLDA,9,2train,160,2,0.911015625,0.805649688171279,0.135090103125,0.0280142102678572,0.142924107142857,0.25
BNCI2014-004,CSPBLDA,9,3test,160,2,0.943125,0.8188527696853,0.1258102421875,0.0410156450007992,0.165205402813299,0.25
BNCI2014-004,CSPBLDA,9,4test,160,2,0.8928125,0.860612567527961,0.16425309609375,0.0456487371851148,0.131395641091365,0.25
BNCI2014-004,CSPGP,1,0train,120,2,0.846944444444444,0.776584500576454,0.160892758854167,0.017139465364031,0.106246706509864,0.25
BNCI2014-004,CSPGP,1,1train,120,2,0.649861111111111,0.737541775666552,0.312697617708333,0.0954517251992829,0.0327541074909496,0.25
BNCI2014-004,CSPGP,1,2train,160,2,0.867265625,0.858963269015363,0.172359350390625,0.0386472489564841,0.116287898565859,0.25
BNCI2014-004,CSPGP,1,3test,160,2,0.900390625,0.720709282338895,0.177036437890625,0.0624509550863922,0.135414517195767,0.25
BNCI2014-004,CSPGP,1,4test,160,2,0.74625,0.763000153969678,0.22359091015625,0.0348601420504819,0.0612692318942319,0.25
BNCI2014-004,CSPGP,2,0train,120,2,0.669583333333333,0.923124170901752,0.232103539583333,0.0226000781110251,0.0404965385276918,0.25
BNCI2014-004,CSPGP,2,1train,120,2,0.551805555555556,0.969152924515553,0.251245871875,0.0124161867751536,0.0111703149001536,0.25
BNCI2014-004,CSPGP,2,2train,160,2,0.575,0.904023004430417,0.263702862109375,0.0261365337617966,0.0124336716524216,0.25
BNCI2014-004,CSPGP,2,3test,120,2,0.637222222222222,0.899353956281235,0.240220563541667,0.0228356028233726,0.032615039281706,0.25
BNCI2014-004,CSPGP,2,4test,160,2,0.604296875,0.953029682239762,0.249572644140625,0.0173901044580853,0.0178174603174603,0.25
BNCI2014-004,CSPGP,3,0train,120,2,0.623611111111111,0.984091623662722,0.240322671354167,0.018140131671627,0.0278174603174603,0.25
BNCI2014-004,CSPGP,3,1train,120,2,0.56,0.985260406918078,0.245971299479167,0.013865238873106,0.0178939393939394,0.25
BNCI2014-004,CSPGP,3,2train,160,2,0.5171875,0.980297084573946,0.25377300625,0.00929524885490712,0.00552224260490713,0.25
BNCI2014-004,CSPGP,3,3test,160,2,0.59828125,0.982589104487963,0.243566483984375,0.013307979468058,0.019741495483683,0.25
BNCI2014-004,CSPGP,3,4test,160,2,0.4925,0.98073419718603,0.2596696140625,0.0166854476912369,0.00701583362873687,0.25
BNCI2014-004,CSPGP,4,0train,120,2,0.837777777777778,0.509695111419229,0.313923797916667,0.164278333427452,0.100354535510785,0.25
BNCI2014-004,CSPGP,4,1train,140,2,0.89234693877551,0.53634188690657,0.269780125446429,0.150276878693182,0.130496753246753,0.25
BNCI2014-004,CSPGP,4,2train,160,2,0.99484375,0.53901083118463,0.099023169921875,0.075898169921875,0.226875,0.25
BNCI2014-004,CSPGP,4,3test,160,2,0.990625,0.613231622742882,0.081484990234375,0.0591635616629465,0.227678571428571,0.25
BNCI2014-004,CSPGP,4,4test,160,2,0.9746875,0.619578309947065,0.164598772265625,0.118182601630704,0.203583829365079,0.25
BNCI2014-004,CSPGP,5,0train,120,2,0.634722222222222,0.720654267223588,0.31728206875,0.092807688354567,0.025525619604567,0.25
BNCI2014-004,CSPGP,5,1train,140,2,0.821734693877551,0.861592344846746,0.199672129464286,0.0532682178996599,0.103596088435374,0.25
BNCI2014-004,CSPGP,5,2train,160,2,0.943125,0.758147466934656,0.16845490078125,0.0866518605996602,0.16819695981841,0.25
BNCI2014-004,CSPGP,5,3test,160,2,0.936328125,0.864352932468606,0.135737028125,0.0467817935712243,0.161044765446224,0.25
BNCI2014-004,CSPGP,5,4test,160,2,0.79265625,0.834978173190908,0.208309620703125,0.0390750006651441,0.0807653799620191,0.25
BNCI2014-004,CSPGP,6,0train,120,2,0.799166666666667,0.828547259901515,0.2059228640625,0.04345172409136,0.08752886002886,0.25
BNCI2014-004,CSPGP,6,1train,120,2,0.774583333333333,0.730173421625377,0.240026564583333,0.0667262050987633,0.07669964051543,0.25
BNCI2014-004,CSPGP,6,2train,160,2,0.803828125,0.891386375107243,0.198397268359375,0.0317630015844832,0.0833657332251082,0.25
BNCI2014-004,CSPGP,6,3test,160,2,0.88875,0.894065460349975,0.174137809375,0.0521531536765334,0.128015344301533,0.25
BNCI2014-004,CSPGP,6,4test,160,2,0.9259375,0.823808639114746,0.1663979703125,0.0755488541508838,0.159150883838384,0.25
BNCI2014-004,CSPGP,7,0train,120,2,0.628611111111111,0.766313348957872,0.264062519791667,0.0429910912202381,0.0289285714285714,0.25
BNCI2014-004,CSPGP,7,1train,120,2,0.58875,0.75829501390794,0.284733311458333,0.0571787479662699,0.0224454365079365,0.25
BNCI2014-004,CSPGP,7,2train,160,2,0.899375,0.67352170733504,0.13637888125,0.0232137026785714,0.136834821428571,0.25
BNCI2014-004,CSPGP,7,3test,160,2,0.744296875,0.67184669791768,0.23704193828125,0.0461445961339079,0.0591026578526579,0.25
BNCI2014-004,CSPGP,7,4test,160,2,0.84171875,0.581849909188978,0.21133691015625,0.0635347922160507,0.102197882059801,0.25
BNCI2014-004,CSPGP,8,0train,160,2,0.4540625,0.739170721689732,0.331436837890625,0.092744321168217,0.011307483277592,0.25
BNCI2014-004,CSPGP,8,1train,120,2,0.501111111111111,0.581608476466934,0.355542096354167,0.117935258747329,0.0123931623931624,0.25
BNCI2014-004,CSPGP,8,2train,160,2,0.52109375,0.507771192544392,0.343691037890625,0.137318335300817,0.0436272974101922,0.25
BNCI2014-004,CSPGP,8,3test,160,2,0.52515625,0.591448852770604,0.31288179765625,0.104852600575958,0.041970802919708,0.25
BNCI2014-004,CSPGP,8,4test,160,2,0.715859375,0.502434183389331,0.23899143203125,0.0694491250025299,0.0804576929712799,0.25
BNCI2014-004,CSPGP,9,0train,120,2,0.734027777777778,0.790297414226198,0.244651399479167,0.0538050770595684,0.0591536775804017,0.25
BNCI2014-004,CSPGP,9,1train,120,2,0.615555555555556,0.843075190300614,0.264549371354167,0.0401580314848856,0.025608660130719,0.25
BNCI2014-004,CSPGP,9,2train,160,2,0.8996875,0.856821131011742,0.15880319765625,0.0404525032118055,0.131649305555556,0.25
BNCI2014-004,CSPGP,9,3test,160,2,0.94796875,0.739953726181762,0.1150002484375,0.0365682308936404,0.17156798245614,0.25
BNCI2014-004,CSPGP,9,4test,160,2,0.91046875,0.823234521754257,0.14047452578125,0.0329422576108239,0.142467731829574,0.25
BNCI2014-004,CSPLDA,1,0train,120,2,0.882777777777778,0.887882232779618,0.16505697135626,0.0403398366391251,0.125282865282865,0.25
BNCI2014-004,CSPLDA,1,1train,120,2,0.715833333333333,0.800747381939378,0.277109160862158,0.0897813082730353,0.0626721474108769,0.25
BNCI2014-004,CSPLDA,1,2train,160,2,0.8496875,0.886737106859355,0.197260461382248,0.0522993351745186,0.10503887379227,0.25
BNCI2014-004,CSPLDA,1,3test,160,2,0.89015625,0.905793810331389,0.177109047317815,0.058362388450279,0.131253341132464,0.25
BNCI2014-004,CSPLDA,1,4test,160,2,0.76046875,0.933529101106225,0.20999838550689,0.026989519373024,0.0669911338661339,0.25
BNCI2014-004,CSPLDA,2,0train,120,2,0.710833333333333,0.974363599172469,0.227619120142011,0.0304461325259115,0.0528270123839009,0.25
BNCI2014-004,CSPLDA,2,1train,120,2,0.59,0.949795032288923,0.251610165741252,0.0246602388406671,0.0230500730994152,0.25
BNCI2014-004,CSPLDA,2,2train,160,2,0.6390625,0.897760245648296,0.256296133264013,0.0301772130661452,0.0238810798021324,0.25
BNCI2014-004,CSPLDA,2,3test,120,2,0.614444444444444,0.952188210136126,0.239561128118147,0.0152204687774878,0.0256593406593406,0.25
BNCI2014-004,CSPLDA,2,4test,160,2,0.596875,0.952370271803365,0.252181133263347,0.0195128163372178,0.0173316830738706,0.25
BNCI2014-004,CSPLDA,3,0train,120,2,0.627222222222222,0.88779720012123,0.253607813915924,0.0253670731751829,0.0217592592592593,0.25
BNCI2014-004,CSPLDA,3,1train,120,2,0.620555555555556,0.919427665044878,0.24657491688483,0.0229384174822014,0.0263635005973716,0.25
BNCI2014-004,CSPLDA,3,2train,160,2,0.5290625,0.915547984037766,0.270962560208884,0.0258814590184077,0.00491889880952381,0.25
BNCI2014-004,CSPLDA,3,3test,160,2,0.60046875,0.892388604916142,0.254748520100581,0.0263313790506126,0.0215828589500316,0.25
BNCI2014-004,CSPLDA,3,4test,160,2,0.6025,0.900790387870555,0.250933002921736,0.0248444770858702,0.0239114741641337,0.25
BNCI2014-004,CSPLDA,4,0train,120,2,0.945555555555556,0.681703395969772,0.251886942133704,0.176355196101958,0.174468253968254,0.25
BNCI2014-004,CSPLDA,4,1train,140,2,0.93265306122449,0.63750876153701,0.24471795237809,0.162797678892351,0.168079726514262,0.25
BNCI2014-004,CSPLDA,4,2train,160,2,0.999375,0.660801201662086,0.0987662498761974,0.0937662498761974,0.245,0.25
BNCI2014-004,CSPLDA,4,3test,160,2,0.99640625,0.714754652722364,0.0747091572027715,0.0607247822027715,0.236015625,0.25
BNCI2014-004,CSPLDA,4,4test,160,2,0.9834375,0.734737904948857,0.160720572830129,0.12871359696286,0.21799302413273,0.25
BNCI2014-004,CSPLDA,5,0train,120,2,0.646944444444444,0.875180302844735,0.264188110510064,0.050661743441497,0.0364736329314335,0.25
BNCI2014-004,CSPLDA,5,1train,140,2,0.803877551020408,0.95061614919252,0.199711948109927,0.0355603853869353,0.0858484372770087,0.25
BNCI2014-004,CSPLDA,5,2train,160,2,0.94875,0.889253689392188,0.158062652521513,0.0828116364564849,0.174748983934972,0.25
BNCI2014-004,CSPLDA,5,3test,160,2,0.938125,0.926802315067299,0.158486120782157,0.0715090857778133,0.163022964995657,0.25
BNCI2014-004,CSPLDA,5,4test,160,2,0.8215625,0.938229338584946,0.199704499800187,0.0428128012719995,0.0931083014718125,0.25
BNCI2014-004,CSPLDA,6,0train,120,2,0.878333333333333,0.903357626428708,0.200539582320698,0.0798004823328771,0.129260900012179,0.25
BNCI2014-004,CSPLDA,6,1train,120,2,0.816944444444444,0.836872322840436,0.224785681055135,0.0680672914200787,0.0932816103649437,0.25
BNCI2014-004,CSPLDA,6,2train,160,2,0.855625,0.951470738669009,0.198459416125581,0.0562208764789535,0.107761460353372,0.25
BNCI2014-004,CSPLDA,6,3test,160,2,0.9359375,0.950173342238184,0.169320821211301,0.083098204549927,0.163777383338626,0.25
BNCI2014-004,CSPLDA,6,4test,160,2,0.94859375,0.923312896983475,0.163604565832125,0.0801926506274466,0.166588084795322,0.25
BNCI2014-004,CSPLDA,7,0train,120,2,0.657777777777778,0.896837692756461,0.236982102143788,0.0251715317617887,0.038189429618001,0.25
BNCI2014-004,CSPLDA,7,1train,120,2,0.604444444444444,0.862899488235044,0.25711276556953,0.0330723417076771,0.0259595761381476,0.25
BNCI2014-004,CSPLDA,7,2train,160,2,0.88875,0.860285384079719,0.16283867258801,0.038011825823663,0.125173153235653,0.25
BNCI2014-004,CSPLDA,7,3test,160,2,0.7603125,0.819835255062809,0.221064576407697,0.0346071913703483,0.0635426149626517,0.25
BNCI2014-004,CSPLDA,7,4test,160,2,0.845625,0.796760045109252,0.204570436929202,0.0560876425496687,0.101517205620466,0.25
BNCI2014-004,CSPLDA,8,0train,160,2,0.6184375,0.70441141782503,0.298396532639819,0.0775885471029097,0.0291920144630908,0.25
BNCI2014-004,CSPLDA,8,1train,120,2,0.671944444444444,0.617262783479498,0.306320048829914,0.101301918811784,0.04498186998187,0.25
BNCI2014-004,CSPLDA,8,2train,160,2,0.92515625,0.43273714334285,0.260204332666227,0.165437471646041,0.155233138979815,0.25
BNCI2014-004,CSPLDA,8,3test,160,2,0.9290625,0.438199398112069,0.245967198859931,0.163326778108297,0.167359579248366,0.25
BNCI2014-004,CSPLDA,8,4test,160,2,0.9715625,0.44516759264854,0.151449756402727,0.106297512812983,0.204847756410256,0.25
BNCI2014-004,CSPLDA,9,0train,120,2,0.731666666666667,0.82788118265566,0.230776114337855,0.038257174943916,0.0574810606060606,0.25
BNCI2014-004,CSPLDA,9,1train,120,2,0.674722222222222,0.9150531190853,0.229884504703831,0.0216563301006564,0.0417718253968254,0.25
BNCI2014-004,CSPLDA,9,2train,160,2,0.91203125,0.82686764646783,0.138363553871835,0.0334066458604916,0.145043091988657,0.25
BNCI2014-004,CSPLDA,9,3test,160,2,0.9421875,0.840011405503242,0.130147280862409,0.0439968538437755,0.163849572981366,0.25
BNCI2014-004,CSPLDA,9,4test,160,2,0.89140625,0.879061709783797,0.166266950296449,0.0452161445833448,0.128949194286896,0.25
BNCI2014-004,CSPSVM,1,0train,120,2,0.845277777777778,0.782034952702302,0.162892838485854,0.0182309232811752,0.105338084795322,0.25
BNCI2014-004,CSPSVM,1,1train,120,2,0.596666666666667,0.735669254453883,0.321496649130681,0.0908364150329468,0.0193397659022659,0.25
BNCI2014-004,CSPSVM,1,2train,160,2,0.8653125,0.848594808053382,0.17851582481449,0.0432235576883415,0.114707732873851,0.25
BNCI2014-004,CSPSVM,1,3test,160,2,0.895859375,0.729851943687502,0.173706364051783,0.0570123520951511,0.133305988043368,0.25
BNCI2014-004,CSPSVM,1,4test,160,2,0.75109375,0.781242924522708,0.217042988289727,0.029031225923062,0.0619882376333354,0.25
BNCI2014-004,CSPSVM,2,0train,120,2,0.685,0.931651391956846,0.228535196915864,0.0247749948444916,0.0462397979286277,0.25
BNCI2014-004,CSPSVM,2,1train,120,2,0.568333333333333,0.955394722133098,0.250342187444309,0.0175392231897321,0.0171970357454228,0.25
BNCI2014-004,CSPSVM,2,2train,160,2,0.59953125,0.886010146691014,0.263026675061117,0.0291813947931397,0.0161547197320224,0.25
BNCI2014-004,CSPSVM,2,3test,120,2,0.628611111111111,0.908324783587698,0.242306402592772,0.0215281548901819,0.0292217522974102,0.25
BNCI2014-004,CSPSVM,2,4test,160,2,0.612734375,0.937019273742107,0.249652032133301,0.0174463802354129,0.0177943481021117,0.25
BNCI2014-004,CSPSVM,3,0train,120,2,0.655416666666667,0.947224068185189,0.234551729684622,0.020363140496033,0.0358114108114108,0.25
BNCI2014-004,CSPSVM,3,1train,120,2,0.612916666666667,0.967335813132352,0.241285246144612,0.0144798108391762,0.0231945646945647,0.25
BNCI2014-004,CSPSVM,3,2train,160,2,0.528359375,0.928734113014616,0.26507941550216,0.0235198916926365,0.00844047619047622,0.25
BNCI2014-004,CSPSVM,3,3test,160,2,0.619453125,0.943755687938922,0.24269089209591,0.018837266215733,0.0261463741198234,0.25
BNCI2014-004,CSPSVM,3,4test,160,2,0.50078125,0.936652364422973,0.270937723277886,0.0288684612391118,0.00793073796122576,0.25
BNCI2014-004,CSPSVM,4,0train,120,2,0.826944444444444,0.632070290927575,0.287567642921548,0.137018701122606,0.0994510582010582,0.25
BNCI2014-004,CSPSVM,4,1train,140,2,0.847142857142857,0.665079244421737,0.254937927130998,0.112242632346417,0.10730470521542,0.25
BNCI2014-004,CSPSVM,4,2train,160,2,0.9975,0.6356509218277,0.086870179073195,0.0705160124065284,0.233645833333333,0.25
BNCI2014-004,CSPSVM,4,3test,160,2,0.99125,0.684490928819024,0.0709279543933549,0.0543971572919056,0.233469202898551,0.25
BNCI2014-004,CSPSVM,4,4test,160,2,0.983125,0.702615869816113,0.142654625985497,0.107381808525179,0.214727182539683,0.25
BNCI2014-004,CSPSVM,5,0train,120,2,0.614444444444444,0.757170834389654,0.314846554608249,0.0889423710724863,0.0240958164642375,0.25
BNCI2014-004,CSPSVM,5,1train,140,2,0.818673469387755,0.878464614734157,0.197205594146831,0.0462116226249095,0.0990060284780782,0.25
BNCI2014-004,CSPSVM,5,2train,160,2,0.9371875,0.795881412719265,0.180249604834251,0.0968190742162201,0.166569469381969,0.25
BNCI2014-004,CSPSVM,5,3test,160,2,0.9275,0.850763309599664,0.132442850908773,0.0408814860284427,0.15843863511967,0.25
BNCI2014-004,CSPSVM,5,4test,160,2,0.81453125,0.823158078727778,0.199016391397929,0.0439074515955928,0.094891060197664,0.25
BNCI2014-004,CSPSVM,6,0train,120,2,0.822777777777778,0.868216790712444,0.193042762403593,0.0386400164567291,0.0955972540531364,0.25
BNCI2014-004,CSPSVM,6,1train,120,2,0.795833333333333,0.820348982461812,0.218733508406262,0.0474123756203461,0.078678867214084,0.25
BNCI2014-004,CSPSVM,6,2train,160,2,0.8521875,0.920214821268026,0.179465775331922,0.0334450183111654,0.103979242979243,0.25
BNCI2014-004,CSPSVM,6,3test,160,2,0.922578125,0.913195090810705,0.153256383958567,0.0515555153826981,0.148299131424131,0.25
BNCI2014-004,CSPSVM,6,4test,160,2,0.9528125,0.864463172439028,0.138440323348618,0.0665751195868624,0.178134796238245,0.25
BNCI2014-004,CSPSVM,7,0train,120,2,0.644583333333333,0.758233145366108,0.25926210892344,0.0463175283134178,0.0370554193899782,0.25
BNCI2014-004,CSPSVM,7,1train,120,2,0.595277777777778,0.747170122737117,0.287129549279376,0.0611567670885631,0.0240272178091871,0.25
BNCI2014-004,CSPSVM,7,2train,160,2,0.90328125,0.714909597644436,0.136679973822762,0.0246116993662403,0.137931725543478,0.25
BNCI2014-004,CSPSVM,7,3test,160,2,0.76359375,0.662055168194042,0.234649846216823,0.0478255015799788,0.0631756553631554,0.25
BNCI2014-004,CSPSVM,7,4test,160,2,0.854375,0.594876815483311,0.208992270146201,0.0647998740006795,0.105807603854479,0.25
BNCI2014-004,CSPSVM,8,0train,160,2,0.47296875,0.755040768175711,0.318162535516291,0.0788781740444291,0.0107156385281385,0.25
BNCI2014-004,CSPSVM,8,1train,120,2,0.415,0.673359190280835,0.346200541853531,0.106356791853531,0.01015625,0.25
BNCI2014-004,CSPSVM,8,2train,160,2,0.36703125,0.730441637112799,0.339020841055061,0.111000007721728,0.0219791666666666,0.25
BNCI2014-004,CSPSVM,8,3test,160,2,0.37921875,0.704699794755146,0.320257163839638,0.105971449553924,0.0357142857142857,0.25
BNCI2014-004,CSPSVM,8,4test,160,2,0.560625,0.713840279465044,0.24917275897527,0.0639626749416563,0.0647899159663866,0.25
BNCI2014-004,CSPSVM,9,0train,120,2,0.684722222222222,0.811791221707443,0.249986538316387,0.04606635466666,0.0460798163502727,0.25
BNCI2014-004,CSPSVM,9,1train,120,2,0.634583333333333,0.83401660786767,0.261060922950827,0.034597624811058,0.0235367018602313,0.25
BNCI2014-004,CSPSVM,9,2train,160,2,0.8978125,0.840165913543454,0.155610751840121,0.0400453295661388,0.134434577726018,0.25
BNCI2014-004,CSPSVM,9,3test,160,2,0.94625,0.763586629613973,0.118172936149766,0.034098327139495,0.165925390989729,0.25
BNCI2014-004,CSPSVM,9,4test,160,2,0.90171875,0.830621244892462,0.141530496940695,0.0260979368820112,0.134567439941317,0.25
BNCI2014-004,DCNN,1,0train,120,2,0.944444444444444,0.715631347974743,0.10963272106616,0.0284501974494263,0.168817476383266,0.25
BNCI2014-004,DCNN,1,1train,120,2,0.837777777777778,0.86368463317132,0.19513074101219,0.0550767052134729,0.109945964201283,0.25
BNCI2014-004,DCNN,1,2train,160,2,0.8571875,0.800451780203705,0.159718710484364,0.0161078712623118,0.106389160777948,0.25
BNCI2014-004,DCNN,1,3test,160,2,0.90921875,0.729397303149312,0.166236820678433,0.0545602333768453,0.138323412698413,0.25
BNCI2014-004,DCNN,1,4test,160,2,0.8153125,0.722513850405294,0.226802209503202,0.0685643622809795,0.0917621527777777,0.25
BNCI2014-004,DCNN,2,0train,120,2,0.625555555555556,0.844991596838665,0.247576636218973,0.0312614658820637,0.0336848296630905,0.25
BNCI2014-004,DCNN,2,1train,120,2,0.527222222222222,0.907199400836436,0.27142857384474,0.0336612782472559,0.0122327044025157,0.25
BNCI2014-004,DCNN,2,2train,160,2,0.63921875,0.805417181760248,0.249824227880427,0.0296394997986008,0.0298152719181739,0.25
BNCI2014-004,DCNN,2,3test,120,2,0.694444444444444,0.841676748165971,0.223340611069032,0.0168715099946673,0.0435308989256358,0.25
BNCI2014-004,DCNN,2,4test,160,2,0.58203125,0.893471058398942,0.259318217701055,0.023967288398078,0.0146490706970233,0.25
BNCI2014-004,DCNN,3,0train,120,2,0.759722222222222,0.817421895209014,0.203063176679258,0.0217528692769968,0.0686896925977386,0.25
BNCI2014-004,DCNN,3,1train,120,2,0.613333333333333,0.870914632044985,0.250620679878099,0.0245036427570055,0.0238829628789061,0.25
BNCI2014-004,DCNN,3,2train,160,2,0.52625,0.809746008705299,0.296871944509903,0.0622791414796004,0.015407196969697,0.25
BNCI2014-004,DCNN,3,3test,160,2,0.62359375,0.815366775546507,0.259261440102768,0.0327021401887232,0.0234407000859552,0.25
BNCI2014-004,DCNN,3,4test,160,2,0.58171875,0.807964516453853,0.275666613078856,0.041113626601102,0.0154470135222461,0.25
BNCI2014-004,DCNN,4,0train,120,2,0.935277777777778,0.395647031002173,0.300795796594505,0.215450756644202,0.164654960049697,0.25
BNCI2014-004,DCNN,4,1train,140,2,0.992857142857143,0.409363063401947,0.18768130561231,0.161094004025009,0.223412698412698,0.25
BNCI2014-004,DCNN,4,2train,160,2,0.99703125,0.219540222074011,0.0171724136246318,0.0112349136246318,0.2440625,0.25
BNCI2014-004,DCNN,4,3test,160,2,0.9984375,0.254385120829099,0.0213500174945099,0.0118262079707004,0.24047619047619,0.25
BNCI2014-004,DCNN,4,4test,160,2,0.9784375,0.37463875961788,0.101895156301671,0.066180784320995,0.214285628019324,0.25
BNCI2014-004,DCNN,5,0train,120,2,0.714722222222222,0.652004936367752,0.286972550184861,0.103045930356602,0.0660733801717409,0.25
BNCI2014-004,DCNN,5,1train,140,2,0.849183673469388,0.741590602838726,0.164287592974629,0.0252148965883826,0.110927303613753,0.25
BNCI2014-004,DCNN,5,2train,160,2,0.93609375,0.672967980633224,0.131279828437039,0.0400595903418007,0.158779761904762,0.25
BNCI2014-004,DCNN,5,3test,160,2,0.9121875,0.772881062815639,0.134511369426846,0.0287520109125528,0.144240641485707,0.25
BNCI2014-004,DCNN,5,4test,160,2,0.790625,0.805359948519465,0.197814516867944,0.0253818082405321,0.0775672913725886,0.25
BNCI2014-004,DCNN,6,0train,120,2,0.807777777777778,0.746909288671085,0.18855860055964,0.0295214084632375,0.0909628079035974,0.25
BNCI2014-004,DCNN,6,1train,120,2,0.888055555555556,0.743303942336957,0.172476364094926,0.0515823666492042,0.129106002554278,0.25
BNCI2014-004,DCNN,6,2train,160,2,0.8540625,0.717900642227082,0.192218196271922,0.0565734392179965,0.114355242946075,0.25
BNCI2014-004,DCNN,6,3test,160,2,0.92140625,0.768037830813548,0.127046072922023,0.0256175918636075,0.148571518941585,0.25
BNCI2014-004,DCNN,6,4test,160,2,0.90921875,0.756939560317173,0.127571540134371,0.023575308407161,0.14600376827279,0.25
BNCI2014-004,DCNN,7,0train,120,2,0.716666666666667,0.805857406750662,0.218984955301459,0.0308093531258569,0.0618243978243978,0.25
BNCI2014-004,DCNN,7,1train,120,2,0.708611111111111,0.78708519287058,0.226030832525348,0.0334383106681207,0.0574074781427723,0.25
BNCI2014-004,DCNN,7,2train,160,2,0.93875,0.641954764574004,0.110433424345395,0.0289414236989822,0.168507999353588,0.25
BNCI2014-004,DCNN,7,3test,160,2,0.82359375,0.701963876504785,0.182785054272261,0.0279640441891541,0.0951789899168932,0.25
BNCI2014-004,DCNN,7,4test,160,2,0.9096875,0.609073544009115,0.135692981857893,0.0283866531724884,0.142693671314595,0.25
BNCI2014-004,DCNN,8,0train,160,2,0.683125,0.401351372483544,0.335357649255825,0.131286130496807,0.0459284812409813,0.25
BNCI2014-004,DCNN,8,1train,120,2,0.649166666666667,0.338511101476753,0.359035135572922,0.155275214938001,0.0462400793650794,0.25
BNCI2014-004,DCNN,8,2train,160,2,0.93921875,0.187070745500483,0.194764045542311,0.111496167586933,0.166732122044622,0.25
BNCI2014-004,DCNN,8,3test,160,2,0.93515625,0.19687817763321,0.263792535703436,0.193903534229596,0.180110998526161,0.25
BNCI2014-004,DCNN,8,4test,160,2,0.9971875,0.229408271109384,0.0910661706739288,0.0760661706739288,0.235,0.25
BNCI2014-004,DCNN,9,0train,120,2,0.788333333333333,0.582228860263642,0.250957171172056,0.0849637385425942,0.0840065673705379,0.25
BNCI2014-004,DCNN,9,1train,120,2,0.720277777777778,0.673085017301475,0.229669032762257,0.0408782189221008,0.061209186159844,0.25
BNCI2014-004,DCNN,9,2train,160,2,0.91203125,0.541432892218442,0.140607037269164,0.0394830940324486,0.148876056763285,0.25
BNCI2014-004,DCNN,9,3test,160,2,0.96953125,0.549355249422787,0.082847210485393,0.0227399999875576,0.189892789502165,0.25
BNCI2014-004,DCNN,9,4test,160,2,0.9465625,0.618114450090168,0.0999010429004572,0.0216817968687111,0.171780753968254,0.25
BNCI2014-004,SCNN,1,0train,120,2,0.935,0.708979918601196,0.114337636594147,0.0275072794512897,0.163169642857143,0.25
BNCI2014-004,SCNN,1,1train,120,2,0.815833333333333,0.784134061618418,0.186812539237406,0.0261730398479063,0.0893605006105006,0.25
BNCI2014-004,SCNN,1,2train,160,2,0.7853125,0.791263828542399,0.188330912443695,0.0204642044988619,0.082133292055167,0.25
BNCI2014-004,SCNN,1,3test,160,2,0.8571875,0.744011916197376,0.174491392561065,0.0323387951584673,0.107847402597403,0.25
BNCI2014-004,SCNN,1,4test,160,2,0.84546875,0.694033826222962,0.217769416491938,0.0742633595011614,0.106493943009223,0.25
BNCI2014-004,SCNN,2,0train,120,2,0.612777777777778,0.858552906724057,0.258068870191889,0.0312678313481668,0.0231989611562782,0.25
BNCI2014-004,SCNN,2,1train,120,2,0.6,0.823724009427092,0.265836270056655,0.0432244632588018,0.0273881932021467,0.25
BNCI2014-004,SCNN,2,2train,160,2,0.65234375,0.774512638637011,0.257888705587399,0.037568373701543,0.0296796681141439,0.25
BNCI2014-004,SCNN,2,3test,120,2,0.636111111111111,0.818544686289761,0.253662704919928,0.0362822113881191,0.0326195064681907,0.25
BNCI2014-004,SCNN,2,4test,160,2,0.57359375,0.820522278472917,0.282808863499973,0.0460950718568333,0.0132862083568605,0.25
BNCI2014-004,SCNN,3,0train,120,2,0.736111111111111,0.698914513439,0.247024699228683,0.0637651206846216,0.0667404214559387,0.25
BNCI2014-004,SCNN,3,1train,120,2,0.571666666666667,0.700803881314415,0.315646024256776,0.0795667532862008,0.0139207290294247,0.25
BNCI2014-004,SCNN,3,2train,160,2,0.6134375,0.737771937545423,0.286492989586924,0.0659572753012097,0.0294642857142857,0.25
BNCI2014-004,SCNN,3,3test,160,2,0.5884375,0.781169065798892,0.282007292789725,0.054713928382597,0.0227066355928716,0.25
BNCI2014-004,SCNN,3,4test,160,2,0.56875,0.747568218025768,0.30133561857216,0.064731819789706,0.0133962012175456,0.25
BNCI2014-004,SCNN,4,0train,120,2,0.925833333333333,0.312885127339107,0.331641214026383,0.233044240824147,0.151403026797764,0.25
BNCI2014-004,SCNN,4,1train,140,2,0.976326530612245,0.365230716011884,0.234715685252544,0.186130629755046,0.201414944502502,0.25
BNCI2014-004,SCNN,4,2train,160,2,0.994375,0.223425046857913,0.0333922175319474,0.0179904318176617,0.234598214285714,0.25
BNCI2014-004,SCNN,4,3test,160,2,0.99828125,0.232733150918305,0.0242032123782833,0.0154532123782833,0.24125,0.25
BNCI2014-004,SCNN,4,4test,160,2,0.979375,0.381087094739693,0.124155228534728,0.0870878818592158,0.212932653324488,0.25
BNCI2014-004,SCNN,5,0train,120,2,0.750277777777778,0.569306095645418,0.310962275626564,0.127360632024921,0.0663983563983564,0.25
BNCI2014-004,SCNN,5,1train,140,2,0.820204081632653,0.703963998867246,0.18534038213103,0.034358167385228,0.0990177852541984,0.25
BNCI2014-004,SCNN,5,2train,160,2,0.92109375,0.599802826306599,0.148671362133365,0.0424883264190792,0.143816964285714,0.25
BNCI2014-004,SCNN,5,3test,160,2,0.928125,0.667091860619107,0.115916105871044,0.0208689402743424,0.154952834403299,0.25
BNCI2014-004,SCNN,5,4test,160,2,0.7703125,0.693502959168601,0.224277673723963,0.042426760732175,0.0681490870082117,0.25
BNCI2014-004,SCNN,6,0train,120,2,0.831666666666667,0.697745896794647,0.186727487294891,0.0334022939696972,0.0966748066748067,0.25
BNCI2014-004,SCNN,6,1train,120,2,0.903611111111111,0.611138616074808,0.190232398588506,0.0809880804066883,0.140755681818182,0.25
BNCI2014-004,SCNN,6,2train,160,2,0.79734375,0.64070454200061,0.244513037544481,0.0722774606214042,0.0777644230769231,0.25
BNCI2014-004,SCNN,6,3test,160,2,0.90046875,0.718397981637153,0.133584387483089,0.0201001971238984,0.13651580964081,0.25
BNCI2014-004,SCNN,6,4test,160,2,0.90078125,0.72774475466662,0.134098631798119,0.028228980615968,0.144130348817849,0.25
BNCI2014-004,SCNN,7,0train,120,2,0.716666666666667,0.678330857834506,0.230991584284665,0.0401563400347869,0.0591647557501216,0.25
BNCI2014-004,SCNN,7,1train,120,2,0.797777777777778,0.689426775486539,0.185606876471804,0.0175884408366809,0.0819815643648764,0.25
BNCI2014-004,SCNN,7,2train,160,2,0.94234375,0.490841218226904,0.100196417137551,0.0171813072474413,0.16698489010989,0.25
BNCI2014-004,SCNN,7,3test,160,2,0.825,0.541713925349611,0.202479428388235,0.0484388030801412,0.0959593746919058,0.25
BNCI2014-004,SCNN,7,4test,160,2,0.88234375,0.524400293374489,0.139511971432602,0.0209486337286398,0.131436662296037,0.25
BNCI2014-004,SCNN,8,0train,160,2,0.6553125,0.525359444774342,0.307037623112786,0.085960653972857,0.0289230308600713,0.25
BNCI2014-004,SCNN,8,1train,120,2,0.719722222222222,0.49912249829098,0.292845254721221,0.105645880021846,0.0628006253006253,0.25
BNCI2014-004,SCNN,8,2train,160,2,0.9421875,0.251063246700153,0.182234436398135,0.100106086066067,0.167871649667932,0.25
BNCI2014-004,SCNN,8,3test,160,2,0.93640625,0.259337413610853,0.253263035112314,0.17680508770757,0.173542052595256,0.25
BNCI2014-004,SCNN,8,4test,160,2,0.9971875,0.254405869810327,0.0821861045405821,0.0717694378739154,0.239583333333333,0.25
BNCI2014-004,SCNN,9,0train,120,2,0.798888888888889,0.476371292264303,0.253061411432051,0.0867419669876067,0.0836805555555555,0.25
BNCI2014-004,SCNN,9,1train,120,2,0.698333333333333,0.518297212257338,0.262551459512477,0.0642791474429947,0.0517276879305181,0.25
BNCI2014-004,SCNN,9,2train,160,2,0.93609375,0.411225552175119,0.133098591325755,0.0462958121422193,0.163197220816464,0.25
BNCI2014-004,SCNN,9,3test,160,2,0.975,0.384902837779923,0.0776838893303989,0.0259477782192877,0.198263888888889,0.25
BNCI2014-004,SCNN,9,4test,160,2,0.95875,0.455261076561029,0.0849490499429819,0.0174373162265068,0.182488266283525,0.25
BNCI2014-004,TSBLR,1,0train,120,2,0.877222222222222,0.869695218072776,0.166191294270833,0.0410994224081281,0.124908128137295,0.25
BNCI2014-004,TSBLR,1,1train,120,2,0.702916666666667,0.723398095572809,0.3039105828125,0.112534701319552,0.0586241185070519,0.25
BNCI2014-004,TSBLR,1,2train,160,2,0.839140625,0.8525705632805,0.20396299765625,0.0513966404023928,0.0974336427461428,0.25
BNCI2014-004,TSBLR,1,3test,160,2,0.880390625,0.896189372325224,0.175824955859375,0.0495575202969699,0.123732564437595,0.25
BNCI2014-004,TSBLR,1,4test,160,2,0.760234375,0.929613502775312,0.2062141734375,0.023422421532376,0.067208248094876,0.25
BNCI2014-004,TSBLR,2,0train,120,2,0.69,0.961978271265062,0.23263415625,0.0335298153173008,0.0508956590673008,0.25
BNCI2014-004,TSBLR,2,1train,120,2,0.531388888888889,0.931166318009239,0.266929652083333,0.0275007398420833,0.0105710877587499,0.25
BNCI2014-004,TSBLR,2,2train,160,2,0.615234375,0.819861350003532,0.286184758203125,0.0600901496866415,0.0239053914835165,0.25
BNCI2014-004,TSBLR,2,3test,120,2,0.648611111111111,0.944337916135746,0.234182216145833,0.0172975641547983,0.033115348008965,0.25
BNCI2014-004,TSBLR,2,4test,160,2,0.575859375,0.905160466449425,0.272908868359375,0.0368197649808694,0.0139108966214944,0.25
BNCI2014-004,TSBLR,3,0train,120,2,0.632222222222222,0.871956720589354,0.2552461203125,0.031366241468853,0.026120121156353,0.25
BNCI2014-004,TSBLR,3,1train,120,2,0.63,0.909274848331383,0.244498078645833,0.0246714013820852,0.0301733227362518,0.25
BNCI2014-004,TSBLR,3,2train,160,2,0.53734375,0.903521327545147,0.2713350828125,0.0272103694499818,0.00587528663748177,0.25
BNCI2014-004,TSBLR,3,3test,160,2,0.599140625,0.876605282325041,0.257726551171875,0.0266695722208743,0.0189430210489993,0.25
BNCI2014-004,TSBLR,3,4test,160,2,0.602265625,0.891079916861166,0.252362208203125,0.0288314681098849,0.0264692599067599,0.25
BNCI2014-004,TSBLR,4,0train,120,2,0.926527777777778,0.688488532816689,0.245209036979167,0.148291047561177,0.153082010582011,0.25
BNCI2014-004,TSBLR,4,1train,140,2,0.932142857142857,0.634062221845856,0.243433671875,0.159015203438674,0.165581531563674,0.25
BNCI2014-004,TSBLR,4,2train,160,2,0.999296875,0.657904517783302,0.0920006328125,0.0867922994791667,0.244791666666667,0.25
BNCI2014-004,TSBLR,4,3test,160,2,0.99765625,0.715175732769734,0.06974384453125,0.0555325350074405,0.23578869047619,0.25
BNCI2014-004,TSBLR,4,4test,160,2,0.984296875,0.732769990978486,0.155924216015625,0.124933386669533,0.219009170653907,0.25
BNCI2014-004,TSBLR,5,0train,120,2,0.661666666666667,0.861386754376021,0.2635386671875,0.053265021115799,0.039726353928299,0.25
BNCI2014-004,TSBLR,5,1train,140,2,0.818265306122449,0.944447997687035,0.195204395982143,0.0390451123841115,0.0938407164019687,0.25
BNCI2014-004,TSBLR,5,2train,160,2,0.95703125,0.879243093398413,0.146089243359375,0.0770573637806204,0.180968120421245,0.25
BNCI2014-004,TSBLR,5,3test,160,2,0.944140625,0.907397018242011,0.150137991015625,0.0661600320784269,0.166022041062802,0.25
BNCI2014-004,TSBLR,5,4test,160,2,0.836015625,0.931931290872124,0.191916054296875,0.0408699437760076,0.0989538894791326,0.25
BNCI2014-004,TSBLR,6,0train,120,2,0.827083333333333,0.848982076887246,0.230767741666667,0.0830534801490516,0.102285738482385,0.25
BNCI2014-004,TSBLR,6,1train,120,2,0.746805555555556,0.721090542953246,0.285479959375,0.0950216574644922,0.0595416980894922,0.25
BNCI2014-004,TSBLR,6,2train,160,2,0.7753125,0.913716500775655,0.22487630078125,0.0496248283153379,0.0747485275340879,0.25
BNCI2014-004,TSBLR,6,3test,160,2,0.88359375,0.939946687770729,0.183010398828125,0.0572242839013851,0.12421388507326,0.25
BNCI2014-004,TSBLR,6,4test,160,2,0.917890625,0.880714426566351,0.18579441171875,0.0811805649174032,0.145386153198653,0.25
BNCI2014-004,TSBLR,7,0train,120,2,0.658055555555556,0.881365339728881,0.240118424479167,0.027028855318169,0.0369104308390023,0.25
BNCI2014-004,TSBLR,7,1train,120,2,0.603888888888889,0.849054957315057,0.258928984895833,0.0354738192038255,0.0265448343079922,0.25
BNCI2014-004,TSBLR,7,2train,160,2,0.88484375,0.848321483959489,0.162994073046875,0.0394145275923295,0.126420454545455,0.25
BNCI2014-004,TSBLR,7,3test,160,2,0.758671875,0.797536874140687,0.225159155859375,0.0378316685318877,0.0626725126725127,0.25
BNCI2014-004,TSBLR,7,4test,160,2,0.84125,0.771868199598819,0.20856369296875,0.0587130005325312,0.100149307563781,0.25
BNCI2014-004,TSBLR,8,0train,160,2,0.61515625,0.695008425772066,0.298352212109375,0.0778492359188988,0.0294970238095238,0.25
BNCI2014-004,TSBLR,8,1train,120,2,0.660138888888889,0.596277194743299,0.3149874875,0.106031634325397,0.0410441468253968,0.25
BNCI2014-004,TSBLR,8,2train,160,2,0.923515625,0.414308138648515,0.265249971875,0.171739059176587,0.156489087301587,0.25
BNCI2014-004,TSBLR,8,3test,160,2,0.930625,0.417006978883391,0.25512166171875,0.170879731773695,0.165758070054945,0.25
BNCI2014-004,TSBLR,8,4test,160,2,0.97234375,0.425847035438962,0.15559006640625,0.112989281774215,0.207399215367965,0.25
BNCI2014-004,TSBLR,9,0train,120,2,0.736527777777778,0.811070252250482,0.231646346354167,0.0417250688013102,0.0600787224471435,0.25
BNCI2014-004,TSBLR,9,1train,120,2,0.679027777777778,0.909083322325248,0.228796529166667,0.0195381337732138,0.0407416046065471,0.25
BNCI2014-004,TSBLR,9,2train,160,2,0.9115625,0.814487775803083,0.136239771875,0.0289219435339861,0.142682171658986,0.25
BNCI2014-004,TSBLR,9,3test,160,2,0.94984375,0.831458122343354,0.124088938671875,0.0437359729241725,0.169647034252297,0.25
BNCI2014-004,TSBLR,9,4test,160,2,0.8890625,0.872952942617942,0.16605936953125,0.0435710332147887,0.127511663683539,0.25
BNCI2014-004,TSGP,1,0train,120,2,0.875972222222222,0.865161440980107,0.164601009375,0.0374282556581286,0.122827246283129,0.25
BNCI2014-004,TSGP,1,1train,120,2,0.705972222222222,0.718847069144513,0.305151060416667,0.112737428297152,0.0575863678804855,0.25
BNCI2014-004,TSGP,1,2train,160,2,0.834609375,0.849868583688988,0.20405875,0.050556314935065,0.096497564935065,0.25
BNCI2014-004,TSGP,1,3test,160,2,0.883203125,0.890449611626283,0.174989999609375,0.0501212474376337,0.125131247828259,0.25
BNCI2014-004,TSGP,1,4test,160,2,0.7571875,0.926289627745401,0.206677155078125,0.0235971230200119,0.0669199679418869,0.25
BNCI2014-004,TSGP,2,0train,120,2,0.6925,0.962539041653141,0.231457097395833,0.0394486967401724,0.0579915993443391,0.25
BNCI2014-004,TSGP,2,1train,120,2,0.535694444444444,0.931497469672879,0.266303936458333,0.0293523081058429,0.0130483716475096,0.25
BNCI2014-004,TSGP,2,2train,160,2,0.615703125,0.819411717364904,0.28656102890625,0.0554949528961969,0.0189339239899469,0.25
BNCI2014-004,TSGP,2,3test,120,2,0.648888888888889,0.943966532325429,0.2333641625,0.0197023459215168,0.0363381834215168,0.25
BNCI2014-004,TSGP,2,4test,160,2,0.57078125,0.905846496092381,0.272721008203125,0.0350596051985269,0.0123385969954019,0.25
BNCI2014-004,TSGP,3,0train,120,2,0.635416666666667,0.865769073524786,0.256414265625,0.0314533469140812,0.0250390812890813,0.25
BNCI2014-004,TSGP,3,1train,120,2,0.627083333333333,0.904743798248239,0.2453349484375,0.0242644624101174,0.0289295139726174,0.25
BNCI2014-004,TSGP,3,2train,160,2,0.539375,0.898400083392807,0.272354415234375,0.0279788428900526,0.00562442765567767,0.25
BNCI2014-004,TSGP,3,3test,160,2,0.59765625,0.872455959362458,0.258600724609375,0.0289907844584512,0.0203900598490762,0.25
BNCI2014-004,TSGP,3,4test,160,2,0.604140625,0.884578303145091,0.253295847265625,0.0291427162191116,0.0258468689534866,0.25
BNCI2014-004,TSGP,4,0train,120,2,0.936388888888889,0.675247817194898,0.248284970833333,0.160499360975355,0.162214390142022,0.25
BNCI2014-004,TSGP,4,1train,140,2,0.931836734693878,0.620128757352769,0.248122576785714,0.16460663194624,0.166484055160526,0.25
BNCI2014-004,TSGP,4,2train,160,2,0.9996875,0.645656103663225,0.092112323828125,0.0879456571614583,0.245833333333333,0.25
BNCI2014-004,TSGP,4,3test,160,2,0.9978125,0.70479219172593,0.068629460546875,0.054566960546875,0.2359375,0.25
BNCI2014-004,TSGP,4,4test,160,2,0.98296875,0.722183075817183,0.158908589453125,0.126738676033212,0.217830086580087,0.25
BNCI2014-004,TSGP,5,0train,120,2,0.663055555555556,0.861118457100559,0.2625244671875,0.0529566018331896,0.0404321346456896,0.25
BNCI2014-004,TSGP,5,1train,140,2,0.822857142857143,0.943111698132288,0.194614708928571,0.0376088223031196,0.0929941133745482,0.25
BNCI2014-004,TSGP,5,2train,160,2,0.957421875,0.8764587865451,0.143711317578125,0.0756739122750947,0.18196259469697,0.25
BNCI2014-004,TSGP,5,3test,160,2,0.94390625,0.903181244505134,0.149182754296875,0.066457227135864,0.167274472838989,0.25
BNCI2014-004,TSGP,5,4test,160,2,0.835078125,0.930573329632579,0.19196086796875,0.0442408711862532,0.102280003217503,0.25
BNCI2014-004,TSGP,6,0train,120,2,0.825,0.841256085149578,0.2330103890625,0.0867504684275794,0.103740079365079,0.25
BNCI2014-004,TSGP,6,1train,120,2,0.743611111111111,0.710699948366282,0.289566683854167,0.0987756210522343,0.0592089371980676,0.25
BNCI2014-004,TSGP,6,2train,160,2,0.76703125,0.908431260099151,0.227208896875,0.0500059842809094,0.0727970874059094,0.25
BNCI2014-004,TSGP,6,3test,160,2,0.875546875,0.93562823957365,0.183508444921875,0.0583922009605223,0.124883756038647,0.25
BNCI2014-004,TSGP,6,4test,160,2,0.91953125,0.874701654838112,0.18653174921875,0.0816970571897645,0.145165307971015,0.25
BNCI2014-004,TSGP,7,0train,120,2,0.661527777777778,0.874874523534182,0.2400613359375,0.0282560050000936,0.0381946690625936,0.25
BNCI2014-004,TSGP,7,1train,120,2,0.602083333333333,0.843143910075476,0.260902938541667,0.0374147654946701,0.0265118269530034,0.25
BNCI2014-004,TSGP,7,2train,160,2,0.88328125,0.84317168395233,0.163554630078125,0.0393024294278981,0.125747799349773,0.25
BNCI2014-004,TSGP,7,3test,160,2,0.759921875,0.787385158781049,0.2254983,0.0389785193315124,0.0634802193315124,0.25
BNCI2014-004,TSGP,7,4test,160,2,0.84140625,0.760464584520173,0.211629394140625,0.0637968220499007,0.102167427909276,0.25
BNCI2014-004,TSGP,8,0train,160,2,0.614453125,0.685204431830022,0.300598123046875,0.0809886821831509,0.0303905591362759,0.25
BNCI2014-004,TSGP,8,1train,120,2,0.660138888888889,0.590714583542894,0.317354569270833,0.109484860276124,0.042130291005291,0.25
BNCI2014-004,TSGP,8,2train,160,2,0.923671875,0.408134681998751,0.26646683125,0.169944082458045,0.153477251208045,0.25
BNCI2014-004,TSGP,8,3test,160,2,0.92921875,0.408981992772311,0.25756935,0.173294743028025,0.165725393028025,0.25
BNCI2014-004,TSGP,8,4test,160,2,0.97265625,0.419954203327033,0.155581430078125,0.11126063062013,0.205679200542005,0.25
BNCI2014-004,TSGP,9,0train,120,2,0.738333333333333,0.810394897140888,0.2306688671875,0.0404757151858374,0.0598068479983374,0.25
BNCI2014-004,TSGP,9,1train,120,2,0.679583333333333,0.907173228911017,0.2277546046875,0.0197376681781874,0.0419830634906874,0.25
BNCI2014-004,TSGP,9,2train,160,2,0.913046875,0.808049162284393,0.1345210765625,0.0271754287892206,0.142654352226721,0.25
BNCI2014-004,TSGP,9,3test,160,2,0.95046875,0.824848609565498,0.12251693671875,0.0406158950520834,0.168098958333333,0.25
BNCI2014-004,TSGP,9,4test,160,2,0.887578125,0.867228682950167,0.16565833359375,0.0402140526591673,0.124555719065417,0.25
BNCI2014-004,TSLR,1,0train,120,2,0.876666666666667,0.863409801585487,0.165330674469052,0.0406481347865125,0.12531746031746,0.25
BNCI2014-004,TSLR,1,1train,120,2,0.704166666666667,0.712985817424306,0.307166322348085,0.115279042960806,0.0581127206127206,0.25
BNCI2014-004,TSLR,1,2train,160,2,0.83765625,0.846620313971472,0.20502428479927,0.0529936400054672,0.0979693552061973,0.25
BNCI2014-004,TSLR,1,3test,160,2,0.8834375,0.891608988670606,0.174518216961556,0.0515646874945537,0.127046470532998,0.25
BNCI2014-004,TSLR,1,4test,160,2,0.75921875,0.927011483374581,0.206255825488282,0.0234259757209324,0.0671701502326502,0.25
BNCI2014-004,TSLR,2,0train,120,2,0.687222222222222,0.960847470742577,0.23272804337405,0.038676955572962,0.0559489121989122,0.25
BNCI2014-004,TSLR,2,1train,120,2,0.530555555555556,0.92913696836525,0.267250506534613,0.028909379133197,0.0116588725985844,0.25
BNCI2014-004,TSLR,2,2train,160,2,0.6171875,0.814748723874701,0.287769445252252,0.0573110471594727,0.0195416019072206,0.25
BNCI2014-004,TSLR,2,3test,120,2,0.653055555555556,0.943029444429805,0.23339563871922,0.0196587506073317,0.0362631118881119,0.25
BNCI2014-004,TSLR,2,4test,160,2,0.5715625,0.902383049760276,0.273882180886949,0.0357400427940635,0.0118578619071146,0.25
BNCI2014-004,TSLR,3,0train,120,2,0.632777777777778,0.866906572070586,0.25604009705563,0.0290088875244204,0.0229687904687905,0.25
BNCI2014-004,TSLR,3,1train,120,2,0.628611111111111,0.904263385475837,0.244801996601933,0.0242069842622315,0.0294049876602984,0.25
BNCI2014-004,TSLR,3,2train,160,2,0.53625,0.898920640593856,0.272755238670698,0.0291457792200488,0.00639054054935098,0.25
BNCI2014-004,TSLR,3,3test,160,2,0.59859375,0.87033761821576,0.259249585194034,0.0289795880853884,0.0197300028913543,0.25
BNCI2014-004,TSLR,3,4test,160,2,0.6034375,0.885358296911152,0.253636603316174,0.0296763209183912,0.0260397176022176,0.25
BNCI2014-004,TSLR,4,0train,120,2,0.9325,0.679240664504548,0.246710938561977,0.155542084268123,0.158831145706146,0.25
BNCI2014-004,TSLR,4,1train,140,2,0.933061224489796,0.623908963515465,0.245004753976911,0.162753671725828,0.167748917748918,0.25
BNCI2014-004,TSLR,4,2train,160,2,0.9996875,0.646909281086958,0.0909633123538022,0.0867966456871355,0.245833333333333,0.25
BNCI2014-004,TSLR,4,3test,160,2,0.99765625,0.704449695230011,0.0678861553763214,0.0536748458525119,0.23578869047619,0.25
BNCI2014-004,TSLR,4,4test,160,2,0.9834375,0.722933640332528,0.156653254003075,0.124917142891964,0.218263888888889,0.25
BNCI2014-004,TSLR,5,0train,120,2,0.654444444444444,0.857538807152139,0.264380324107748,0.0560933243763487,0.0417130002686006,0.25
BNCI2014-004,TSLR,5,1train,140,2,0.822857142857143,0.943484223062058,0.194173172834511,0.0396941085117975,0.0955209356772861,0.25
BNCI2014-004,TSLR,5,2train,160,2,0.95875,0.875240051714845,0.143951712027423,0.0776227469736594,0.183671034946237,0.25
BNCI2014-004,TSLR,5,3test,160,2,0.9434375,0.903196385289132,0.148951856920064,0.0645604774661846,0.165608620546121,0.25
BNCI2014-004,TSLR,5,4test,160,2,0.83765625,0.92996600999797,0.191694806462649,0.0430385564626485,0.10134375,0.25
BNCI2014-004,TSLR,6,0train,120,2,0.826388888888889,0.84404198644445,0.231082962424069,0.0824856671373904,0.101402704713322,0.25
BNCI2014-004,TSLR,6,1train,120,2,0.746388888888889,0.712244585756477,0.288332135873144,0.0985766866440107,0.0602445507708665,0.25
BNCI2014-004,TSLR,6,2train,160,2,0.77171875,0.910139406436575,0.225518697198404,0.050812790073984,0.0752940928755805,0.25
BNCI2014-004,TSLR,6,3test,160,2,0.87984375,0.937714580427162,0.182632353783739,0.0599579333576737,0.127325579573935,0.25
BNCI2014-004,TSLR,6,4test,160,2,0.92171875,0.875645201366151,0.185444453457989,0.0820258216511996,0.14658136819321,0.25
BNCI2014-004,TSLR,7,0train,120,2,0.657777777777778,0.875861230425439,0.240200349450849,0.0268835075625783,0.0366831581117295,0.25
BNCI2014-004,TSLR,7,1train,120,2,0.605833333333333,0.841477532725866,0.260236914216261,0.0393968195577078,0.0291599053414469,0.25
BNCI2014-004,TSLR,7,2train,160,2,0.8828125,0.842407903214883,0.162715428655607,0.0384348250000029,0.125719396344396,0.25
BNCI2014-004,TSLR,7,3test,160,2,0.75875,0.788998364681678,0.225198328239287,0.0398541353950943,0.0646558071558072,0.25
BNCI2014-004,TSLR,7,4test,160,2,0.84375,0.763972271915316,0.209132029851925,0.0607192193329806,0.101587189481056,0.25
BNCI2014-004,TSLR,8,0train,160,2,0.61546875,0.685868077939183,0.30029637994344,0.0808193531966472,0.0305229732532077,0.25
BNCI2014-004,TSLR,8,1train,120,2,0.661388888888889,0.587152876313522,0.317807587066476,0.108552168873558,0.0407445818070818,0.25
BNCI2014-004,TSLR,8,2train,160,2,0.92453125,0.406148611095262,0.2668026876341,0.173916152959501,0.157113465325401,0.25
BNCI2014-004,TSLR,8,3test,160,2,0.930625,0.407544169502394,0.257612666614752,0.174349737074249,0.166737070459497,0.25
BNCI2014-004,TSLR,8,4test,160,2,0.97234375,0.419695676281783,0.15602503665064,0.110645572364926,0.204620535714286,0.25
BNCI2014-004,TSLR,9,0train,120,2,0.736944444444444,0.805213712752321,0.232629309975123,0.0406299204757332,0.0580006105006105,0.25
BNCI2014-004,TSLR,9,1train,120,2,0.675833333333333,0.905401218527854,0.22895353441908,0.0196460574757339,0.0406925230566535,0.25
BNCI2014-004,TSLR,9,2train,160,2,0.91296875,0.807622587471505,0.134843399437294,0.028944454632099,0.144101055194805,0.25
BNCI2014-004,TSLR,9,3test,160,2,0.949375,0.824694010411832,0.122752073619189,0.0425471743517903,0.169795100732601,0.25
BNCI2014-004,TSLR,9,4test,160,2,0.89140625,0.868234812260298,0.164479881615556,0.04296956033961,0.128489678724054,0.25
BNCI2014-004,TSSVM,1,0train,120,2,0.876944444444444,0.864717615300031,0.163282742414933,0.0378065519387425,0.12452380952381,0.25
BNCI2014-004,TSSVM,1,1train,120,2,0.705,0.725782124607462,0.302369202643697,0.113202300705056,0.0608330980613589,0.25
BNCI2014-004,TSSVM,1,2train,160,2,0.8440625,0.853145468376275,0.200380469155901,0.0516366594310545,0.101256190275153,0.25
BNCI2014-004,TSSVM,1,3test,160,2,0.88828125,0.888920093187686,0.17433073343418,0.0530335055356057,0.128702772101426,0.25
BNCI2014-004,TSSVM,1,4test,160,2,0.76234375,0.926483240227589,0.205868527754729,0.0254486438192204,0.069580116064491,0.25
BNCI2014-004,TSSVM,2,0train,120,2,0.678611111111111,0.958552078810773,0.235449622020108,0.0405778271483135,0.0551282051282052,0.25
BNCI2014-004,TSSVM,2,1train,120,2,0.518611111111111,0.9268511127309,0.270704818852817,0.0295414898261157,0.00883667097329888,0.25
BNCI2014-004,TSSVM,2,2train,160,2,0.6121875,0.80140205952076,0.293047485544588,0.0630568880641576,0.0200094025195695,0.25
BNCI2014-004,TSSVM,2,3test,120,2,0.658888888888889,0.941437265372264,0.233427998601204,0.0204718627418428,0.0370438641406384,0.25
BNCI2014-004,TSSVM,2,4test,160,2,0.56984375,0.893773922549817,0.277337425932875,0.0406505369877032,0.0133131110548286,0.25
BNCI2014-004,TSSVM,3,0train,120,2,0.629722222222222,0.877402339078583,0.254571275674219,0.0305687015584487,0.0259974258842293,0.25
BNCI2014-004,TSSVM,3,1train,120,2,0.63,0.910135250992358,0.243147867330868,0.025771789744661,0.0326239224137931,0.25
BNCI2014-004,TSSVM,3,2train,160,2,0.534453125,0.905221399744658,0.271458359860048,0.0260243320822707,0.00456597222222221,0.25
BNCI2014-004,TSSVM,3,3test,160,2,0.602109375,0.873659615944765,0.257655726237936,0.0256552537298113,0.0179995274918753,0.25
BNCI2014-004,TSSVM,3,4test,160,2,0.60765625,0.892581251775657,0.24999998166686,0.0255420125526409,0.0255420308857809,0.25
BNCI2014-004,TSSVM,4,0train,120,2,0.9225,0.662829231279849,0.257677040005546,0.161731156778961,0.154054116773415,0.25
BNCI2014-004,TSSVM,4,1train,140,2,0.931428571428571,0.618570428049488,0.251049499266457,0.16853543115331,0.167485931886854,0.25
BNCI2014-004,TSSVM,4,2train,160,2,0.99953125,0.65340491711499,0.0937767828572923,0.0890892828572923,0.2453125,0.25
BNCI2014-004,TSSVM,4,3test,160,2,0.9975,0.7110854323404,0.0721140494827691,0.0563402399589596,0.23422619047619,0.25
BNCI2014-004,TSSVM,4,4test,160,2,0.98234375,0.727912808472841,0.157656484347018,0.125673787568841,0.218017303221823,0.25
BNCI2014-004,TSSVM,5,0train,120,2,0.664722222222222,0.846038771736117,0.268916274165142,0.0612381647982279,0.0423218906330861,0.25
BNCI2014-004,TSSVM,5,1train,140,2,0.825918367346939,0.947056068240035,0.194575314830947,0.0402435586241912,0.0956682437932438,0.25
BNCI2014-004,TSSVM,5,2train,160,2,0.96,0.87343062161614,0.147735549954312,0.0844400594707288,0.186704509516417,0.25
BNCI2014-004,TSSVM,5,3test,160,2,0.94484375,0.909411319137729,0.147731541083089,0.0658174785830885,0.1680859375,0.25
BNCI2014-004,TSSVM,5,4test,160,2,0.834453125,0.927505727808219,0.193834084631006,0.0452761927703128,0.101442108139306,0.25
BNCI2014-004,TSSVM,6,0train,120,2,0.810833333333333,0.841229575271076,0.236053843513489,0.0788017067613525,0.0927478632478632,0.25
BNCI2014-004,TSSVM,6,1train,120,2,0.721388888888889,0.69611973179909,0.300116757774985,0.0988775493289689,0.0487607915539838,0.25
BNCI2014-004,TSSVM,6,2train,160,2,0.74421875,0.902910602171686,0.232517987935791,0.0459276338454368,0.0634096459096459,0.25
BNCI2014-004,TSSVM,6,3test,160,2,0.8628125,0.936428000625434,0.189055445293276,0.0540367391431046,0.114981293849828,0.25
BNCI2014-004,TSSVM,6,4test,160,2,0.90328125,0.871502426393106,0.19322648438633,0.08377335938633,0.140546875,0.25
BNCI2014-004,TSSVM,7,0train,120,2,0.655833333333333,0.886744682843452,0.237213138456531,0.0243459213942673,0.0371327829377365,0.25
BNCI2014-004,TSSVM,7,1train,120,2,0.60375,0.83703433519374,0.262018623970968,0.0395594000219309,0.0275407760509628,0.25
BNCI2014-004,TSSVM,7,2train,160,2,0.8815625,0.849216121391319,0.160111991481522,0.0352416025046754,0.125129611023153,0.25
BNCI2014-004,TSSVM,7,3test,160,2,0.75796875,0.800789526712997,0.219886030474827,0.0349666081201801,0.0650805776453526,0.25
BNCI2014-004,TSSVM,7,4test,160,2,0.84625,0.776788930354962,0.202614979823971,0.0569507150826276,0.104335735258656,0.25
BNCI2014-004,TSSVM,8,0train,160,2,0.61859375,0.672026036335422,0.305216296424674,0.0861036200326068,0.0308873236079329,0.25
BNCI2014-004,TSSVM,8,1train,120,2,0.653611111111111,0.567963315292727,0.327927168858913,0.11824219856253,0.0403150297036166,0.25
BNCI2014-004,TSSVM,8,2train,160,2,0.91953125,0.394880504101997,0.277197218001122,0.181465157815937,0.154267939814815,0.25
BNCI2014-004,TSSVM,8,3test,160,2,0.92921875,0.39515278602119,0.268654241441545,0.18299069886527,0.164336457423725,0.25
BNCI2014-004,TSSVM,8,4test,160,2,0.97265625,0.416162763502091,0.163774421691529,0.119747973903112,0.205973552211582,0.25
BNCI2014-004,TSSVM,9,0train,120,2,0.733333333333333,0.809066324718062,0.232253929317751,0.0411948312520741,0.058940901934323,0.25
BNCI2014-004,TSSVM,9,1train,120,2,0.676111111111111,0.907490221802552,0.229055965410532,0.0199505732536697,0.0408946078431373,0.25
BNCI2014-004,TSSVM,9,2train,160,2,0.910390625,0.807773695746548,0.136150140047311,0.0283410814158842,0.142190941368573,0.25
BNCI2014-004,TSSVM,9,3test,160,2,0.950625,0.827671467442161,0.122938869818581,0.0438930822727932,0.170954212454212,0.25
BNCI2014-004,TSSVM,9,4test,160,2,0.888359375,0.873331005273625,0.165672136096363,0.0433346992276765,0.127662563131313,0.25
Brandl2020,BDCNN,1,0,504,2,0.580026455026455,0.676949897652258,0.308054805803571,0.0666242753897461,0.00856946958617466,0.25
Brandl2020,BDCNN,10,0,504,2,0.88915658856135,0.340619682485152,0.140734001612103,0.0153454388428984,0.124611437230795,0.25
Brandl2020,BDCNN,2,0,1008,2,0.666406840513983,0.563810347845453,0.277691373015873,0.0554450493207947,0.0277536763049217,0.25
Brandl2020,BDCNN,3,0,1008,2,0.824266975308642,0.658132031101106,0.21119710546875,0.0454741172276131,0.0842770117588631,0.25
Brandl2020,BDCNN,4,0,1007,2,0.826250828363154,0.614571417955917,0.175922394240318,0.011101766456022,0.0851791256792943,0.24999975346359
Brandl2020,BDCNN,5,0,504,2,0.960081254724112,0.432368772505745,0.0828707119295635,0.0142024422989367,0.181331730369373,0.25
Brandl2020,BDCNN,6,0,1006,2,0.789786134090092,0.749136341372338,0.188386677497515,0.00689922327382406,0.0685125457763092,0.25
Brandl2020,BDCNN,7,0,504,2,0.678130511463845,0.772090916408021,0.269352266989087,0.0494500596065627,0.0300977926174754,0.25
Brandl2020,BDCNN,8,0,1007,2,0.654385196755972,0.486210693059353,0.312351979580437,0.0857719665672542,0.0234197404504073,0.24999975346359
Brandl2020,BDCNN,9,0,1006,2,0.692588010703177,0.855438714107957,0.226540061754473,0.00905382942360661,0.0325137676691334,0.25
Brandl2020,BSCNN,1,0,504,2,0.604032816830436,0.789994078534102,0.2777054140625,0.040666744615254,0.0129613305527541,0.25
Brandl2020,BSCNN,10,0,504,2,0.897376543209877,0.404959579144118,0.134411130084325,0.0119445243220754,0.12753339423775,0.25
Brandl2020,BSCNN,2,0,1008,2,0.668489386495339,0.742266953236069,0.247973249131944,0.0259528377608845,0.0279795886289401,0.25
Brandl2020,BSCNN,3,0,1008,2,0.803604891030486,0.642886725882634,0.232373509052579,0.0562344452998856,0.0738609362473063,0.25
Brandl2020,BSCNN,4,0,1007,2,0.885348622550412,0.577285963275485,0.13845005387289,0.00653604209002723,0.118085741680727,0.24999975346359
Brandl2020,BSCNN,5,0,504,2,0.934468694885362,0.559856249400445,0.103166224578373,0.0116392776074285,0.158473053029055,0.25
Brandl2020,BSCNN,6,0,1006,2,0.769012169527566,0.808352127013783,0.194387800944334,0.00743694618480631,0.0630491452404723,0.25
Brandl2020,BSCNN,7,0,504,2,0.68163422776518,0.876703093359151,0.231401669394841,0.0147186175081447,0.0333169481133034,0.25
Brandl2020,BSCNN,8,0,1007,2,0.669159645302786,0.649442775572625,0.274135761482125,0.0514418557514692,0.0273058477329341,0.24999975346359
Brandl2020,BSCNN,9,0,1006,2,0.682833416993071,0.876844902942772,0.226702653143638,0.00733370291334434,0.0306310497697062,0.25
Brandl2020,CSPBLDA,1,0,504,2,0.514054232804233,0.894065505778018,0.281780220858135,0.0345798890391521,0.00279966818101715,0.25
Brandl2020,CSPBLDA,10,0,504,2,0.756346056941295,0.803825766002505,0.208452085069444,0.0322474228347532,0.0737953377653088,0.25
Brandl2020,CSPBLDA,2,0,1008,2,0.542989417989418,0.684115744334158,0.325317436817956,0.0807349487708184,0.00541751195286203,0.25
Brandl2020,CSPBLDA,3,0,1008,2,0.776581002771479,0.954290692147296,0.209312476686508,0.022070408185411,0.0627579314989031,0.25
Brandl2020,CSPBLDA,4,0,1007,2,0.900562892486352,0.88351388540436,0.155045568582423,0.0318655810767269,0.126819765957894,0.24999975346359
Brandl2020,CSPBLDA,5,0,504,2,0.809468694885362,0.822778567806171,0.18436251624504,0.0263398535427091,0.0919773372976694,0.25
Brandl2020,CSPBLDA,6,0,1006,2,0.735402693184827,0.94897776277081,0.216987667432903,0.0143116261263208,0.0473239586934182,0.25
Brandl2020,CSPBLDA,7,0,504,2,0.670186130007559,0.948142678732741,0.243129415054563,0.0228865418707787,0.0297571268162152,0.25
Brandl2020,CSPBLDA,8,0,1007,2,0.627234608223674,0.86274054089208,0.248468457050645,0.0173427567106392,0.0188740531235837,0.24999975346359
Brandl2020,CSPBLDA,9,0,1006,2,0.63027006944417,0.930650300372892,0.247501861145626,0.01523583438366,0.0177339732380338,0.25
Brandl2020,CSPGP,1,0,504,2,0.536391408415218,0.87158578449147,0.28364516827877,0.0385651239891417,0.0049199557103719,0.25
Brandl2020,CSPGP,10,0,504,2,0.808728584026203,0.770284146039101,0.185070265749008,0.0125576498343606,0.0774873840853527,0.25
Brandl2020,CSPGP,2,0,1008,2,0.505021337238599,0.811363814372289,0.306457140562996,0.0583422142285028,0.00188507366550678,0.25
Brandl2020,CSPGP,3,0,1008,2,0.755609882842026,0.889582416193726,0.202177367869544,0.00837594196792169,0.056198574098378,0.25
Brandl2020,CSPGP,4,0,1007,2,0.797664410363218,0.808148541165821,0.194073410935948,0.0339368770199079,0.0898632195475496,0.24999975346359
Brandl2020,CSPGP,5,0,504,2,0.764628999748047,0.833561432054914,0.211872122767857,0.0316328885737322,0.0697607658058751,0.25
Brandl2020,CSPGP,6,0,1006,2,0.710757324838247,0.91366083259934,0.222826261928429,0.0118408108035528,0.0390145488751234,0.25
Brandl2020,CSPGP,7,0,504,2,0.650360607205845,0.961154327717852,0.234088001488095,0.00874962746263941,0.0246616259745442,0.25
Brandl2020,CSPGP,8,0,1007,2,0.637794266149137,0.787455775514156,0.258464694265144,0.0277787545994937,0.0193138137979398,0.24999975346359
Brandl2020,CSPGP,9,0,1006,2,0.631748277729251,0.884463944505861,0.257638364127734,0.0262726445143337,0.0186342803866001,0.25
Brandl2020,CSPLDA,1,0,504,2,0.512912572436382,0.918918168606016,0.274732440911306,0.0280300983959297,0.00329765748462407,0.25
Brandl2020,CSPLDA,10,0,504,2,0.758078231292517,0.818116155546189,0.20758252707969,0.031359964563219,0.0737774374835285,0.25
Brandl2020,CSPLDA,2,0,1008,2,0.548327664399093,0.77663033380255,0.301031784477364,0.0581469727748807,0.0071151882975169,0.25
Brandl2020,CSPLDA,3,0,1008,2,0.773447341899723,0.948280396342181,0.210046166945568,0.0218992656752742,0.0618530987297066,0.25
Brandl2020,CSPLDA,4,0,1007,2,0.893511944207769,0.871235548488953,0.153656523121288,0.0265674941356503,0.122910724477952,0.24999975346359
Brandl2020,CSPLDA,5,0,504,2,0.814232174351222,0.84083301099855,0.183585978421097,0.0274363369674158,0.0938503585463184,0.25
Brandl2020,CSPLDA,6,0,1006,2,0.735380954827694,0.954917017910874,0.218999371463784,0.0166485122344091,0.0476491407706247,0.25
Brandl2020,CSPLDA,7,0,504,2,0.679720962459058,0.964251223565904,0.238491423060628,0.02039968904635,0.031908265985722,0.25
Brandl2020,CSPLDA,8,0,1007,2,0.627279970967844,0.861687510799542,0.247770877697108,0.0169657831342506,0.0191946589007327,0.24999975346359
Brandl2020,CSPLDA,9,0,1006,2,0.63102103087242,0.937146117925787,0.246454882788418,0.0139201454284666,0.0174652626400484,0.25
Brandl2020,CSPSVM,1,0,504,2,0.526045603426556,0.841200760264481,0.294578553742815,0.0490106751342798,0.00443212139146509,0.25
Brandl2020,CSPSVM,10,0,504,2,0.797540312421265,0.841637778728323,0.194964250572932,0.0202751840674039,0.075310933494472,0.25
Brandl2020,CSPSVM,2,0,1008,2,0.51296768707483,0.815056266345733,0.303600228043025,0.0560016911101788,0.00240146306715341,0.25
Brandl2020,CSPSVM,3,0,1008,2,0.760668619299572,0.907292850905182,0.203859865662562,0.0108303469881726,0.0569704813256101,0.25
Brandl2020,CSPSVM,4,0,1007,2,0.836017624412257,0.886018090799919,0.194508935148038,0.042762285914563,0.0982531042301154,0.24999975346359
Brandl2020,CSPSVM,5,0,504,2,0.815287226001512,0.846028816463594,0.197312125581052,0.0379562003847161,0.0906440748036643,0.25
Brandl2020,CSPSVM,6,0,1006,2,0.723385334118549,0.891969795105526,0.218324286400472,0.011554190247227,0.0432299038467552,0.25
Brandl2020,CSPSVM,7,0,504,2,0.663249559082892,0.947241095192189,0.230842988295297,0.00863351497821432,0.027790526682917,0.25
Brandl2020,CSPSVM,8,0,1007,2,0.633902931616649,0.807973953503857,0.257335980630133,0.0266478033999663,0.0193115762334229,0.24999975346359
Brandl2020,CSPSVM,9,0,1006,2,0.637364678726844,0.86640948107931,0.261067246602559,0.032216274236054,0.0211490276334952,0.25
Brandl2020,DCNN,1,0,504,2,0.580483119173595,0.735849611009406,0.296868662785504,0.0591074099103707,0.0122387471248662,0.25
Brandl2020,DCNN,10,0,504,2,0.885519022423784,0.445765588268907,0.134528144236068,0.0142941379735921,0.129765993737524,0.25
Brandl2020,DCNN,2,0,1008,2,0.688909360040312,0.68785854018405,0.243620096845489,0.0269724329015991,0.0333523360561097,0.25
Brandl2020,DCNN,3,0,1008,2,0.821798626858151,0.654441248820708,0.220905694861754,0.0541768555736076,0.083271160711854,0.25
Brandl2020,DCNN,4,0,1007,2,0.859624002019628,0.588722422124957,0.155256180512399,0.010186601051517,0.104930174002708,0.24999975346359
Brandl2020,DCNN,5,0,504,2,0.952506928697405,0.442440902326242,0.0938503327280106,0.0172717819751848,0.173421449247174,0.25
Brandl2020,DCNN,6,0,1006,2,0.787473963376797,0.824540888071477,0.190893412620455,0.00867892374014956,0.0677855111196943,0.25
Brandl2020,DCNN,7,0,504,2,0.659722222222222,0.883618446023178,0.250669353570887,0.0294143829865845,0.0287450294156972,0.25
Brandl2020,DCNN,8,0,1007,2,0.651582568083562,0.591722842415499,0.295482291966696,0.069354736944722,0.023872198441616,0.24999975346359
Brandl2020,DCNN,9,0,1006,2,0.685801690848942,0.892279309740122,0.225263280164702,0.00567849714458254,0.0304152169798807,0.25
Brandl2020,SCNN,1,0,504,2,0.61120559334845,0.768319834191872,0.278444117093906,0.0448926093293224,0.0164484922354161,0.25
Brandl2020,SCNN,10,0,504,2,0.897943436633913,0.35856426402155,0.138471755281806,0.0174135691495723,0.128941813867766,0.25
Brandl2020,SCNN,2,0,1008,2,0.67641014739229,0.718368531311159,0.24703725444924,0.0286823863274173,0.0316451318781774,0.25
Brandl2020,SCNN,3,0,1008,2,0.810094639707735,0.596474859723194,0.219240406723706,0.0464502432867643,0.0772098365630585,0.25
Brandl2020,SCNN,4,0,1007,2,0.894521758338856,0.561491792134268,0.132974657948462,0.00650447854376593,0.123529574058894,0.24999975346359
Brandl2020,SCNN,5,0,504,2,0.925847190728143,0.516170296028365,0.113177126592496,0.0116205950931392,0.148443468500643,0.25
Brandl2020,SCNN,6,0,1006,2,0.759593532245888,0.778113213476734,0.205141068982867,0.0154939454281584,0.0603528764452914,0.25
Brandl2020,SCNN,7,0,504,2,0.656620055429579,0.806312050875154,0.246638896047442,0.0213952523198622,0.0247563562724199,0.25
Brandl2020,SCNN,8,0,1007,2,0.658323866325854,0.541651492701992,0.298287817729284,0.0728087110400602,0.0245206467743666,0.24999975346359
Brandl2020,SCNN,9,0,1006,2,0.676134050567371,0.849902555037761,0.240028942521366,0.0179699567465874,0.0279410142252215,0.25
Brandl2020,TSBLR,1,0,504,2,0.546028596623835,0.862014689608177,0.281053844742064,0.0367926568549955,0.00573881211293195,0.25
Brandl2020,TSBLR,10,0,504,2,0.773904006046863,0.739817332998854,0.202114552827381,0.018195901917254,0.0660813490898731,0.25
Brandl2020,TSBLR,2,0,1008,2,0.585504456412195,0.751382484495395,0.293246338603671,0.0553565303104812,0.0121101917068105,0.25
Brandl2020,TSBLR,3,0,1008,2,0.75522408037289,0.748640325994877,0.262983664186508,0.0670962448561287,0.0541125806696208,0.25
Brandl2020,TSBLR,4,0,1007,2,0.897517671747294,0.800244857070422,0.14092169724429,0.0186812899655654,0.127759346184865,0.24999975346359
Brandl2020,TSBLR,5,0,504,2,0.946027021919879,0.769279166742029,0.109935994667659,0.0319130836677029,0.171977089000044,0.25
Brandl2020,TSBLR,6,0,1006,2,0.683019181135849,0.806656872446015,0.228366841389165,0.0220940857158004,0.0437272443266354,0.25
Brandl2020,TSBLR,7,0,504,2,0.732686130007559,0.863598363652034,0.247851709077381,0.0455565584340855,0.0477048493567046,0.25
Brandl2020,TSBLR,8,0,1007,2,0.608994840480924,0.764506508363637,0.275166374627607,0.0411298886430829,0.0159632674790662,0.24999975346359
Brandl2020,TSBLR,9,0,1006,2,0.675262540067745,0.888010698132333,0.240457138170974,0.0186760261696782,0.0282188879987041,0.25
Brandl2020,TSGP,1,0,504,2,0.542225686570925,0.80524200324157,0.299511684027778,0.0537333244295705,0.00422164040179276,0.25
Brandl2020,TSGP,10,0,504,2,0.778321050642479,0.761809749438126,0.209423534474206,0.024393369135252,0.0649698346610457,0.25
Brandl2020,TSGP,2,0,1008,2,0.601005448475687,0.829060138770408,0.265587397259425,0.0274224618134622,0.0118350645540376,0.25
Brandl2020,TSGP,3,0,1008,2,0.712573223733938,0.770843591635372,0.263430659412202,0.0529934647287009,0.0395628053164985,0.25
Brandl2020,TSGP,4,0,1007,2,0.892338429739026,0.793361698157517,0.150543417887289,0.0229500210162867,0.122406356592588,0.24999975346359
Brandl2020,TSGP,5,0,504,2,0.929476883345931,0.776703021093995,0.126386847098214,0.0323399526664093,0.155953105568195,0.25
Brandl2020,TSGP,6,0,1006,2,0.705820741554648,0.857524430149616,0.218308630342942,0.0101637153263283,0.041855084983386,0.25
Brandl2020,TSGP,7,0,504,2,0.690428949357521,0.94088327342893,0.224147023065476,0.00964480584888114,0.0354977827834049,0.25
Brandl2020,TSGP,8,0,1007,2,0.629467244154123,0.771577955417895,0.268140728401192,0.0367535644110718,0.0186125894734701,0.24999975346359
Brandl2020,TSGP,9,0,1006,2,0.669499899213072,0.897702289406772,0.233944122577038,0.0100092071200737,0.0260650845430359,0.25
Brandl2020,TSLR,1,0,504,2,0.519778281683044,0.784988019182988,0.307892597384683,0.0633652741419155,0.00547267675723245,0.25
Brandl2020,TSLR,10,0,504,2,0.720001889644747,0.513914004528303,0.232423315311517,0.0398115595533592,0.0573882442418419,0.25
Brandl2020,TSLR,2,0,1008,2,0.570184555303603,0.544625396228341,0.349485627359968,0.108613177638331,0.00912755027836337,0.25
Brandl2020,TSLR,3,0,1008,2,0.759054547745024,0.637046295095009,0.275601947814016,0.0816876880473366,0.0560857402333211,0.25
Brandl2020,TSLR,4,0,1007,2,0.91005553977721,0.635375830435987,0.125127224061578,0.0100116966360125,0.134884226038024,0.24999975346359
Brandl2020,TSLR,5,0,504,2,0.939436885865457,0.616806881290813,0.0981077631992095,0.0121236412580829,0.164015878058873,0.25
Brandl2020,TSLR,6,0,1006,2,0.69254453398891,0.641887974393511,0.251734934390008,0.0454153741680398,0.0436804397780317,0.25
Brandl2020,TSLR,7,0,504,2,0.709766313932981,0.698628321335331,0.298942957028088,0.0912390645372586,0.0422961075091701,0.25
Brandl2020,TSLR,8,0,1007,2,0.578966676133674,0.586135129853192,0.31764323729928,0.0825745586013557,0.0149310747656658,0.24999975346359
Brandl2020,TSLR,9,0,1006,2,0.660774913145382,0.759710796826481,0.273159621751024,0.0472095620367337,0.02404994028571,0.25
Brandl2020,TSSVM,1,0,504,2,0.525628306878307,0.854809143746429,0.286370646923578,0.0418839804138894,0.00551333349031122,0.25
Brandl2020,TSSVM,10,0,504,2,0.715655706727135,0.582302289392826,0.234194587769817,0.0412377769708394,0.0570431892010225,0.25
Brandl2020,TSSVM,2,0,1008,2,0.577841553287982,0.646732093731439,0.322315722351475,0.0812792349847898,0.00896351263331488,0.25
Brandl2020,TSSVM,3,0,1008,2,0.763869205089443,0.75257905655838,0.247264637219953,0.0543233239767401,0.0570586867567874,0.25
Brandl2020,TSSVM,4,0,1007,2,0.904466060778188,0.739874827493215,0.133962192562835,0.0145207065085469,0.130558267409302,0.24999975346359
Brandl2020,TSSVM,5,0,504,2,0.934838750314941,0.717150675598597,0.11266686452995,0.022397519011659,0.159730654481709,0.25
Brandl2020,TSSVM,6,0,1006,2,0.678066788137971,0.704054546113476,0.256327380444572,0.0463338312164931,0.0400064507719206,0.25
Brandl2020,TSSVM,7,0,504,2,0.713372385991434,0.797873611120776,0.272267582094056,0.0636391595137969,0.0413715774197412,0.25
Brandl2020,TSSVM,8,0,1007,2,0.571941367667014,0.639068373997463,0.311267091444707,0.0741346164585227,0.0128672784774052,0.24999975346359
Brandl2020,TSSVM,9,0,1006,2,0.658348122003565,0.835895636003383,0.259045007286304,0.0329213573270246,0.0238763500407205,0.25
Chang2025,BDCNN,1,0,60,2,0.905555555555556,0.556651778680234,0.116877682291667,0.0269337373477217,0.160056055056055,0.25
Chang2025,BDCNN,1,1,60,2,0.924444444444444,0.57252212249724,0.111506286458333,0.0209507309027778,0.159444444444444,0.25
Chang2025,BDCNN,1,2,60,2,0.932222222222222,0.587742870483653,0.108965388541667,0.0246363842126623,0.165670995670996,0.25
Chang2025,BDCNN,1,3,40,2,0.885,0.52728657290201,0.1457943359375,0.0413435783617424,0.145549242424242,0.25
Chang2025,BDCNN,10,0,40,2,0.665,0.477195601176567,0.2577782359375,0.0660298699244281,0.0582516339869281,0.25
Chang2025,BDCNN,10,1,40,2,0.92875,0.384269590454222,0.11293178125,0.02230678125,0.159375,0.25
Chang2025,BDCNN,10,2,40,2,0.755,0.486955976078011,0.2191030859375,0.0564623932968074,0.0873593073593074,0.25
Chang2025,BDCNN,10,3,40,2,0.7425,0.518618879861239,0.231002678125,0.059942072064394,0.078939393939394,0.25
Chang2025,BDCNN,2,0,60,2,0.753333333333333,0.760026936775601,0.208952802083333,0.0325639131944444,0.0736111111111111,0.25
Chang2025,BDCNN,2,1,60,2,0.69,0.730907155435221,0.24715699375,0.0481986604166667,0.0510416666666667,0.25
Chang2025,BDCNN,2,2,60,2,0.743333333333333,0.724757194630902,0.210811827083333,0.029503320774827,0.0686914936914937,0.25
Chang2025,BDCNN,2,3,60,2,0.738888888888889,0.675899522634209,0.227433222916667,0.0513392058226496,0.0739059829059829,0.25
Chang2025,BDCNN,3,0,60,2,0.716666666666667,0.758534490909669,0.23203623125,0.0389806756944445,0.0569444444444445,0.25
Chang2025,BDCNN,3,1,60,2,0.642222222222222,0.789918949712809,0.253096178125,0.0388938989227208,0.0357977207977208,0.25
Chang2025,BDCNN,3,2,60,2,0.553333333333333,0.78357072170971,0.294221730208333,0.0709453152652517,0.0267235850569184,0.25
Chang2025,BDCNN,3,3,60,2,0.631111111111111,0.772280145074177,0.258773077083333,0.0423035430331541,0.0335304659498208,0.25
Chang2025,BDCNN,4,0,60,2,0.772222222222222,0.712099246380434,0.210447057291667,0.0403046071492165,0.0798575498575498,0.25
Chang2025,BDCNN,4,1,60,2,0.708888888888889,0.630265192522852,0.264460427083333,0.0683859460088523,0.0539255189255189,0.25
Chang2025,BDCNN,4,2,60,2,0.637222222222222,0.564041336266116,0.325753911458333,0.113406536610958,0.0376526251526252,0.25
Chang2025,BDCNN,4,3,60,2,0.565555555555556,0.654736525075571,0.32917629375,0.100470471222667,0.0212941774726672,0.25
Chang2025,BDCNN,5,0,60,2,0.913333333333333,0.606469775911311,0.128223466666667,0.0409218793650794,0.162698412698413,0.25
Chang2025,BDCNN,5,1,60,2,0.964444444444444,0.632695361021848,0.11644375,0.059267824074074,0.192824074074074,0.25
Chang2025,BDCNN,5,2,60,2,0.93,0.608725498056675,0.115722753125,0.027270372172619,0.161547619047619,0.25
Chang2025,BDCNN,5,3,60,2,0.937777777777778,0.620338841542758,0.108313136458333,0.0342390623842593,0.175925925925926,0.25
Chang2025,BDCNN,6,0,60,2,0.76,0.65684626554821,0.209766865625,0.0340393523974868,0.0742724867724868,0.25
Chang2025,BDCNN,6,1,60,2,0.723333333333333,0.630989328078242,0.229417078125,0.0450916812996032,0.0656746031746032,0.25
Chang2025,BDCNN,6,2,60,2,0.667777777777778,0.642163560581602,0.248761589583333,0.0707312865530303,0.071969696969697,0.25
Chang2025,BDCNN,6,3,60,2,0.747777777777778,0.555243300556108,0.218261929166667,0.0548051390432099,0.0865432098765432,0.25
Chang2025,BDCNN,7,0,60,2,0.898333333333333,0.405940990657116,0.138782613541667,0.0283857881448412,0.139603174603175,0.25
Chang2025,BDCNN,7,1,60,2,0.873333333333333,0.463313846263749,0.145303694791667,0.0295508511440862,0.13424715635242,0.25
Chang2025,BDCNN,7,2,60,2,0.763888888888889,0.468589258588646,0.231544147916667,0.0669219947075569,0.0853778467908902,0.25
Chang2025,BDCNN,7,3,60,2,0.865555555555556,0.440768849808922,0.165115811458333,0.039282478125,0.124166666666667,0.25
Chang2025,BDCNN,8,0,60,2,0.791111111111111,0.634866530175549,0.192742480208333,0.0453297817956349,0.102587301587302,0.25
Chang2025,BDCNN,8,1,60,2,0.678888888888889,0.599298017085816,0.283535926041667,0.100823507741013,0.0672875816993464,0.25
Chang2025,BDCNN,8,2,60,2,0.736666666666667,0.522920883683804,0.246111529166667,0.0637319833312385,0.0676204541645718,0.25
Chang2025,BDCNN,8,3,60,2,0.792222222222222,0.621162523106189,0.201447120833333,0.0440675559537685,0.0926204351204351,0.25
Chang2025,BDCNN,9,0,40,2,0.705,0.785597999439274,0.227681571875,0.0385581952516234,0.0608766233766234,0.25
Chang2025,BDCNN,9,1,40,2,0.87,0.697118705625246,0.147085046875,0.0259486832386363,0.128863636363636,0.25
Chang2025,BDCNN,9,2,40,2,0.7075,0.671017128886348,0.233384828125,0.0502679450081169,0.0668831168831169,0.25
Chang2025,BDCNN,9,3,40,2,0.72125,0.805332137620798,0.2228934203125,0.0470348344539142,0.0741414141414141,0.25
Chang2025,BDCNN,9,4,20,2,0.64,0.656167278223425,0.2546394375,0.0546394375,0.05,0.25
Chang2025,BDCNN,9,5,20,2,0.94,0.426621075824371,0.09527915,0.0244458166666667,0.179166666666667,0.25
Chang2025,BSCNN,1,0,60,2,0.871111111111111,0.779278560350225,0.148777791666667,0.0326666805555555,0.133888888888889,0.25
Chang2025,BSCNN,1,1,60,2,0.88,0.764632175704725,0.147860338541667,0.0276718464781746,0.129811507936508,0.25
Chang2025,BSCNN,1,2,60,2,0.848888888888889,0.777711996862714,0.163448061458333,0.0378528233630953,0.124404761904762,0.25
Chang2025,BSCNN,1,3,40,2,0.865,0.729916708896775,0.1434081,0.0380509571428572,0.144642857142857,0.25
Chang2025,BSCNN,10,0,40,2,0.7175,0.783400041528078,0.2190642671875,0.0412517671875,0.0721875,0.25
Chang2025,BSCNN,10,1,40,2,0.9225,0.682109531306646,0.1152481453125,0.0380045555689102,0.17275641025641,0.25
Chang2025,BSCNN,10,2,40,2,0.76375,0.687591202099448,0.19868899375,0.0441216860576923,0.0954326923076923,0.25
Chang2025,BSCNN,10,3,40,2,0.835,0.845816898570216,0.173075371875,0.0348610861607143,0.111785714285714,0.25
Chang2025,BSCNN,2,0,60,2,0.751111111111111,0.897763700450406,0.20425666875,0.0316452605503565,0.0773885918003565,0.25
Chang2025,BSCNN,2,1,60,2,0.628333333333333,0.826758903136652,0.252890673958333,0.0430421891098484,0.0401515151515151,0.25
Chang2025,BSCNN,2,2,60,2,0.705,0.852788907046336,0.221780251041667,0.0181889812003968,0.0464087301587302,0.25
Chang2025,BSCNN,2,3,60,2,0.668888888888889,0.818013803756423,0.239244477083333,0.0362863874147173,0.047041910331384,0.25
Chang2025,BSCNN,3,0,60,2,0.731111111111111,0.853652969427745,0.21258099375,0.02951044111423,0.06692944736423,0.25
Chang2025,BSCNN,3,1,60,2,0.651666666666667,0.853393460433575,0.239464355208333,0.0351786409226191,0.0457142857142857,0.25
Chang2025,BSCNN,3,2,60,2,0.586111111111111,0.885221490676559,0.255514057291667,0.0440662458438552,0.0385521885521885,0.25
Chang2025,BSCNN,3,3,60,2,0.652222222222222,0.866638543389364,0.23575745625,0.0372589577515015,0.0515015015015015,0.25
Chang2025,BSCNN,4,0,60,2,0.75,0.746561442263814,0.202054794791667,0.0476430300857843,0.0955882352941176,0.25
Chang2025,BSCNN,4,1,60,2,0.714444444444444,0.706629226214982,0.25397966875,0.0671512194215507,0.0631715506715507,0.25
Chang2025,BSCNN,4,2,60,2,0.621111111111111,0.634407669905258,0.306734886458333,0.0970307017541486,0.0402958152958153,0.25
Chang2025,BSCNN,4,3,60,2,0.561666666666667,0.723349786917415,0.311764619791667,0.0765324216492518,0.0147678018575851,0.25
Chang2025,BSCNN,5,0,60,2,0.907777777777778,0.719040505077229,0.1352861,0.0432226079365079,0.157936507936508,0.25
Chang2025,BSCNN,5,1,60,2,0.915555555555556,0.73332655317505,0.135138791666667,0.0400329715608466,0.15489417989418,0.25
Chang2025,BSCNN,5,2,60,2,0.861111111111111,0.76448240298737,0.158438746875,0.0364480061342593,0.128009259259259,0.25
Chang2025,BSCNN,5,3,60,2,0.912222222222222,0.723192113887548,0.132258234375,0.0300756946924603,0.14781746031746,0.25
Chang2025,BSCNN,6,0,60,2,0.721111111111111,0.787428853211831,0.210477045833333,0.0319932108277592,0.0715161649944259,0.25
Chang2025,BSCNN,6,1,60,2,0.790555555555556,0.801824122762909,0.201302096875,0.0476953775074111,0.0963932806324111,0.25
Chang2025,BSCNN,6,2,60,2,0.671111111111111,0.776061495219147,0.231548786458333,0.0411310960406429,0.0595823095823096,0.25
Chang2025,BSCNN,6,3,60,2,0.787222222222222,0.76915368123603,0.203277966666667,0.0447682664902998,0.0914902998236332,0.25
Chang2025,BSCNN,7,0,60,2,0.857777777777778,0.680637869805577,0.153507467708333,0.0254519121527778,0.121944444444444,0.25
Chang2025,BSCNN,7,1,60,2,0.868888888888889,0.658316542140865,0.146574979166667,0.0300165376082251,0.133441558441558,0.25
Chang2025,BSCNN,7,2,60,2,0.737777777777778,0.712795935174016,0.217833978125,0.0352841205751425,0.0674501424501424,0.25
Chang2025,BSCNN,7,3,60,2,0.836111111111111,0.708469542317936,0.170307517708333,0.0332704806712963,0.112962962962963,0.25
Chang2025,BSCNN,8,0,60,2,0.712222222222222,0.784009693032569,0.208392394791667,0.0372159242034314,0.0788235294117647,0.25
Chang2025,BSCNN,8,1,60,2,0.655555555555556,0.763143888505353,0.255186101041667,0.0577654661210317,0.0525793650793651,0.25
Chang2025,BSCNN,8,2,60,2,0.744444444444444,0.739393856478825,0.204507492708333,0.0428913310921717,0.0883838383838384,0.25
Chang2025,BSCNN,8,3,60,2,0.777777777777778,0.761908001278492,0.192123035416667,0.0360153749611801,0.0938923395445134,0.25
Chang2025,BSCNN,9,0,40,2,0.7125,0.90677712544429,0.22111605625,0.0305208181547619,0.0594047619047619,0.25
Chang2025,BSCNN,9,1,40,2,0.7225,0.892463803901531,0.2087518,0.0221545777777778,0.0634027777777778,0.25
Chang2025,BSCNN,9,2,40,2,0.7225,0.874688245386511,0.212881709375,0.0287150427083334,0.0658333333333334,0.25
Chang2025,BSCNN,9,3,40,2,0.8075,0.92424936277599,0.20059268125,0.0514954590277777,0.100902777777778,0.25
Chang2025,BSCNN,9,4,20,2,0.54,0.889747866107365,0.24668353125,0.04980853125,0.053125,0.25
Chang2025,BSCNN,9,5,20,2,0.88,0.804810652403135,0.146052246875,0.036052246875,0.14,0.25
Chang2025,CSPBLDA,1,0,60,2,0.901111111111111,0.956038377935949,0.185723521875,0.0851282837797619,0.149404761904762,0.25
Chang2025,CSPBLDA,1,1,60,2,0.848888888888889,0.962470646786763,0.195496263541667,0.0612303905257936,0.115734126984127,0.25
Chang2025,CSPBLDA,1,2,60,2,0.855555555555556,0.97539891855613,0.202254761458333,0.0674562266597985,0.115201465201465,0.25
Chang2025,CSPBLDA,1,3,40,2,0.9175,0.962846068847324,0.182729565625,0.0925509941964286,0.159821428571429,0.25
Chang2025,CSPBLDA,10,0,40,2,0.63125,0.920089481890475,0.2568185171875,0.0818185171875,0.075,0.25
Chang2025,CSPBLDA,10,1,40,2,0.845,0.839363196798649,0.18791934375,0.0468479151785714,0.108928571428571,0.25
Chang2025,CSPBLDA,10,2,40,2,0.8275,0.89579882379371,0.216680340625,0.0857144315340909,0.119034090909091,0.25
Chang2025,CSPBLDA,10,3,40,2,0.6925,0.850646325977804,0.2446807796875,0.0526219561580883,0.0579411764705882,0.25
Chang2025,CSPBLDA,2,0,60,2,0.625555555555556,0.929951583916853,0.250080014583333,0.0391011786044974,0.039021164021164,0.25
Chang2025,CSPBLDA,2,1,60,2,0.580555555555556,0.941868236134754,0.244828946875,0.0197495817956349,0.0249206349206349,0.25
Chang2025,CSPBLDA,2,2,60,2,0.710555555555556,0.943264511397244,0.220607915625,0.0306371553910819,0.0600292397660819,0.25
Chang2025,CSPBLDA,2,3,60,2,0.534444444444444,0.956233774478986,0.253632070833333,0.0241204713217338,0.0204884004884005,0.25
Chang2025,CSPBLDA,3,0,60,2,0.580555555555556,0.844150300012143,0.280459863541667,0.0556913450231482,0.0252314814814815,0.25
Chang2025,CSPBLDA,3,1,60,2,0.536666666666667,0.843531063195812,0.289119930208333,0.0615844692154255,0.0224645390070922,0.25
Chang2025,CSPBLDA,3,2,60,2,0.545555555555556,0.827401195238053,0.293246930208333,0.0630701625315656,0.0198232323232323,0.25
Chang2025,CSPBLDA,3,3,60,2,0.598888888888889,0.819428481740636,0.276454734375,0.0630420359623016,0.0365873015873016,0.25
Chang2025,CSPBLDA,4,0,60,2,0.617777777777778,0.771208119289422,0.266714927083333,0.0534408822875494,0.0367259552042161,0.25
Chang2025,CSPBLDA,4,1,60,2,0.684444444444444,0.831029616518541,0.239082139583333,0.0403916633928571,0.0513095238095238,0.25
Chang2025,CSPBLDA,4,2,60,2,0.564444444444444,0.893874065707721,0.263007960416667,0.0416240318452381,0.0286160714285714,0.25
Chang2025,CSPBLDA,4,3,60,2,0.527777777777778,0.89242698764881,0.273688579166667,0.040447838425926,0.0167592592592593,0.25
Chang2025,CSPBLDA,5,0,60,2,0.8,0.929583606497215,0.199222439583333,0.053984344345238,0.104761904761905,0.25
Chang2025,CSPBLDA,5,1,60,2,0.801111111111111,0.91230306588293,0.199694572916667,0.0478637648358586,0.0981691919191919,0.25
Chang2025,CSPBLDA,5,2,60,2,0.752222222222222,0.930972922028862,0.210631771875,0.0477529839962121,0.0871212121212121,0.25
Chang2025,CSPBLDA,5,3,60,2,0.781111111111111,0.926314948473934,0.200128513541667,0.0471005632311077,0.096972049689441,0.25
Chang2025,CSPBLDA,6,0,60,2,0.57,0.863156787924053,0.251145421875,0.0349116556412338,0.0337662337662338,0.25
Chang2025,CSPBLDA,6,1,60,2,0.607777777777778,0.859053183331982,0.244184594791667,0.0414277025610902,0.0472431077694235,0.25
Chang2025,CSPBLDA,6,2,60,2,0.588888888888889,0.881701966396944,0.238469202083333,0.0287469798611111,0.0402777777777778,0.25
Chang2025,CSPBLDA,6,3,60,2,0.628888888888889,0.850678955980946,0.226589786458333,0.0218248291933761,0.0452350427350427,0.25
Chang2025,CSPBLDA,7,0,60,2,0.732222222222222,0.879209391016531,0.207360339583333,0.0222726202850877,0.0649122807017544,0.25
Chang2025,CSPBLDA,7,1,60,2,0.895555555555556,0.908319760958616,0.16982923125,0.0682419296626984,0.148412698412698,0.25
Chang2025,CSPBLDA,7,2,60,2,0.746666666666667,0.918523728501066,0.20752096875,0.0471530033820347,0.0896320346320346,0.25
Chang2025,CSPBLDA,7,3,60,2,0.836666666666667,0.930186331838012,0.186412335416667,0.0434361449404762,0.10702380952381,0.25
Chang2025,CSPBLDA,8,0,60,2,0.692777777777778,0.952048560922883,0.219803441666667,0.0303244906659765,0.0605210489993099,0.25
Chang2025,CSPBLDA,8,1,60,2,0.643333333333333,0.937738734372786,0.2349307875,0.0231140662095945,0.0381832787095945,0.25
Chang2025,CSPBLDA,8,2,60,2,0.665555555555556,0.936995600343395,0.23031474375,0.0175241275035014,0.0372093837535014,0.25
Chang2025,CSPBLDA,8,3,60,2,0.751666666666667,0.950014119414435,0.215204451041667,0.0326159284531441,0.0674114774114774,0.25
Chang2025,CSPBLDA,9,0,40,2,0.705,0.963504752589694,0.2362768796875,0.0477352130208333,0.0614583333333333,0.25
Chang2025,CSPBLDA,9,1,40,2,0.7575,0.947213204106195,0.2162670671875,0.0506624920241013,0.0843954248366013,0.25
Chang2025,CSPBLDA,9,2,40,2,0.7725,0.974686618210023,0.2292540453125,0.0695959256543803,0.0903418803418803,0.25
Chang2025,CSPBLDA,9,3,40,2,0.8,0.954164257503656,0.2204802890625,0.0747064795386905,0.10422619047619,0.25
Chang2025,CSPBLDA,9,4,20,2,0.9,0.941298784870209,0.187957925,0.111767448809524,0.173809523809524,0.25
Chang2025,CSPBLDA,9,5,20,2,1,0.926894669425537,0.1431343125,0.1431343125,0.25,0.25
Chang2025,CSPGP,1,0,60,2,0.714444444444444,0.914706637638266,0.216780451041667,0.0282883875496032,0.0615079365079365,0.25
Chang2025,CSPGP,1,1,60,2,0.596666666666667,0.907837353073354,0.238062419791667,0.0431011794815891,0.0550387596899224,0.25
Chang2025,CSPGP,1,2,60,2,0.775555555555556,0.912162966545526,0.205974208333333,0.0337568423659674,0.077782634032634,0.25
Chang2025,CSPGP,1,3,40,2,0.73875,0.926692570527633,0.21023025,0.0524524722222222,0.0922222222222222,0.25
Chang2025,CSPGP,10,0,40,2,0.585,0.905629021961037,0.27364848125,0.06089848125,0.03725,0.25
Chang2025,CSPGP,10,1,40,2,0.8525,0.85993344036333,0.15998055625,0.0407886370580808,0.130808080808081,0.25
Chang2025,CSPGP,10,2,40,2,0.735,0.836860859494665,0.2168885484375,0.0320770405009921,0.0651884920634921,0.25
Chang2025,CSPGP,10,3,40,2,0.705,0.901604976365191,0.221786440625,0.0354471549107143,0.0636607142857143,0.25
Chang2025,CSPGP,2,0,60,2,0.572222222222222,0.787808582101847,0.290104845833333,0.0700139367424243,0.0299090909090909,0.25
Chang2025,CSPGP,2,1,60,2,0.562222222222222,0.844229669022523,0.266775517708333,0.0379743481176901,0.0211988304093567,0.25
Chang2025,CSPGP,2,2,60,2,0.747777777777778,0.864066824591188,0.209726566666667,0.0383163102564102,0.0785897435897436,0.25
Chang2025,CSPGP,2,3,60,2,0.536666666666667,0.862289653108837,0.275054354166667,0.04628710652687,0.0212327523602034,0.25
Chang2025,CSPGP,3,0,60,2,0.581111111111111,0.755992887944151,0.309283553125,0.0846825235239704,0.0253989703989704,0.25
Chang2025,CSPGP,3,1,60,2,0.595555555555556,0.739442063277522,0.2959306375,0.0769664340621123,0.0310357965621123,0.25
Chang2025,CSPGP,3,2,60,2,0.546111111111111,0.746197703126201,0.317961309375,0.0903476730113636,0.0223863636363636,0.25
Chang2025,CSPGP,3,3,60,2,0.607777777777778,0.734033905924145,0.286203944791667,0.0770174368551587,0.040813492063492,0.25
Chang2025,CSPGP,4,0,60,2,0.616111111111111,0.587028814018583,0.297087495833333,0.0870874958333333,0.04,0.25
Chang2025,CSPGP,4,1,60,2,0.648888888888889,0.662614069002072,0.276314742708333,0.0625146539082445,0.0361999111999112,0.25
Chang2025,CSPGP,4,2,60,2,0.571111111111111,0.837275482716207,0.274889496875,0.0557096026951059,0.0308201058201058,0.25
Chang2025,CSPGP,4,3,60,2,0.500555555555556,0.877029680910225,0.290950759375,0.0562993988307823,0.0153486394557823,0.25
Chang2025,CSPGP,5,0,60,2,0.728888888888889,0.893102720764168,0.223884471875,0.0540368016241039,0.0801523297491039,0.25
Chang2025,CSPGP,5,1,60,2,0.825555555555556,0.836120257048399,0.197830186458333,0.0631230608544686,0.115292874396135,0.25
Chang2025,CSPGP,5,2,60,2,0.756666666666667,0.871663840117355,0.2148019,0.0375796777777778,0.0727777777777778,0.25
Chang2025,CSPGP,5,3,60,2,0.704444444444444,0.869609972816034,0.229981692708333,0.0573766506915266,0.0773949579831933,0.25
Chang2025,CSPGP,6,0,60,2,0.597777777777778,0.762126685057338,0.26358674375,0.0651018952651515,0.0515151515151515,0.25
Chang2025,CSPGP,6,1,60,2,0.647222222222222,0.828181381776456,0.242059901041667,0.0362097326914983,0.0441498316498316,0.25
Chang2025,CSPGP,6,2,60,2,0.64,0.806387303798651,0.243750142708333,0.0425980689756145,0.0488479262672811,0.25
Chang2025,CSPGP,6,3,60,2,0.745,0.826206632046649,0.208860673958333,0.0350194041170635,0.0761587301587301,0.25
Chang2025,CSPGP,7,0,60,2,0.685555555555556,0.922692518377796,0.220690485416667,0.0323937247061128,0.0617032392894462,0.25
Chang2025,CSPGP,7,1,60,2,0.743888888888889,0.904218251011763,0.200113126041667,0.0366943226228633,0.0865811965811966,0.25
Chang2025,CSPGP,7,2,60,2,0.721111111111111,0.922617788772568,0.218340116666667,0.0316149704678363,0.0632748538011696,0.25
Chang2025,CSPGP,7,3,60,2,0.78,0.912489133635607,0.196462242708333,0.03453413813317,0.0880718954248366,0.25
Chang2025,CSPGP,8,0,60,2,0.641111111111111,0.859695795970777,0.237832083333333,0.0297998704481793,0.0419677871148459,0.25
Chang2025,CSPGP,8,1,60,2,0.661111111111111,0.898591709104521,0.231533471875,0.0275255353670635,0.0459920634920635,0.25
Chang2025,CSPGP,8,2,60,2,0.615555555555556,0.836906170654211,0.258268788541667,0.0353364104622298,0.0270676219205631,0.25
Chang2025,CSPGP,8,3,60,2,0.722222222222222,0.885066270359882,0.224007347916667,0.0402382847358388,0.0662309368191721,0.25
Chang2025,CSPGP,9,0,40,2,0.5675,0.954275343147524,0.2500705109375,0.0415705109375,0.0415,0.25
Chang2025,CSPGP,9,1,40,2,0.8,0.918775918391912,0.192882009375,0.0367510569940476,0.0938690476190476,0.25
Chang2025,CSPGP,9,2,40,2,0.795,0.922765826134082,0.20768886875,0.0523858384469697,0.0946969696969697,0.25
Chang2025,CSPGP,9,3,40,2,0.8325,0.899866436592207,0.2114673203125,0.070441679286859,0.108974358974359,0.25
Chang2025,CSPGP,9,4,20,2,0.91,0.956555600607874,0.185917028125,0.109726551934524,0.173809523809524,0.25
Chang2025,CSPGP,9,5,20,2,0.93,0.947415101633966,0.168361646875,0.0950283135416667,0.176666666666667,0.25
Chang2025,CSPLDA,1,0,60,2,0.906666666666667,0.953426187964255,0.181212027784596,0.0877909751530173,0.156578947368421,0.25
Chang2025,CSPLDA,1,1,60,2,0.85,0.961787164454786,0.194612341661394,0.0619932940423462,0.117380952380952,0.25
Chang2025,CSPLDA,1,2,60,2,0.854444444444444,0.973163897558612,0.199983506771953,0.0663327131211594,0.116349206349206,0.25
Chang2025,CSPLDA,1,3,40,2,0.92,0.959437162829177,0.181358744805294,0.0931444590910087,0.161785714285714,0.25
Chang2025,CSPLDA,10,0,40,2,0.6325,0.918095633792227,0.256112997993363,0.0769463313266959,0.0708333333333333,0.25
Chang2025,CSPLDA,10,1,40,2,0.8425,0.829090535300508,0.189361618075293,0.0496294752181503,0.110267857142857,0.25
Chang2025,CSPLDA,10,2,40,2,0.835,0.89259739670428,0.214467459353925,0.0910583684448345,0.126590909090909,0.25
Chang2025,CSPLDA,10,3,40,2,0.695,0.841799619164523,0.244792347655014,0.0560668574589354,0.0612745098039216,0.25
Chang2025,CSPLDA,2,0,60,2,0.607777777777778,0.928926307044989,0.251289140064804,0.0375113622870264,0.0362222222222222,0.25
Chang2025,CSPLDA,2,1,60,2,0.565555555555556,0.942644896385164,0.245441925291181,0.021896951746207,0.0264550264550264,0.25
Chang2025,CSPLDA,2,2,60,2,0.731111111111111,0.944171322995566,0.217183538107408,0.0373224269962965,0.0701388888888889,0.25
Chang2025,CSPLDA,2,3,60,2,0.548888888888889,0.955478023303109,0.251157560144585,0.0241126428869018,0.0229550827423168,0.25
Chang2025,CSPLDA,3,0,60,2,0.572222222222222,0.83412786997425,0.282930450539731,0.0639830821186783,0.0310526315789474,0.25
Chang2025,CSPLDA,3,1,60,2,0.536666666666667,0.831898523837044,0.290934804646344,0.0641094078209468,0.0231746031746032,0.25
Chang2025,CSPLDA,3,2,60,2,0.536666666666667,0.816879630294072,0.297501331482473,0.0645837687584583,0.0170824372759857,0.25
Chang2025,CSPLDA,3,3,60,2,0.59,0.805618781924543,0.281891529690445,0.0659824387813542,0.0340909090909091,0.25
Chang2025,CSPLDA,4,0,60,2,0.622222222222222,0.762549690531908,0.26575012362515,0.0524220812971077,0.0366719576719577,0.25
Chang2025,CSPLDA,4,1,60,2,0.675555555555556,0.811545165254521,0.243544398681939,0.0416757118132517,0.0481313131313131,0.25
Chang2025,CSPLDA,4,2,60,2,0.577777777777778,0.875268519043277,0.267647345812666,0.0564850651109117,0.0388377192982456,0.25
Chang2025,CSPLDA,4,3,60,2,0.551111111111111,0.879565332128678,0.274859660861082,0.0395620418134631,0.014702380952381,0.25
Chang2025,CSPLDA,5,0,60,2,0.794444444444444,0.924623364853399,0.196623247382508,0.0526417659010268,0.106018518518519,0.25
Chang2025,CSPLDA,5,1,60,2,0.794444444444444,0.906842304043176,0.200006995823489,0.0514421810086743,0.101435185185185,0.25
Chang2025,CSPLDA,5,2,60,2,0.742222222222222,0.925238998080961,0.210470345934297,0.0475735205374718,0.0871031746031746,0.25
Chang2025,CSPLDA,5,3,60,2,0.781111111111111,0.919255497127316,0.197736680544229,0.0441134921384323,0.0963768115942029,0.25
Chang2025,CSPLDA,6,0,60,2,0.574444444444444,0.859891723400413,0.251344319368706,0.0351105531349396,0.0337662337662338,0.25
Chang2025,CSPLDA,6,1,60,2,0.607777777777778,0.852988556484346,0.242753968774319,0.0388225171614158,0.0460685483870968,0.25
Chang2025,CSPLDA,6,2,60,2,0.583333333333333,0.880148628457657,0.238089056278311,0.0297341897839093,0.0416451335055986,0.25
Chang2025,CSPLDA,6,3,60,2,0.65,0.849169829878028,0.224089139451897,0.022876402324526,0.0487872628726287,0.25
Chang2025,CSPLDA,7,0,60,2,0.731111111111111,0.869894849343807,0.209358234386234,0.0227642727922728,0.0634060384060384,0.25
Chang2025,CSPLDA,7,1,60,2,0.894444444444444,0.90229205781655,0.167697749771582,0.0663882259620586,0.148690476190476,0.25
Chang2025,CSPLDA,7,2,60,2,0.748888888888889,0.911296444258926,0.208303480266487,0.0546418641048704,0.0963383838383839,0.25
Chang2025,CSPLDA,7,3,60,2,0.838888888888889,0.924307343996062,0.185541011700455,0.048874345033788,0.113333333333333,0.25
Chang2025,CSPLDA,8,0,60,2,0.698888888888889,0.944453546030637,0.217149209640924,0.0281556508647569,0.0610064412238325,0.25
Chang2025,CSPLDA,8,1,60,2,0.646666666666667,0.931220040226018,0.235691154901298,0.0257361425933443,0.0400449876920465,0.25
Chang2025,CSPLDA,8,2,60,2,0.667777777777778,0.930794660266318,0.22957464721522,0.0195503849850749,0.0399757377698554,0.25
Chang2025,CSPLDA,8,3,60,2,0.756666666666667,0.945231655532405,0.213065238872967,0.0350758208835494,0.072010582010582,0.25
Chang2025,CSPLDA,9,0,40,2,0.7275,0.959567016874102,0.236686478866611,0.050079336009468,0.0633928571428571,0.25
Chang2025,CSPLDA,9,1,40,2,0.77,0.943312824183786,0.215944588538482,0.0526734846423778,0.0867288961038961,0.25
Chang2025,CSPLDA,9,2,40,2,0.7725,0.969653087195395,0.231437148026188,0.0598399258039661,0.0784027777777778,0.25
Chang2025,CSPLDA,9,3,40,2,0.7875,0.950948088416626,0.223940680975128,0.0860618930963399,0.112121212121212,0.25
Chang2025,CSPLDA,9,4,20,2,0.91,0.932456954374866,0.185199473404428,0.116449473404428,0.18125,0.25
Chang2025,CSPLDA,9,5,20,2,0.99,0.928949650083323,0.144128882729946,0.119128882729946,0.225,0.25
Chang2025,CSPSVM,1,0,60,2,0.794444444444444,0.900357023815518,0.19690702332204,0.0423130062280228,0.0954059829059829,0.25
Chang2025,CSPSVM,1,1,60,2,0.731111111111111,0.898749128872538,0.216083360399794,0.0305404311068646,0.0644570707070707,0.25
Chang2025,CSPSVM,1,2,60,2,0.817777777777778,0.907090310795116,0.196682418137926,0.0511586086141169,0.10447619047619,0.25
Chang2025,CSPSVM,1,3,40,2,0.795,0.915701023292179,0.194076400873036,0.0425612493578846,0.0984848484848485,0.25
Chang2025,CSPSVM,10,0,40,2,0.5925,0.905068396924086,0.268764448770681,0.0583477821040146,0.0395833333333333,0.25
Chang2025,CSPSVM,10,1,40,2,0.8525,0.858992056170914,0.160488430550891,0.0509296070214793,0.140441176470588,0.25
Chang2025,CSPSVM,10,2,40,2,0.7525,0.846503251481819,0.210353629449506,0.040353629449506,0.08,0.25
Chang2025,CSPSVM,10,3,40,2,0.73125,0.892775525518237,0.215358751278183,0.0371856743551058,0.0718269230769231,0.25
Chang2025,CSPSVM,2,0,60,2,0.587777777777778,0.824644696143383,0.276347908165403,0.0605740986415931,0.0342261904761905,0.25
Chang2025,CSPSVM,2,1,60,2,0.572222222222222,0.859953201296656,0.258925883427531,0.0351957246973723,0.0262698412698412,0.25
Chang2025,CSPSVM,2,2,60,2,0.756666666666667,0.879117864043612,0.210795396773214,0.0422211090038799,0.0814257122306658,0.25
Chang2025,CSPSVM,2,3,60,2,0.53,0.880750353296118,0.269409472855756,0.038026206998806,0.0186167341430499,0.25
Chang2025,CSPSVM,3,0,60,2,0.59,0.780220397707324,0.295923166200006,0.0800522953291354,0.0341291291291291,0.25
Chang2025,CSPSVM,3,1,60,2,0.554444444444444,0.754934153228803,0.298226549252733,0.0687731079571866,0.0205465587044535,0.25
Chang2025,CSPSVM,3,2,60,2,0.543333333333333,0.777755447181114,0.305046732784859,0.0758419717015403,0.0207952389166811,0.25
Chang2025,CSPSVM,3,3,60,2,0.612222222222222,0.760849562381061,0.278003378743024,0.0736797856694311,0.0456764069264069,0.25
Chang2025,CSPSVM,4,0,60,2,0.637777777777778,0.651694947527828,0.287101323749854,0.0791215257700558,0.042020202020202,0.25
Chang2025,CSPSVM,4,1,60,2,0.662222222222222,0.716822477961057,0.263692666212229,0.0532691314136941,0.0395764652014652,0.25
Chang2025,CSPSVM,4,2,60,2,0.552222222222222,0.838226483983066,0.278137181001549,0.057329100193468,0.0291919191919192,0.25
Chang2025,CSPSVM,4,3,60,2,0.500555555555556,0.870922724141622,0.290086852975611,0.0575868529756107,0.0175,0.25
Chang2025,CSPSVM,5,0,60,2,0.746666666666667,0.889911891246111,0.221978415119393,0.0653263683357672,0.0933479532163743,0.25
Chang2025,CSPSVM,5,1,60,2,0.815555555555556,0.840399161484247,0.198652704171774,0.0659212226902925,0.117268518518518,0.25
Chang2025,CSPSVM,5,2,60,2,0.76,0.863134019803916,0.216442289059379,0.0481883208054111,0.0817460317460317,0.25
Chang2025,CSPSVM,5,3,60,2,0.732222222222222,0.863506331370308,0.223863377806989,0.052626818667204,0.078763440860215,0.25
Chang2025,CSPSVM,6,0,60,2,0.61,0.789566375237018,0.253902626509798,0.0576063302135012,0.0537037037037037,0.25
Chang2025,CSPSVM,6,1,60,2,0.633333333333333,0.847659291792578,0.241179721580533,0.0370518146037886,0.0458720930232558,0.25
Chang2025,CSPSVM,6,2,60,2,0.637777777777778,0.83234411786072,0.241394657024625,0.0415074389795121,0.0501127819548872,0.25
Chang2025,CSPSVM,6,3,60,2,0.721111111111111,0.838937477770379,0.214795709314766,0.0411845982036552,0.0763888888888889,0.25
Chang2025,CSPSVM,7,0,60,2,0.713333333333333,0.896028817796352,0.213786910013938,0.0258836842074867,0.0620967741935484,0.25
Chang2025,CSPSVM,7,1,60,2,0.753333333333333,0.906741244347231,0.200221314728935,0.0241248235008653,0.0739035087719298,0.25
Chang2025,CSPSVM,7,2,60,2,0.718888888888889,0.9167673104961,0.215051098929785,0.0284834998621862,0.063432400932401,0.25
Chang2025,CSPSVM,7,3,60,2,0.822222222222222,0.913550682042392,0.187058049818338,0.0340452293055173,0.0969871794871795,0.25
Chang2025,CSPSVM,8,0,60,2,0.625555555555556,0.856608905237805,0.241616595606086,0.0317320357215261,0.0401154401154401,0.25
Chang2025,CSPSVM,8,1,60,2,0.628888888888889,0.871961514743449,0.245722054401486,0.028879404297966,0.0331573498964803,0.25
Chang2025,CSPSVM,8,2,60,2,0.626111111111111,0.820977474545793,0.257062510395616,0.0325549808880863,0.0254924704924705,0.25
Chang2025,CSPSVM,8,3,60,2,0.716666666666667,0.877321572173519,0.231257636844153,0.0343528749393913,0.0530952380952381,0.25
Chang2025,CSPSVM,9,0,40,2,0.6125,0.943175632049532,0.24531699260405,0.0512693735564313,0.055952380952381,0.25
Chang2025,CSPSVM,9,1,40,2,0.81,0.912541767090101,0.188301295079563,0.0335393903176587,0.0952380952380952,0.25
Chang2025,CSPSVM,9,2,40,2,0.7825,0.937787929841073,0.208831625683175,0.0429712360727856,0.0841396103896104,0.25
Chang2025,CSPSVM,9,3,40,2,0.85,0.919356450296639,0.20190974203116,0.0848141537958656,0.132904411764706,0.25
Chang2025,CSPSVM,9,4,20,2,0.91,0.936507908293498,0.167033713266358,0.0908432370758815,0.173809523809524,0.25
Chang2025,CSPSVM,9,5,20,2,0.97,0.9004736129698,0.130941807711509,0.0934418077115091,0.2125,0.25
Chang2025,DCNN,1,0,60,2,0.941111111111111,0.650969024399631,0.099003607016604,0.0304850884980855,0.181481481481481,0.25
Chang2025,DCNN,1,1,60,2,0.925555555555556,0.66758725308694,0.122031092947444,0.0293326802490314,0.157301587301587,0.25
Chang2025,DCNN,1,2,60,2,0.932222222222222,0.686070499320715,0.110802307074568,0.0256237356459963,0.164821428571429,0.25
Chang2025,DCNN,1,3,40,2,0.9025,0.601439259535851,0.132448815415351,0.0466154820820175,0.164166666666667,0.25
Chang2025,DCNN,10,0,40,2,0.645,0.660629054039967,0.264817841383176,0.0577082842736192,0.0428904428904429,0.25
Chang2025,DCNN,10,1,40,2,0.92,0.539314684076762,0.110570718269213,0.0230707182692134,0.1625,0.25
Chang2025,DCNN,10,2,40,2,0.74,0.665981864940299,0.215320162681255,0.0397993293479219,0.0744791666666667,0.25
Chang2025,DCNN,10,3,40,2,0.73,0.684894484533929,0.230436966824737,0.060079823967594,0.0796428571428571,0.25
Chang2025,DCNN,2,0,60,2,0.736666666666667,0.793511003412573,0.220895554882995,0.0412229358353762,0.070327380952381,0.25
Chang2025,DCNN,2,1,60,2,0.651111111111111,0.745720893377057,0.259136775010481,0.0673571905479693,0.0582204155374887,0.25
Chang2025,DCNN,2,2,60,2,0.724444444444444,0.738108947264977,0.215654756865967,0.0268277213284047,0.0611729644624381,0.25
Chang2025,DCNN,2,3,60,2,0.69,0.716891922208625,0.238215225603509,0.0419057017939853,0.0536904761904762,0.25
Chang2025,DCNN,3,0,60,2,0.671111111111111,0.804632138641099,0.264659604014756,0.0703688705935877,0.0557092665788318,0.25
Chang2025,DCNN,3,1,60,2,0.613333333333333,0.822838898614312,0.271769837167588,0.0594801486784997,0.0377103115109112,0.25
Chang2025,DCNN,3,2,60,2,0.548888888888889,0.809599806272363,0.290738182219025,0.0625670297000464,0.0218288474810214,0.25
Chang2025,DCNN,3,3,60,2,0.63,0.833540924759776,0.261664155190096,0.050499625275566,0.0388354700854701,0.25
Chang2025,DCNN,4,0,60,2,0.758888888888889,0.847387247792741,0.198157193580221,0.0246849713579987,0.0765277777777778,0.25
Chang2025,DCNN,4,1,60,2,0.697777777777778,0.763726374990078,0.243091608498155,0.0472436552817806,0.0541520467836257,0.25
Chang2025,DCNN,4,2,60,2,0.686666666666667,0.695703134762176,0.279323815331423,0.0787682597758678,0.0494444444444445,0.25
Chang2025,DCNN,4,3,60,2,0.573333333333333,0.799058916177958,0.283258315533227,0.0535430961121247,0.0202847805788982,0.25
Chang2025,DCNN,5,0,60,2,0.891111111111111,0.68630489731223,0.130640193671545,0.0217513047826564,0.141111111111111,0.25
Chang2025,DCNN,5,1,60,2,0.971111111111111,0.719690053462374,0.114691668416633,0.0651546313795963,0.200462962962963,0.25
Chang2025,DCNN,5,2,60,2,0.927777777777778,0.69645069935014,0.117157004753143,0.0248950999912383,0.157738095238095,0.25
Chang2025,DCNN,5,3,60,2,0.946666666666667,0.721715692688135,0.113422427938443,0.032946237462252,0.16952380952381,0.25
Chang2025,DCNN,6,0,60,2,0.742222222222222,0.740942386026136,0.210721651204877,0.0333010162842421,0.072579365079365,0.25
Chang2025,DCNN,6,1,60,2,0.685555555555556,0.698324794814198,0.234971539512326,0.0518353387954803,0.0668637992831541,0.25
Chang2025,DCNN,6,2,60,2,0.67,0.672646629338636,0.245042957358872,0.0586590287874434,0.0636160714285715,0.25
Chang2025,DCNN,6,3,60,2,0.726666666666667,0.656256740241303,0.215845592063623,0.0440201952382263,0.0781746031746032,0.25
Chang2025,DCNN,7,0,60,2,0.878888888888889,0.494295346488345,0.130193073409046,0.0222301104460832,0.142037037037037,0.25
Chang2025,DCNN,7,1,60,2,0.87,0.548001074555915,0.148170427682951,0.0307461852587084,0.132575757575758,0.25
Chang2025,DCNN,7,2,60,2,0.756666666666667,0.571142006119413,0.21585792979663,0.0547468186855185,0.0888888888888889,0.25
Chang2025,DCNN,7,3,60,2,0.84,0.563245983837119,0.176488894992601,0.0431976492013555,0.116708754208754,0.25
Chang2025,DCNN,8,0,60,2,0.778888888888889,0.681608432929845,0.194880575620802,0.0383825597477858,0.0935019841269841,0.25
Chang2025,DCNN,8,1,60,2,0.685555555555556,0.683694548130618,0.251479051402696,0.0588149099885546,0.0573358585858586,0.25
Chang2025,DCNN,8,2,60,2,0.755555555555556,0.574212238669736,0.223823797537657,0.0417422679561278,0.0679184704184704,0.25
Chang2025,DCNN,8,3,60,2,0.807777777777778,0.691101284121455,0.181645152478627,0.0298594381929132,0.0982142857142857,0.25
Chang2025,DCNN,9,0,40,2,0.75,0.856011235802631,0.208221924482539,0.0276564482920623,0.0694345238095238,0.25
Chang2025,DCNN,9,1,40,2,0.8475,0.739054420637115,0.170136129605762,0.0403742248438574,0.120238095238095,0.25
Chang2025,DCNN,9,2,40,2,0.6725,0.770274907932123,0.241785512792113,0.0449353143794145,0.0531498015873016,0.25
Chang2025,DCNN,9,3,40,2,0.6925,0.845240343588364,0.233118241678691,0.0437432416786906,0.060625,0.25
Chang2025,DCNN,9,4,20,2,0.59,0.687869705044875,0.295842080644022,0.0833420806440217,0.0375,0.25
Chang2025,DCNN,9,5,20,2,0.93,0.536060993200518,0.0981691606802305,0.0231691606802305,0.175,0.25
Chang2025,SCNN,1,0,60,2,0.743333333333333,0.69771235259319,0.216019553753695,0.0479639981981397,0.0819444444444444,0.25
Chang2025,SCNN,1,1,60,2,0.767777777777778,0.682790092623956,0.216339384650009,0.0437508947085777,0.0774115100585689,0.25
Chang2025,SCNN,1,2,60,2,0.777777777777778,0.61933746114399,0.219505969360087,0.0546428453665283,0.0851368760064412,0.25
Chang2025,SCNN,1,3,40,2,0.8725,0.598263990954873,0.129150460230627,0.0344136181253634,0.155263157894737,0.25
Chang2025,SCNN,10,0,40,2,0.7275,0.451113039322632,0.256730307571934,0.0715120536036802,0.064781746031746,0.25
Chang2025,SCNN,10,1,40,2,0.97,0.366865741310372,0.0721661707481835,0.0200828374148502,0.197916666666667,0.25
Chang2025,SCNN,10,2,40,2,0.7825,0.438610222405751,0.214292709913327,0.0572307441013608,0.0929380341880342,0.25
Chang2025,SCNN,10,3,40,2,0.8,0.529312282097558,0.19057293793494,0.0515665276785295,0.11099358974359,0.25
Chang2025,SCNN,2,0,60,2,0.716666666666667,0.760138928230157,0.216680240008315,0.0264866373147122,0.0598063973063973,0.25
Chang2025,SCNN,2,1,60,2,0.685555555555556,0.702663227970137,0.26578922327223,0.0818798530725373,0.0660906298003072,0.25
Chang2025,SCNN,2,2,60,2,0.786666666666667,0.757884875030948,0.198972235425876,0.0330694576480982,0.0840972222222222,0.25
Chang2025,SCNN,2,3,60,2,0.645555555555556,0.721482055590435,0.274831829230945,0.0671334165325321,0.0423015873015873,0.25
Chang2025,SCNN,3,0,60,2,0.674444444444444,0.760745958036104,0.264419170680404,0.066856241618619,0.0524370709382151,0.25
Chang2025,SCNN,3,1,60,2,0.6,0.756706064987394,0.280171911850167,0.0659289924601886,0.0357570806100218,0.25
Chang2025,SCNN,3,2,60,2,0.585555555555556,0.80772877842934,0.279988811873812,0.0585807658968003,0.0285919540229885,0.25
Chang2025,SCNN,3,3,60,2,0.665555555555556,0.765611978482704,0.249833434480221,0.0491191487659351,0.0492857142857143,0.25
Chang2025,SCNN,4,0,60,2,0.757777777777778,0.632443035488242,0.225633900294651,0.057729859890611,0.0820959595959596,0.25
Chang2025,SCNN,4,1,60,2,0.692222222222222,0.564989899708494,0.286841820186939,0.0900640424091615,0.0532222222222222,0.25
Chang2025,SCNN,4,2,60,2,0.638888888888889,0.472050169050246,0.343382286130874,0.135604508353096,0.0422222222222222,0.25
Chang2025,SCNN,4,3,60,2,0.635555555555556,0.570944511158703,0.311505941333812,0.119746682074553,0.0582407407407408,0.25
Chang2025,SCNN,5,0,60,2,0.928888888888889,0.570053772634115,0.149046863164867,0.0640468631648672,0.165,0.25
Chang2025,SCNN,5,1,60,2,0.93,0.601733129727793,0.134030334719833,0.0549562606457588,0.170925925925926,0.25
Chang2025,SCNN,5,2,60,2,0.928888888888889,0.621265538293603,0.12685889090087,0.0441703988373784,0.167311507936508,0.25
Chang2025,SCNN,5,3,60,2,0.894444444444444,0.545696681287519,0.13458652731317,0.028515098741742,0.143928571428571,0.25
Chang2025,SCNN,6,0,60,2,0.643333333333333,0.712075052238606,0.230150001875228,0.0535418147407254,0.0733918128654971,0.25
Chang2025,SCNN,6,1,60,2,0.79,0.71406012216991,0.194145644502385,0.0434512000579408,0.0993055555555555,0.25
Chang2025,SCNN,6,2,60,2,0.683333333333333,0.678233091422463,0.236105245958035,0.0465219126247013,0.0604166666666666,0.25
Chang2025,SCNN,6,3,60,2,0.823333333333333,0.658874400644377,0.182204256059039,0.0389670765718599,0.10676282051282,0.25
Chang2025,SCNN,7,0,60,2,0.834444444444444,0.490553010414931,0.181499830820012,0.0384452927654736,0.106945461945462,0.25
Chang2025,SCNN,7,1,60,2,0.868888888888889,0.475941660281118,0.151513337505824,0.0306800041724908,0.129166666666667,0.25
Chang2025,SCNN,7,2,60,2,0.782222222222222,0.493449633088419,0.221225296410544,0.0606370611164265,0.0894117647058824,0.25
Chang2025,SCNN,7,3,60,2,0.843333333333333,0.445290473898522,0.185162032459517,0.0506849082765106,0.115522875816993,0.25
Chang2025,SCNN,8,0,60,2,0.794444444444444,0.722364284641146,0.186249472564064,0.0323854825236033,0.0961360099595394,0.25
Chang2025,SCNN,8,1,60,2,0.648888888888889,0.69920183798129,0.274709844734452,0.0838444601190672,0.0591346153846154,0.25
Chang2025,SCNN,8,2,60,2,0.704444444444444,0.698907031144915,0.228381624284642,0.0378260687290868,0.0594444444444444,0.25
Chang2025,SCNN,8,3,60,2,0.736666666666667,0.684954847826804,0.214410379982986,0.03561408368669,0.0712037037037037,0.25
Chang2025,SCNN,9,0,40,2,0.8125,0.766023070995887,0.178619923368643,0.0355001754694834,0.10688025210084,0.25
Chang2025,SCNN,9,1,40,2,0.76,0.704857396225712,0.207779764818897,0.041643401182533,0.0838636363636364,0.25
Chang2025,SCNN,9,2,40,2,0.6425,0.712544268788948,0.263674918901842,0.0640717442986673,0.0503968253968254,0.25
Chang2025,SCNN,9,3,40,2,0.7775,0.79765552741386,0.198905011410141,0.0397138349395524,0.0908088235294118,0.25
Chang2025,SCNN,9,4,20,2,0.79,0.703394073253377,0.194930404765497,0.0449304047654968,0.1,0.25
Chang2025,SCNN,9,5,20,2,0.88,0.508989190227971,0.128759917833659,0.028759917833659,0.15,0.25
Chang2025,TSBLR,1,0,60,2,0.807777777777778,0.88763734865796,0.185066915625,0.0342000047580891,0.0991330891330891,0.25
Chang2025,TSBLR,1,1,60,2,0.807222222222222,0.895113077589691,0.186812853125,0.0325559988681457,0.0957431457431457,0.25
Chang2025,TSBLR,1,2,60,2,0.717777777777778,0.911708663787088,0.21252089375,0.0254465791756854,0.0629256854256854,0.25
Chang2025,TSBLR,1,3,40,2,0.8825,0.900065453490968,0.1637305171875,0.0553971838541667,0.141666666666667,0.25
Chang2025,TSBLR,10,0,40,2,0.7175,0.929233933348108,0.21607984375,0.0293238913690476,0.0632440476190476,0.25
Chang2025,TSBLR,10,1,40,2,0.9125,0.824284271219912,0.153217328125,0.066967328125,0.16375,0.25
Chang2025,TSBLR,10,2,40,2,0.785,0.887036001508147,0.20192844375,0.0446665389880952,0.0927380952380952,0.25
Chang2025,TSBLR,10,3,40,2,0.75,0.869332888068406,0.2072702578125,0.0369516303615196,0.0796813725490196,0.25
Chang2025,TSBLR,2,0,60,2,0.686666666666667,0.923632812733525,0.227515973958333,0.031400777879902,0.0538848039215686,0.25
Chang2025,TSBLR,2,1,60,2,0.585555555555556,0.955577634127098,0.246611953125,0.0316365836668719,0.0350246305418719,0.25
Chang2025,TSBLR,2,2,60,2,0.802222222222222,0.906135841582883,0.187713977083333,0.0278991622685185,0.0901851851851852,0.25
Chang2025,TSBLR,2,3,60,2,0.627222222222222,0.924718397703376,0.240154473958333,0.0295253889910131,0.0393709150326797,0.25
Chang2025,TSBLR,3,0,60,2,0.642222222222222,0.87787945890893,0.254802976041667,0.0467142455999951,0.0419112695583284,0.25
Chang2025,TSBLR,3,1,60,2,0.538888888888889,0.879755953474409,0.2762309375,0.0361198263888889,0.00988888888888889,0.25
Chang2025,TSBLR,3,2,60,2,0.537222222222222,0.86123594286024,0.284108860416667,0.0592165262220069,0.0251076658053402,0.25
Chang2025,TSBLR,3,3,60,2,0.583333333333333,0.918247817071626,0.249952576041667,0.0323136871527778,0.0323611111111111,0.25
Chang2025,TSBLR,4,0,60,2,0.656666666666667,0.819154332653764,0.250516134375,0.0638394124041604,0.0633232780291604,0.25
Chang2025,TSBLR,4,1,60,2,0.644444444444444,0.683652511967691,0.281913711458333,0.0832843678289897,0.0513706563706564,0.25
Chang2025,TSBLR,4,2,60,2,0.565555555555556,0.674450019081228,0.332513138541667,0.103239634268162,0.0207264957264957,0.25
Chang2025,TSBLR,4,3,60,2,0.516666666666667,0.718131381797059,0.328382855208333,0.0897751947528468,0.0113923395445135,0.25
Chang2025,TSBLR,5,0,60,2,0.864444444444444,0.870652056600979,0.195238470833333,0.0732245819444445,0.127986111111111,0.25
Chang2025,TSBLR,5,1,60,2,0.865555555555556,0.850547823435102,0.184042388541667,0.0583906791399572,0.124348290598291,0.25
Chang2025,TSBLR,5,2,60,2,0.801111111111111,0.854574072262613,0.205270252083333,0.0453705027098997,0.0901002506265664,0.25
Chang2025,TSBLR,5,3,60,2,0.758333333333333,0.853315578906077,0.210805842708333,0.036465183367674,0.0756593406593407,0.25
Chang2025,TSBLR,6,0,60,2,0.711111111111111,0.833413950230656,0.223970366666667,0.0501359440087146,0.0761655773420479,0.25
Chang2025,TSBLR,6,1,60,2,0.683888888888889,0.809802302060187,0.228564045833333,0.0341592839285715,0.0555952380952381,0.25
Chang2025,TSBLR,6,2,60,2,0.655555555555556,0.789668792984151,0.24188085,0.0438477237060041,0.0519668737060041,0.25
Chang2025,TSBLR,6,3,60,2,0.686666666666667,0.800251215938356,0.231311665625,0.0301521633625565,0.0488404977375566,0.25
Chang2025,TSBLR,7,0,60,2,0.768888888888889,0.77854530898258,0.2031708625,0.0403689301328502,0.0871980676328502,0.25
Chang2025,TSBLR,7,1,60,2,0.838333333333333,0.837347533791922,0.166800048958333,0.0302532079997277,0.113453159041394,0.25
Chang2025,TSBLR,7,2,60,2,0.735555555555556,0.8467395910633,0.211223519791667,0.0342790753472222,0.0730555555555556,0.25
Chang2025,TSBLR,7,3,60,2,0.91,0.872054028226477,0.155731461458333,0.0576486727873094,0.151917211328976,0.25
Chang2025,TSBLR,8,0,60,2,0.665555555555556,0.828481483378415,0.250524836458333,0.0568460615295584,0.056321225071225,0.25
Chang2025,TSBLR,8,1,60,2,0.626111111111111,0.836596969992132,0.259661195833333,0.0489900433143547,0.0393288474810214,0.25
Chang2025,TSBLR,8,2,60,2,0.657777777777778,0.837730702796173,0.24750464375,0.0342878605332168,0.0367832167832168,0.25
Chang2025,TSBLR,8,3,60,2,0.635555555555556,0.85638772580138,0.248314621875,0.0333675319279101,0.0350529100529101,0.25
Chang2025,TSBLR,9,0,40,2,0.6925,0.938007995111826,0.22264771875,0.0190492339015151,0.0464015151515151,0.25
Chang2025,TSBLR,9,1,40,2,0.815,0.915027090510018,0.1995953578125,0.0556018513189935,0.106006493506494,0.25
Chang2025,TSBLR,9,2,40,2,0.64,0.956671554955096,0.2409535015625,0.0419951682291667,0.0510416666666667,0.25
Chang2025,TSBLR,9,3,40,2,0.8225,0.939562381464536,0.189817890625,0.0486373350694445,0.108819444444444,0.25
Chang2025,TSBLR,9,4,20,2,0.86,0.876469622385429,0.172992021875,0.0634682123511905,0.14047619047619,0.25
Chang2025,TSBLR,9,5,20,2,0.98,0.862899345155852,0.118682515625,0.0853491822916667,0.216666666666667,0.25
Chang2025,TSGP,1,0,60,2,0.811111111111111,0.877184630107116,0.182204740625,0.0320063279265873,0.0998015873015873,0.25
Chang2025,TSGP,1,1,60,2,0.803333333333333,0.915865834098164,0.194210619791667,0.0515254346064815,0.107314814814815,0.25
Chang2025,TSGP,1,2,60,2,0.712777777777778,0.925313438299287,0.217385188541667,0.024511256917735,0.0571260683760684,0.25
Chang2025,TSGP,1,3,40,2,0.8225,0.897249906586437,0.183545740625,0.0377124072916667,0.104166666666667,0.25
Chang2025,TSGP,10,0,40,2,0.7025,0.86408751934508,0.2258001328125,0.0554251328125,0.079625,0.25
Chang2025,TSGP,10,1,40,2,0.8575,0.726783162342687,0.1937426859375,0.0696355430803571,0.125892857142857,0.25
Chang2025,TSGP,10,2,40,2,0.76,0.784431779200677,0.2384382703125,0.0629323179315476,0.0744940476190476,0.25
Chang2025,TSGP,10,3,40,2,0.7225,0.802440912485921,0.2374194046875,0.0603955951636904,0.0729761904761905,0.25
Chang2025,TSGP,2,0,60,2,0.693888888888889,0.910777156353362,0.221767178125,0.0315985273313492,0.0598313492063492,0.25
Chang2025,TSGP,2,1,60,2,0.543333333333333,0.913349183725976,0.264586072916667,0.0443686816123188,0.0297826086956522,0.25
Chang2025,TSGP,2,2,60,2,0.795555555555556,0.869107066611678,0.192128366666667,0.0323466206349206,0.090218253968254,0.25
Chang2025,TSGP,2,3,60,2,0.618888888888889,0.908256793414463,0.247617321875,0.0247907040483822,0.0271733821733822,0.25
Chang2025,TSGP,3,0,60,2,0.63,0.840606875583156,0.269711684375,0.061285758449074,0.0415740740740741,0.25
Chang2025,TSGP,3,1,60,2,0.490555555555556,0.863693395762318,0.292077486458333,0.0523091466899936,0.0102316602316602,0.25
Chang2025,TSGP,3,2,60,2,0.591111111111111,0.819041967976541,0.27905096875,0.054666732296798,0.025615763546798,0.25
Chang2025,TSGP,3,3,60,2,0.632222222222222,0.875692421771452,0.251334929166667,0.0362220850215645,0.0348871558548978,0.25
Chang2025,TSGP,4,0,60,2,0.765,0.825244310550006,0.203599636458333,0.0371660700247669,0.0835664335664336,0.25
Chang2025,TSGP,4,1,60,2,0.737777777777778,0.722688616343335,0.239124415625,0.0529861094866939,0.0638616938616939,0.25
Chang2025,TSGP,4,2,60,2,0.588888888888889,0.724950304403187,0.313087669791667,0.0909747468722922,0.0278870770806255,0.25
Chang2025,TSGP,4,3,60,2,0.512222222222222,0.766041082535389,0.322026752083333,0.0917092917658731,0.0196825396825397,0.25
Chang2025,TSGP,5,0,60,2,0.827777777777778,0.870161961965363,0.191174086458333,0.0486414067197712,0.107467320261438,0.25
Chang2025,TSGP,5,1,60,2,0.873888888888889,0.841715317163543,0.174485561458333,0.0517871487599206,0.127301587301587,0.25
Chang2025,TSGP,5,2,60,2,0.814444444444444,0.857506362501294,0.194856239583333,0.0360863983134921,0.0912301587301587,0.25
Chang2025,TSGP,5,3,60,2,0.773333333333333,0.860152567436087,0.197186815625,0.0342370203222635,0.0870502046972635,0.25
Chang2025,TSGP,6,0,60,2,0.718888888888889,0.80332301938348,0.220423047916667,0.0596920537646199,0.0892690058479532,0.25
Chang2025,TSGP,6,1,60,2,0.674444444444444,0.792047007273057,0.238937553125,0.0528264420138889,0.0638888888888889,0.25
Chang2025,TSGP,6,2,60,2,0.655555555555556,0.768134232243863,0.2452934125,0.0520241817307693,0.0567307692307693,0.25
Chang2025,TSGP,6,3,60,2,0.682222222222222,0.77458436258622,0.232811978125,0.0311597414727634,0.0483477633477634,0.25
Chang2025,TSGP,7,0,60,2,0.742222222222222,0.763633957639584,0.219756730208333,0.0378122857638889,0.0680555555555556,0.25
Chang2025,TSGP,7,1,60,2,0.855,0.81986666447243,0.160854167708333,0.0240882946924603,0.113234126984127,0.25
Chang2025,TSGP,7,2,60,2,0.707222222222222,0.809713370133295,0.228578426041667,0.0453048298648447,0.066726403823178,0.25
Chang2025,TSGP,7,3,60,2,0.883333333333333,0.812844468193744,0.16272551875,0.0468525028769841,0.134126984126984,0.25
Chang2025,TSGP,8,0,60,2,0.718888888888889,0.834969062414353,0.228875676041667,0.0550132421792328,0.0761375661375661,0.25
Chang2025,TSGP,8,1,60,2,0.642222222222222,0.84495316889842,0.250863739583333,0.0458402772069298,0.0449765376235964,0.25
Chang2025,TSGP,8,2,60,2,0.643333333333333,0.839311342599883,0.249765035416667,0.0337296818813131,0.0339646464646465,0.25
Chang2025,TSGP,8,3,60,2,0.691111111111111,0.863334353053883,0.233315666666667,0.0379287619047619,0.0546130952380952,0.25
Chang2025,TSGP,9,0,40,2,0.6975,0.927981436812156,0.2209228140625,0.0355061473958333,0.0645833333333333,0.25
Chang2025,TSGP,9,1,40,2,0.73,0.912289095948258,0.2118792,0.0393792,0.0775,0.25
Chang2025,TSGP,9,2,40,2,0.5625,0.953750411881314,0.25778028125,0.0461815351684954,0.0384012539184953,0.25
Chang2025,TSGP,9,3,40,2,0.785,0.919307083982375,0.1951080984375,0.0382330984375,0.093125,0.25
Chang2025,TSGP,9,4,20,2,0.77,0.813286524014747,0.20734506875,0.0629006243055555,0.105555555555556,0.25
Chang2025,TSGP,9,5,20,2,0.96,0.865879545444339,0.125985521875,0.085985521875,0.21,0.25
Chang2025,TSLR,1,0,60,2,0.74,0.607551225190594,0.224001580796082,0.0480419848364861,0.074040404040404,0.25
Chang2025,TSLR,1,1,60,2,0.737777777777778,0.627408395885755,0.237176495049563,0.0703431617162301,0.0831666666666667,0.25
Chang2025,TSLR,1,2,60,2,0.69,0.639902401229107,0.251459778769098,0.0562745935839131,0.0548148148148148,0.25
Chang2025,TSLR,1,3,40,2,0.8875,0.656297277515294,0.164267474261647,0.0601008075949801,0.145833333333333,0.25
Chang2025,TSLR,10,0,40,2,0.6875,0.746200206264436,0.26735487166976,0.0941405859554739,0.0767857142857143,0.25
Chang2025,TSLR,10,1,40,2,0.9375,0.668130402705297,0.113096133182385,0.038790577626829,0.175694444444444,0.25
Chang2025,TSLR,10,2,40,2,0.7625,0.712626279048398,0.207020612301877,0.0502024304836954,0.0931818181818182,0.25
Chang2025,TSLR,10,3,40,2,0.8075,0.720017332883219,0.179291998812255,0.0384586654789217,0.109166666666667,0.25
Chang2025,TSLR,2,0,60,2,0.635555555555556,0.69648530491565,0.28140122095467,0.062618152171601,0.0312169312169312,0.25
Chang2025,TSLR,2,1,60,2,0.618888888888889,0.79993630357064,0.261582316672757,0.0494356398201979,0.0378533231474408,0.25
Chang2025,TSLR,2,2,60,2,0.747777777777778,0.7012895104422,0.212199430035312,0.0377297330656154,0.075530303030303,0.25
Chang2025,TSLR,2,3,60,2,0.593333333333333,0.721991658177791,0.286237925899299,0.0638203434817162,0.0275824175824176,0.25
Chang2025,TSLR,3,0,60,2,0.655555555555556,0.659640249101351,0.281157351141566,0.0878240178082323,0.0566666666666667,0.25
Chang2025,TSLR,3,1,60,2,0.525555555555556,0.586632378736361,0.348154347617347,0.1090352999983,0.0108809523809524,0.25
Chang2025,TSLR,3,2,60,2,0.503333333333333,0.55993305580904,0.382118458561964,0.158507347450853,0.0263888888888889,0.25
Chang2025,TSLR,3,3,60,2,0.523333333333333,0.689128529586017,0.330810716771382,0.107780413741079,0.026969696969697,0.25
Chang2025,TSLR,4,0,60,2,0.582222222222222,0.29451298826912,0.421360422850102,0.213953015442695,0.0425925925925926,0.25
Chang2025,TSLR,4,1,60,2,0.58,0.26288328615988,0.394280620225626,0.175990021935027,0.0317094017094017,0.25
Chang2025,TSLR,4,2,60,2,0.537777777777778,0.381258965641622,0.424107865084244,0.191019629790126,0.0169117647058823,0.25
Chang2025,TSLR,4,3,60,2,0.525555555555556,0.383661539825998,0.403692015147053,0.169935147015184,0.0162431318681319,0.25
Chang2025,TSLR,5,0,60,2,0.766666666666667,0.502410101700626,0.29324682582747,0.119949567530212,0.0767027417027417,0.25
Chang2025,TSLR,5,1,60,2,0.786666666666667,0.445982796388266,0.270972606775628,0.105431296234317,0.0844586894586895,0.25
Chang2025,TSLR,5,2,60,2,0.71,0.522393329536776,0.283039834668834,0.0962220958774113,0.063182261208577,0.25
Chang2025,TSLR,5,3,60,2,0.723333333333333,0.519693566735222,0.285078643960479,0.0958590672409023,0.0607804232804233,0.25
Chang2025,TSLR,6,0,60,2,0.685555555555556,0.645072406533531,0.250575575169094,0.0654829825765012,0.0649074074074074,0.25
Chang2025,TSLR,6,1,60,2,0.674444444444444,0.57934430601759,0.262873531581122,0.0706513093588996,0.0577777777777778,0.25
Chang2025,TSLR,6,2,60,2,0.643333333333333,0.537881383949372,0.290369415227156,0.0895026650183005,0.0491332497911446,0.25
Chang2025,TSLR,6,3,60,2,0.692222222222222,0.526942322967125,0.27460782640447,0.0753562251791847,0.0507483987747146,0.25
Chang2025,TSLR,7,0,60,2,0.782222222222222,0.51293440545064,0.200842064134314,0.0432764075686573,0.0924343434343434,0.25
Chang2025,TSLR,7,1,60,2,0.801111111111111,0.632194353384685,0.184579226387113,0.0240379158458023,0.0894586894586895,0.25
Chang2025,TSLR,7,2,60,2,0.751111111111111,0.628749669573458,0.211371460783388,0.0454686830056101,0.0840972222222222,0.25
Chang2025,TSLR,7,3,60,2,0.888888888888889,0.66075750876487,0.142871490864805,0.0246391676324819,0.131767676767677,0.25
Chang2025,TSLR,8,0,60,2,0.657777777777778,0.502608705834832,0.343977741990047,0.161223559235864,0.0672458172458173,0.25
Chang2025,TSLR,8,1,60,2,0.616666666666667,0.458374735326666,0.342773519645748,0.119608536480765,0.0268350168350168,0.25
Chang2025,TSLR,8,2,60,2,0.627777777777778,0.479752094138712,0.344045000925114,0.129031773411886,0.0349867724867725,0.25
Chang2025,TSLR,8,3,60,2,0.581111111111111,0.527048735132921,0.341280408502831,0.118848402562053,0.0275679940592221,0.25
Chang2025,TSLR,9,0,40,2,0.6825,0.6732093133136,0.262324300989507,0.0714268650920708,0.0591025641025641,0.25
Chang2025,TSLR,9,1,40,2,0.765,0.654274363034736,0.249630538667742,0.0869931760303796,0.0873626373626374,0.25
Chang2025,TSLR,9,2,40,2,0.6225,0.793236187840137,0.258676746465855,0.056771984561093,0.0480952380952381,0.25
Chang2025,TSLR,9,3,40,2,0.8225,0.733425250138309,0.194808673047962,0.0541836730479622,0.109375,0.25
Chang2025,TSLR,9,4,20,2,0.86,0.636138507352116,0.196968888678511,0.0861355553451778,0.139166666666667,0.25
Chang2025,TSLR,9,5,20,2,1,0.583113974871846,0.0477478374159689,0.0477478374159689,0.25,0.25
Chang2025,TSSVM,1,0,60,2,0.706666666666667,0.802134112672184,0.22093034384066,0.0282009667362834,0.0572706228956229,0.25
Chang2025,TSSVM,1,1,60,2,0.728888888888889,0.816048988912046,0.216257376248472,0.0405595108954347,0.0743021346469622,0.25
Chang2025,TSSVM,1,2,60,2,0.654444444444444,0.820315878255753,0.243655867435787,0.0352267486618411,0.0415708812260537,0.25
Chang2025,TSSVM,1,3,40,2,0.86,0.856627631045046,0.186782393246891,0.0634490599135579,0.126666666666667,0.25
Chang2025,TSSVM,10,0,40,2,0.655,0.924102737291951,0.235749443811312,0.0333630801749482,0.0476136363636364,0.25
Chang2025,TSSVM,10,1,40,2,0.915,0.857515684349886,0.141820956069624,0.0426542894029572,0.150833333333333,0.25
Chang2025,TSSVM,10,2,40,2,0.7675,0.911708870948425,0.201190924139652,0.0364290193777471,0.0852380952380952,0.25
Chang2025,TSSVM,10,3,40,2,0.7925,0.889106308561431,0.190053422065002,0.0463034220650019,0.10625,0.25
Chang2025,TSSVM,2,0,60,2,0.622222222222222,0.897349426377781,0.247786939655824,0.0314249324873656,0.0336379928315412,0.25
Chang2025,TSSVM,2,1,60,2,0.573333333333333,0.92921380979231,0.250062674334584,0.0253106902075997,0.0252480158730159,0.25
Chang2025,TSSVM,2,2,60,2,0.735555555555556,0.881386902256824,0.208938649853635,0.0261857709242854,0.0672471210706505,0.25
Chang2025,TSSVM,2,3,60,2,0.574444444444444,0.876069764431641,0.26352136054341,0.0455632708747937,0.032041910331384,0.25
Chang2025,TSSVM,3,0,60,2,0.648888888888889,0.835076053161571,0.261483537827784,0.0575946489388947,0.0461111111111111,0.25
Chang2025,TSSVM,3,1,60,2,0.543333333333333,0.805009789186211,0.294573933769202,0.0571369589792863,0.012563025210084,0.25
Chang2025,TSSVM,3,2,60,2,0.498333333333333,0.785020225399377,0.318524991379046,0.0970397306080713,0.028514739229025,0.25
Chang2025,TSSVM,3,3,60,2,0.502222222222222,0.868107718320939,0.286457434123844,0.0536746513410608,0.0172172172172172,0.25
Chang2025,TSSVM,4,0,60,2,0.571111111111111,0.502169344829235,0.36834208745427,0.158133754120937,0.0397916666666666,0.25
Chang2025,TSSVM,4,1,60,2,0.578888888888889,0.452038975705334,0.365807671182243,0.150662168536741,0.0348544973544974,0.25
Chang2025,TSSVM,4,2,60,2,0.543333333333333,0.53757748785521,0.36357892002838,0.133218169667629,0.0196392496392496,0.25
Chang2025,TSSVM,4,3,60,2,0.533333333333333,0.54822030415029,0.356939406450851,0.12098702549847,0.0140476190476191,0.25
Chang2025,TSSVM,5,0,60,2,0.753333333333333,0.807321715116758,0.237469841854847,0.0638513035304261,0.0763814616755793,0.25
Chang2025,TSSVM,5,1,60,2,0.775,0.76486009934659,0.220408294762206,0.0555273423812539,0.0851190476190476,0.25
Chang2025,TSSVM,5,2,60,2,0.707222222222222,0.790169258279698,0.244046015334121,0.057696808984915,0.0636507936507937,0.25
Chang2025,TSSVM,5,3,60,2,0.702222222222222,0.789842025549572,0.242759584292025,0.047005616038057,0.0542460317460317,0.25
Chang2025,TSSVM,6,0,60,2,0.666666666666667,0.846123264539843,0.235895277652862,0.0340392170468018,0.0481439393939394,0.25
Chang2025,TSSVM,6,1,60,2,0.682222222222222,0.815042663987546,0.227771376271387,0.0488824873824982,0.0711111111111111,0.25
Chang2025,TSSVM,6,2,60,2,0.638888888888889,0.818415041235315,0.238394726085947,0.048191827535222,0.0597971014492754,0.25
Chang2025,TSSVM,6,3,60,2,0.694444444444444,0.77633351819097,0.232365906407882,0.0378493118912873,0.0554834054834055,0.25
Chang2025,TSSVM,7,0,60,2,0.763333333333333,0.749941327008855,0.201456476362803,0.0410019309082574,0.0895454545454546,0.25
Chang2025,TSSVM,7,1,60,2,0.791111111111111,0.825017857464068,0.187385192167917,0.028655033437758,0.0912698412698413,0.25
Chang2025,TSSVM,7,2,60,2,0.707777777777778,0.84386967671587,0.217380040509888,0.0394956061037143,0.0721155655938265,0.25
Chang2025,TSSVM,7,3,60,2,0.861111111111111,0.859526791814976,0.170187096380577,0.0423597154281957,0.122172619047619,0.25
Chang2025,TSSVM,8,0,60,2,0.648888888888889,0.819261484664319,0.257314386146098,0.0621258940826059,0.0548115079365079,0.25
Chang2025,TSSVM,8,1,60,2,0.635555555555556,0.759622587783075,0.2736923007912,0.0542478563467556,0.0305555555555555,0.25
Chang2025,TSSVM,8,2,60,2,0.63,0.786570389836558,0.264571932266442,0.0487077347355781,0.0341358024691358,0.25
Chang2025,TSSVM,8,3,60,2,0.57,0.822591196374779,0.272327048639724,0.043466649779325,0.0211396011396011,0.25
Chang2025,TSSVM,9,0,40,2,0.71,0.90317960697829,0.230841478450839,0.0433414784508387,0.0625,0.25
Chang2025,TSSVM,9,1,40,2,0.74,0.903962090286451,0.220947177070094,0.0508430104034273,0.0798958333333333,0.25
Chang2025,TSSVM,9,2,40,2,0.5375,0.907403338627589,0.264655747742911,0.0426060583019174,0.0279503105590062,0.25
Chang2025,TSSVM,9,3,40,2,0.83,0.928090603069579,0.204583326197305,0.0728914070053856,0.118308080808081,0.25
Chang2025,TSSVM,9,4,20,2,0.82,0.873029900398972,0.201091715000796,0.0927583816674631,0.141666666666667,0.25
Chang2025,TSSVM,9,5,20,2,1,0.864247015629298,0.104973181459976,0.104973181459976,0.25,0.25
Cho2017,BDCNN,1,0,1200,2,0.744573611111111,0.812789649418826,0.202710493802083,0.00641933200654651,0.0537088382044632,0.25
Cho2017,BDCNN,10,0,1000,2,0.72334,0.694663912639576,0.225191578875,0.0229567927002164,0.0477652138252164,0.25
Cho2017,BDCNN,11,0,1000,2,0.70413,0.764780984208696,0.229494883375,0.0175961944165701,0.0381013110415701,0.25
Cho2017,BDCNN,15,0,1000,2,0.701252,0.735860297002579,0.230951372125,0.0191198788797753,0.0381685067547753,0.25
Cho2017,BDCNN,2,0,1200,2,0.721994444444444,0.816224090502068,0.214632734583333,0.00842210784820716,0.0437893732648738,0.25
Cho2017,BDCNN,3,0,1040,2,0.829264053254438,0.713713868003367,0.169668529747596,0.00815826790377927,0.0884897381561831,0.25
Cho2017,BDCNN,4,0,1040,2,0.822618343195266,0.737300466002805,0.170831734435096,0.00535772644337354,0.0845259920082774,0.25
Cho2017,BDCNN,5,0,1040,2,0.664996301775148,0.824621071428011,0.238507333713942,0.0132759160586601,0.0247685823447178,0.25
Cho2017,BDCNN,6,0,1000,2,0.783098,0.761209006797802,0.186616129125,0.00672505554391592,0.0701089264189159,0.25
Cho2017,BDCNN,8,0,1000,2,0.650652,0.835508197276618,0.24298042325,0.0180772050294467,0.0250967817794467,0.25
Cho2017,BSCNN,1,0,1200,2,0.774705555555556,0.717843074971242,0.195846575885417,0.00866818677618739,0.0628216108907707,0.25
Cho2017,BSCNN,10,0,1000,2,0.714756,0.696336199592987,0.2276559389375,0.0212446744312358,0.0435887354937358,0.25
Cho2017,BSCNN,11,0,1000,2,0.732626,0.66001921224168,0.22740275325,0.0276115781542227,0.0502088249042228,0.25
Cho2017,BSCNN,15,0,1000,2,0.674504,0.649829260265566,0.2570185686875,0.0353903953559022,0.0283718266684022,0.25
Cho2017,BSCNN,2,0,1200,2,0.720634722222222,0.750894085937755,0.2212049975,0.0127223401869266,0.0415173426869266,0.25
Cho2017,BSCNN,3,0,1040,2,0.83956176035503,0.652557785334588,0.165185216826923,0.00737669427561977,0.0921914774486967,0.25
Cho2017,BSCNN,4,0,1040,2,0.794839127218935,0.717363988438617,0.184377854266827,0.0069043547323113,0.0725265004654843,0.25
Cho2017,BSCNN,5,0,1040,2,0.725495562130178,0.776609757243481,0.222194302223558,0.0152214743150046,0.0430271720914469,0.25
Cho2017,BSCNN,6,0,1000,2,0.775632,0.687171285436574,0.19609549575,0.0121721496201818,0.0660766538701819,0.25
Cho2017,BSCNN,8,0,1000,2,0.666834,0.792270921465417,0.240360971125,0.0198872369931374,0.0295262658681374,0.25
Cho2017,CSPBLDA,1,0,1200,2,0.703802777777778,0.981573347490498,0.22830833984375,0.0161782114356236,0.0378698715918736,0.25
Cho2017,CSPBLDA,10,0,1000,2,0.566478,0.913258551019821,0.26118620825,0.0197087884190194,0.00852258016901941,0.25
Cho2017,CSPBLDA,11,0,1000,2,0.601486,0.913740981624766,0.25781660375,0.0230709485069709,0.015254344756971,0.25
Cho2017,CSPBLDA,15,0,1000,2,0.666658,0.97022124916909,0.2305449860625,0.0067047869826162,0.0261598009201162,0.25
Cho2017,CSPBLDA,2,0,1200,2,0.590218055555556,0.968443771922535,0.245786061666667,0.00567559865692122,0.00988953699025455,0.25
Cho2017,CSPBLDA,3,0,1040,2,0.71779400887574,0.97237626073199,0.222534480348558,0.015636947220897,0.0431024668723393,0.25
Cho2017,CSPBLDA,4,0,1040,2,0.683814718934911,0.964007736168647,0.229039865985577,0.00955509161886203,0.0305152256332851,0.25
Cho2017,CSPBLDA,5,0,1040,2,0.546331360946746,0.956912273096089,0.255500593149038,0.0095870378650047,0.00408644471596625,0.25
Cho2017,CSPBLDA,6,0,1000,2,0.693118,0.966307196105901,0.230548444875,0.01767200570802,0.03712356083302,0.25
Cho2017,CSPBLDA,8,0,1000,2,0.587206,0.96875179779621,0.2439664135625,0.00575072301456866,0.0117843094520687,0.25
Cho2017,CSPGP,1,0,1200,2,0.656776388888889,0.87758968156323,0.23811670390625,0.017272121844084,0.029155417937834,0.25
Cho2017,CSPGP,10,0,1000,2,0.55757,0.833561140221498,0.283123934125,0.0395856951405646,0.00646176101556459,0.25
Cho2017,CSPGP,11,0,1000,2,0.636494,0.903402327317057,0.2424529569375,0.0124975004996598,0.0200445435621598,0.25
Cho2017,CSPGP,15,0,1000,2,0.599212,0.940893937997352,0.2467061861875,0.0102382588568656,0.0135320726693656,0.25
Cho2017,CSPGP,2,0,1200,2,0.565391666666667,0.937442785262393,0.254770374583333,0.0104931213072937,0.00572274672396034,0.25
Cho2017,CSPGP,3,0,1040,2,0.690560281065089,0.944542148438392,0.223386998918269,0.00578176364110253,0.0323947647228333,0.25
Cho2017,CSPGP,4,0,1040,2,0.666486686390533,0.92006826128505,0.229065221694712,0.00841770673608272,0.0293524850413712,0.25
Cho2017,CSPGP,5,0,1040,2,0.536902736686391,0.9201120303023,0.266140517067308,0.0201214209333347,0.00398090386602701,0.25
Cho2017,CSPGP,6,0,1000,2,0.71223,0.949248360779893,0.2217252281875,0.0125310973225219,0.0408058691350219,0.25
Cho2017,CSPGP,8,0,1000,2,0.585396,0.955174047795373,0.2459309,0.00637196134180146,0.0104410613418014,0.25
Cho2017,CSPLDA,1,0,1200,2,0.704147222222222,0.981791155278319,0.228465041199377,0.0174859903404689,0.0390209491410915,0.25
Cho2017,CSPLDA,10,0,1000,2,0.564584,0.916415290123267,0.260859916469389,0.0188773799649195,0.00801746349553045,0.25
Cho2017,CSPLDA,11,0,1000,2,0.601228,0.913214646946685,0.257966360254503,0.0232489787043389,0.0152826184498361,0.25
Cho2017,CSPLDA,15,0,1000,2,0.668976,0.971819392482793,0.23041141053027,0.00669774897643347,0.0262863384461634,0.25
Cho2017,CSPLDA,2,0,1200,2,0.590544444444444,0.969013780799663,0.245848939138164,0.00601863776855047,0.0101696986303865,0.25
Cho2017,CSPLDA,3,0,1040,2,0.721863905325444,0.973035349343175,0.222153693035783,0.0170565018583398,0.0449028088225569,0.25
Cho2017,CSPLDA,4,0,1040,2,0.682832840236686,0.964359390773797,0.228971290705007,0.0106081885975774,0.0316368978925709,0.25
Cho2017,CSPLDA,5,0,1040,2,0.548291420118343,0.958359166369339,0.254781157314661,0.00919032715221366,0.00440916983755282,0.25
Cho2017,CSPLDA,6,0,1000,2,0.695112,0.967195893236224,0.230587800821005,0.0193393208855913,0.0387515200645865,0.25
Cho2017,CSPLDA,8,0,1000,2,0.588752,0.970342870028296,0.24341586299253,0.00546635724149855,0.0120504942489681,0.25
Cho2017,CSPSVM,1,0,1200,2,0.656972222222222,0.909613109328845,0.236964334186802,0.0135580764792262,0.0265937422924245,0.25
Cho2017,CSPSVM,10,0,1000,2,0.557356,0.8838721096085,0.26913111137319,0.0246807322551885,0.00554962088199804,0.25
Cho2017,CSPSVM,11,0,1000,2,0.626614,0.930890508033501,0.24225914248969,0.00916625787473252,0.0169071153850429,0.25
Cho2017,CSPSVM,15,0,1000,2,0.640492,0.942603032913676,0.24090768932737,0.00904859892768409,0.0181409096003139,0.25
Cho2017,CSPSVM,2,0,1200,2,0.571384722222222,0.941138040899873,0.252417353498749,0.0116347613432991,0.00921740784454997,0.25
Cho2017,CSPSVM,3,0,1040,2,0.701460798816568,0.945331286267185,0.22253310945493,0.00774618913144015,0.0352130796765097,0.25
Cho2017,CSPSVM,4,0,1040,2,0.65928624260355,0.921704789747245,0.234552997629586,0.00850917857388664,0.0239561809443007,0.25
Cho2017,CSPSVM,5,0,1040,2,0.541653106508876,0.923478639509349,0.264298156674806,0.0197970936206692,0.00549893694586351,0.25
Cho2017,CSPSVM,6,0,1000,2,0.7063,0.927218199194438,0.21997331072528,0.0142964463142621,0.0443231355889824,0.25
Cho2017,CSPSVM,8,0,1000,2,0.585948,0.939125115504101,0.248968710916406,0.00937701407008515,0.0104083031536787,0.25
Cho2017,DCNN,1,0,1200,2,0.763822222222222,0.809155408085072,0.194522384898008,0.00519882720707068,0.0606764423090625,0.25
Cho2017,DCNN,10,0,1000,2,0.719604,0.716803896546859,0.226320436587106,0.0219092214034975,0.0455887848163914,0.25
Cho2017,DCNN,11,0,1000,2,0.690336,0.806296114072487,0.22798446041023,0.0126564283682966,0.0346719679580664,0.25
Cho2017,DCNN,15,0,1000,2,0.701184,0.757343326913929,0.22948182612141,0.0183899903212087,0.0389081641997983,0.25
Cho2017,DCNN,2,0,1200,2,0.706561111111111,0.863916572440602,0.219217864861794,0.00681905800329688,0.0376011931415025,0.25
Cho2017,DCNN,3,0,1040,2,0.82228550295858,0.770193956408469,0.172889821983044,0.00768419190634209,0.0847943699232978,0.25
Cho2017,DCNN,4,0,1040,2,0.806752958579882,0.72829304406113,0.177455911065299,0.00512034333893488,0.0776644322736359,0.25
Cho2017,DCNN,5,0,1040,2,0.640358727810651,0.872586753516624,0.241546096611983,0.00995198867359581,0.0184058920616132,0.25
Cho2017,DCNN,6,0,1000,2,0.774154,0.777974689792364,0.19103588750784,0.00764174938343232,0.0666058618755927,0.25
Cho2017,DCNN,8,0,1000,2,0.646928,0.912488593700255,0.233779742417553,0.00704267098114933,0.0232629285635965,0.25
Cho2017,SCNN,1,0,1200,2,0.755491666666667,0.767668229245054,0.202505686575907,0.00709872363480607,0.0545930370588988,0.25
Cho2017,SCNN,10,0,1000,2,0.709828,0.672171648969919,0.232108446491569,0.0232542329540218,0.0411457864624531,0.25
Cho2017,SCNN,11,0,1000,2,0.741076,0.740257024138822,0.219034628864238,0.0199925495268995,0.0509579206626614,0.25
Cho2017,SCNN,15,0,1000,2,0.654492,0.637456816019165,0.269394443016419,0.0476819414195142,0.0282874984030952,0.25
Cho2017,SCNN,2,0,1200,2,0.707966666666667,0.814149752554945,0.220199270702518,0.00791921121613681,0.0377199405136187,0.25
Cho2017,SCNN,3,0,1040,2,0.841497781065089,0.684460740819769,0.169424734183553,0.0116623313133438,0.0922375971297905,0.25
Cho2017,SCNN,4,0,1040,2,0.799430473372781,0.738405609119945,0.182732115057913,0.00778129266671715,0.0750491776088044,0.25
Cho2017,SCNN,5,0,1040,2,0.735502958579882,0.81608603012186,0.213073474535592,0.0104081348041273,0.0473346602685352,0.25
Cho2017,SCNN,6,0,1000,2,0.781776,0.716243696894764,0.190613885846061,0.0103541154772507,0.0697402296311896,0.25
Cho2017,SCNN,8,0,1000,2,0.64174,0.749180164429352,0.259019341425006,0.0333688941178718,0.0243495526928661,0.25
Cho2017,TSBLR,1,0,1200,2,0.748901388888889,0.893592495505192,0.211154323489583,0.0127070005313837,0.0515526770418003,0.25
Cho2017,TSBLR,10,0,1000,2,0.638478,0.876582604602842,0.2442780320625,0.0132970175896192,0.0190189855271193,0.25
Cho2017,TSBLR,11,0,1000,2,0.661062,0.908087324503196,0.2329553294375,0.00941401918521989,0.0264586897477199,0.25
Cho2017,TSBLR,15,0,1000,2,0.67825,0.877646583102973,0.2288038584375,0.00903769374069863,0.0302338353031986,0.25
Cho2017,TSBLR,2,0,1200,2,0.609394444444444,0.880844759729523,0.250894333229167,0.0145303578986005,0.0136360246694338,0.25
Cho2017,TSBLR,3,0,1040,2,0.715406804733728,0.834562782202673,0.215156692247596,0.00615160808347989,0.0409949158358837,0.25
Cho2017,TSBLR,4,0,1040,2,0.646005917159763,0.840749771109484,0.237320491887019,0.0230408023288429,0.0357203104418236,0.25
Cho2017,TSBLR,5,0,1040,2,0.640558431952663,0.88323112639277,0.241376396694712,0.0109430256805184,0.0195666289858069,0.25
Cho2017,TSBLR,6,0,1000,2,0.729704,0.851581262974062,0.2073311575,0.00877874738371204,0.051447589883712,0.25
Cho2017,TSBLR,8,0,1000,2,0.650448,0.922144350751879,0.234488941,0.00608886076647969,0.0215999197664797,0.25
Cho2017,TSGP,1,0,1200,2,0.727458333333333,0.906620946322476,0.217249000208333,0.0118524287534833,0.04460342854515,0.25
Cho2017,TSGP,10,0,1000,2,0.632296,0.889782695339994,0.2451427869375,0.0137608414856589,0.0186180545481589,0.25
Cho2017,TSGP,11,0,1000,2,0.653266,0.919808601568147,0.2359043173125,0.00956465208541354,0.0236603347729135,0.25
Cho2017,TSGP,15,0,1000,2,0.66181,0.905600680370438,0.23077841975,0.00600226206317006,0.0252238423131701,0.25
Cho2017,TSGP,2,0,1200,2,0.597058333333333,0.908270069237046,0.25119187859375,0.0139505769067607,0.0127586983130107,0.25
Cho2017,TSGP,3,0,1040,2,0.707283653846154,0.871381270228538,0.215359185516827,0.00506193637484564,0.0397027508580187,0.25
Cho2017,TSGP,4,0,1040,2,0.669291789940828,0.905832130375783,0.225015162199519,0.0107117027644177,0.0356965405648985,0.25
Cho2017,TSGP,5,0,1040,2,0.615114644970414,0.90816112313767,0.244860971213942,0.00975232836486681,0.0148913571509245,0.25
Cho2017,TSGP,6,0,1000,2,0.71404,0.878245288428477,0.217685275375,0.0152695051614938,0.0475842297864938,0.25
Cho2017,TSGP,8,0,1000,2,0.60344,0.92981028027495,0.245413946625,0.00846132519599158,0.0130473785709916,0.25
Cho2017,TSLR,1,0,1200,2,0.749863888888889,0.855034246708298,0.211025367585826,0.0129469730811195,0.0519216054952936,0.25
Cho2017,TSLR,10,0,1000,2,0.630928,0.820738708255829,0.254143151882063,0.020905738571461,0.016762586689398,0.25
Cho2017,TSLR,11,0,1000,2,0.641236,0.85620859739131,0.243814939312727,0.0174833626351354,0.0236684233224082,0.25
Cho2017,TSLR,15,0,1000,2,0.665244,0.812639655747913,0.241305078397604,0.0189017265339763,0.0275966481363718,0.25
Cho2017,TSLR,2,0,1200,2,0.605261111111111,0.822327194631113,0.262235553330815,0.0260127165799725,0.0137771632491578,0.25
Cho2017,TSLR,3,0,1040,2,0.706065088757396,0.762719655071679,0.224992180139947,0.0136674799862091,0.0386752998462625,0.25
Cho2017,TSLR,4,0,1040,2,0.63708949704142,0.767460309580146,0.254080886308652,0.0390057674402641,0.0349248811316116,0.25
Cho2017,TSLR,5,0,1040,2,0.643317307692308,0.828684216745959,0.25078376356529,0.0201657627542487,0.0193819991889591,0.25
Cho2017,TSLR,6,0,1000,2,0.72952,0.792339919457202,0.209583630413098,0.00954082218233895,0.0499571917692414,0.25
Cho2017,TSLR,8,0,1000,2,0.655796,0.88975631879335,0.235185244943199,0.00812789612644865,0.0229426511832496,0.25
Cho2017,TSSVM,1,0,1200,2,0.741480555555556,0.900606898856532,0.212885826614578,0.0115930357675827,0.0487072091530046,0.25
Cho2017,TSSVM,10,0,1000,2,0.624828,0.867087723279565,0.249377865529786,0.0163267910942979,0.0169489255645119,0.25
Cho2017,TSSVM,11,0,1000,2,0.644172,0.903986901316851,0.237195472093822,0.0103993432756432,0.0232038711818209,0.25
Cho2017,TSSVM,15,0,1000,2,0.665326,0.876800566119228,0.233173849795375,0.0108149311115653,0.0276410813161906,0.25
Cho2017,TSSVM,2,0,1200,2,0.599230555555556,0.870826661926172,0.255868428610479,0.0190190000074605,0.0131505713969815,0.25
Cho2017,TSSVM,3,0,1040,2,0.707248520710059,0.84097943331602,0.218170492752741,0.0081796583874755,0.0400091656347344,0.25
Cho2017,TSSVM,4,0,1040,2,0.641020710059172,0.844939443010111,0.240111451883677,0.0238910366337437,0.033779584750067,0.25
Cho2017,TSSVM,5,0,1040,2,0.635850591715976,0.875384689000508,0.246808562311277,0.0150819807868116,0.0182734184755345,0.25
Cho2017,TSSVM,6,0,1000,2,0.728624,0.863614025980308,0.206656207544639,0.00676846214175622,0.0501122545971177,0.25
Cho2017,TSSVM,8,0,1000,2,0.651212,0.922837666454218,0.234295788954307,0.0060447296450489,0.0217489406907423,0.25
Dreyer2023,BDCNN,1,0,2160,2,0.883874742798354,0.531792599704983,0.140160922453704,0.00644378766866416,0.11628286521496,0.25
Dreyer2023,BDCNN,10,0,1920,2,0.826452365451389,0.509683795662936,0.182564475032552,0.0171701634656616,0.0846056884331096,0.25
Dreyer2023,BDCNN,11,0,2080,2,0.759669933431953,0.480282820158605,0.222554604777644,0.0299521945304914,0.0573975897528471,0.25
Dreyer2023,BDCNN,12,0,2152,2,0.849182308779276,0.568773199905447,0.162239434247212,0.00759909814597265,0.095358800173826,0.249999136275065
Dreyer2023,BDCNN,2,0,2160,2,0.846828275034294,0.499825184198104,0.169450916695602,0.0123202394275087,0.0928693227319068,0.25
Dreyer2023,BDCNN,3,0,2160,2,0.797162208504801,0.581979400632672,0.193498053935185,0.0135407383380597,0.0700426844028745,0.25
Dreyer2023,BDCNN,4,0,1920,2,0.847784288194444,0.4712537431735,0.173011660709635,0.018373106060849,0.0953614453512136,0.25
Dreyer2023,BDCNN,5,0,2160,2,0.908059842249657,0.460165610770134,0.126270703645833,0.00572433641975094,0.129453632773918,0.25
Dreyer2023,BDCNN,6,0,2160,2,0.857223936899863,0.496565360533685,0.160555472453704,0.00971758912873649,0.0991621166750328,0.25
Dreyer2023,BDCNN,9,0,1920,2,0.898525933159722,0.431900079470145,0.130425931542969,0.00691136763241401,0.126485436089445,0.25
Dreyer2023,BSCNN,1,0,2160,2,0.870615997942387,0.663957817936341,0.146965115856481,0.00499429532496526,0.108029179468484,0.25
Dreyer2023,BSCNN,10,0,1920,2,0.815519748263889,0.623515149163896,0.179627507454427,0.00733520419507344,0.0777076967406464,0.25
Dreyer2023,BSCNN,11,0,2080,2,0.72533099112426,0.565419560768809,0.233355431580529,0.0297420863506534,0.0463866547701245,0.25
Dreyer2023,BSCNN,12,0,2152,2,0.80613065439482,0.735567257896868,0.181041624593401,0.00536750371638803,0.0743250153980519,0.249999136275065
Dreyer2023,BSCNN,2,0,2160,2,0.821405606995885,0.614539991985081,0.179176799537037,0.00949261702494253,0.0803158174879055,0.25
Dreyer2023,BSCNN,3,0,2160,2,0.777989540466392,0.699571440796327,0.195473450607639,0.00705512929255836,0.0615816786849195,0.25
Dreyer2023,BSCNN,4,0,1920,2,0.818950737847222,0.590038794589683,0.181294951106771,0.0123643909863084,0.0810694398795376,0.25
Dreyer2023,BSCNN,5,0,2160,2,0.901318158436214,0.614475689943927,0.127135008709491,0.00391062764210723,0.126775618932617,0.25
Dreyer2023,BSCNN,6,0,2160,2,0.807625171467764,0.60869532414272,0.188321261053241,0.0125159987864302,0.0741947377331895,0.25
Dreyer2023,BSCNN,9,0,1920,2,0.889103732638889,0.546693387389202,0.134085130436198,0.0055541559487049,0.121469025512507,0.25
Dreyer2023,CSPBLDA,1,0,2160,2,0.527762774348422,0.997679198942624,0.249476552083333,0.00111058417418955,0.00163403209085622,0.25
Dreyer2023,CSPBLDA,10,0,1920,2,0.563824327256944,0.998147622269808,0.247696131608073,0.00374667262846659,0.00605054102039368,0.25
Dreyer2023,CSPBLDA,11,0,2080,2,0.515023576183432,0.99517185183882,0.250931493689904,0.00244740085174763,0.00151590716184377,0.25
Dreyer2023,CSPBLDA,12,0,2152,2,0.518459593080503,0.997327165864856,0.249901858126162,0.00212407068862008,0.00222134883752367,0.249999136275065
Dreyer2023,CSPBLDA,2,0,2160,2,0.547184499314129,0.996515528488304,0.249274737152778,0.00358514630538043,0.00431040915260264,0.25
Dreyer2023,CSPBLDA,3,0,2160,2,0.5062204218107,0.992070519690107,0.252066324103009,0.00291094966126895,0.000844625558259676,0.25
Dreyer2023,CSPBLDA,4,0,1920,2,0.705508897569444,0.941669214769123,0.226154884798177,0.012230068891825,0.0360751840936479,0.25
Dreyer2023,CSPBLDA,5,0,2160,2,0.520687585733882,0.998522562405849,0.249634013773148,0.000856896428698961,0.00122288265555082,0.25
Dreyer2023,CSPBLDA,6,0,2160,2,0.553764574759945,0.997756630653365,0.248306138049769,0.00181976568264153,0.003513627632873,0.25
Dreyer2023,CSPBLDA,9,0,1920,2,0.556592339409722,0.989513500703235,0.249017277376302,0.00442895924638737,0.00541168187008528,0.25
Dreyer2023,CSPGP,1,0,2160,2,0.541170267489712,0.989351558170257,0.249230210503472,0.00204909118899368,0.00281888068552147,0.25
Dreyer2023,CSPGP,10,0,1920,2,0.586372612847222,0.981110547861649,0.243994856022135,0.00719982312141343,0.013204967099278,0.25
Dreyer2023,CSPGP,11,0,2080,2,0.516959134615385,0.995497633243281,0.25043101703726,0.00208828156236485,0.00165726452510523,0.25
Dreyer2023,CSPGP,12,0,2152,2,0.506118648576749,0.991232976950618,0.252273538568773,0.00297661519931633,0.000702212905608401,0.249999136275065
Dreyer2023,CSPGP,2,0,2160,2,0.562686899862826,0.984925870175305,0.247131578009259,0.00199077678135773,0.00485919877209848,0.25
Dreyer2023,CSPGP,3,0,2160,2,0.507927812071331,0.995137773904197,0.250560266435185,0.00298940696579808,0.00242914053061288,0.25
Dreyer2023,CSPGP,4,0,1920,2,0.715765516493056,0.877494772244099,0.222899938769531,0.0123591217037772,0.039459182934246,0.25
Dreyer2023,CSPGP,5,0,2160,2,0.550474108367627,0.996091064874846,0.247847122569444,0.00234096619537394,0.0044938436259295,0.25
Dreyer2023,CSPGP,6,0,2160,2,0.545854766803841,0.981527949630256,0.249805964265046,0.00404715511504394,0.00424119084999766,0.25
Dreyer2023,CSPGP,9,0,1920,2,0.554365234375,0.983844222767274,0.24929920139974,0.00319545557594705,0.00389625417620748,0.25
Dreyer2023,CSPLDA,1,0,2160,2,0.528286179698217,0.997388922428697,0.24950301903195,0.0015677430377006,0.00206472400575058,0.25
Dreyer2023,CSPLDA,10,0,1920,2,0.573018663194444,0.997857693523375,0.247315973511249,0.00426513924402125,0.00694916573277202,0.25
Dreyer2023,CSPLDA,11,0,2080,2,0.515418823964497,0.995168000948399,0.250980180098291,0.00258250328827711,0.00160232318998602,0.25
Dreyer2023,CSPLDA,12,0,2152,2,0.516340868495697,0.996757898813256,0.250157857545354,0.00247398911526236,0.00231526784497324,0.249999136275065
Dreyer2023,CSPLDA,2,0,2160,2,0.544384430727023,0.996274583764182,0.249577629775625,0.00412901608967017,0.00455138631404564,0.25
Dreyer2023,CSPLDA,3,0,2160,2,0.499909122085048,0.98942354732314,0.25318009093302,0.00385536682938892,0.000675275896369065,0.25
Dreyer2023,CSPLDA,4,0,1920,2,0.706655815972222,0.930907893121854,0.225274923111264,0.0116210293006251,0.0363461061893615,0.25
Dreyer2023,CSPLDA,5,0,2160,2,0.529525034293553,0.998259076480586,0.249366283414143,0.00143719007933416,0.00207090666519086,0.25
Dreyer2023,CSPLDA,6,0,2160,2,0.558055555555556,0.997454039237079,0.247994775759264,0.00229720502235362,0.00430242926308949,0.25
Dreyer2023,CSPLDA,9,0,1920,2,0.559485677083333,0.988047442305099,0.248837634923718,0.005247567323973,0.00640993240025509,0.25
Dreyer2023,CSPSVM,1,0,2160,2,0.545554698216735,0.991485997942728,0.249161135145748,0.00177373705707884,0.00261260191133131,0.25
Dreyer2023,CSPSVM,10,0,1920,2,0.583458116319444,0.988884550398417,0.244730346905871,0.00391378084505806,0.00918343393918705,0.25
Dreyer2023,CSPSVM,11,0,2080,2,0.526398853550296,0.995300499061998,0.249851198086816,0.00194766897065371,0.00209647088383794,0.25
Dreyer2023,CSPSVM,12,0,2152,2,0.51842547582771,0.990890109802671,0.251448749647529,0.00273764211984712,0.00128802874738373,0.249999136275065
Dreyer2023,CSPSVM,2,0,2160,2,0.566236282578875,0.987170201567033,0.24715133213036,0.00361046491198391,0.0064591327816235,0.25
Dreyer2023,CSPSVM,3,0,2160,2,0.512150205761317,0.996988092347717,0.250158924169631,0.00231669732946058,0.00215777315982987,0.25
Dreyer2023,CSPSVM,4,0,1920,2,0.718250868055556,0.89775548057235,0.222722322354945,0.0123100453361209,0.0395877229811756,0.25
Dreyer2023,CSPSVM,5,0,2160,2,0.565423525377229,0.997210277727659,0.2467826910902,0.00526675014249783,0.00848405905229818,0.25
Dreyer2023,CSPSVM,6,0,2160,2,0.543286179698217,0.988379078419296,0.249477520881426,0.00220790114130129,0.00273038025987496,0.25
Dreyer2023,CSPSVM,9,0,1920,2,0.584393988715278,0.986534631534844,0.244683242268255,0.0034327376624492,0.00874949539419431,0.25
Dreyer2023,DCNN,1,0,2160,2,0.884408864883402,0.576883528295836,0.138891125765614,0.00352887192166199,0.114637746156048,0.25
Dreyer2023,DCNN,10,0,1920,2,0.825311414930556,0.601701357953225,0.175950410655791,0.00930539156588908,0.0833549809100982,0.25
Dreyer2023,DCNN,11,0,2080,2,0.771290680473373,0.574239601236384,0.211381953702681,0.0205366920979553,0.0591547383952745,0.25
Dreyer2023,DCNN,12,0,2152,2,0.854285645187481,0.620122649014322,0.158056802815871,0.00647247955242405,0.0984148130116183,0.249999136275065
Dreyer2023,DCNN,2,0,2160,2,0.848860596707819,0.564861101755501,0.163250027150533,0.00731058217240971,0.0940605550218765,0.25
Dreyer2023,DCNN,3,0,2160,2,0.800175754458162,0.616896618657945,0.191751150039224,0.0128957395832153,0.071144589543991,0.25
Dreyer2023,DCNN,4,0,1920,2,0.846761067708333,0.526336712033269,0.169542278834529,0.0139748314539986,0.0944325526194697,0.25
Dreyer2023,DCNN,5,0,2160,2,0.90644890260631,0.559837767669803,0.124960944826599,0.00372217161988425,0.128761226793286,0.25
Dreyer2023,DCNN,6,0,2160,2,0.867994684499314,0.626927944635227,0.149934630148677,0.00526375495553263,0.105329124806855,0.25
Dreyer2023,DCNN,9,0,1920,2,0.900037977430556,0.520532535116504,0.126148337364318,0.00714069828774125,0.130992360923423,0.25
Dreyer2023,SCNN,1,0,2160,2,0.878443930041152,0.656862845763934,0.142233881530558,0.00381208598954391,0.111578204458986,0.25
Dreyer2023,SCNN,10,0,1920,2,0.816489800347222,0.586916198258071,0.180587380875268,0.00894381775055239,0.0783564368752843,0.25
Dreyer2023,SCNN,11,0,2080,2,0.723170303254438,0.5568366305319,0.231291537922124,0.0303973030653877,0.0491057651432637,0.25
Dreyer2023,SCNN,12,0,2152,2,0.809953082299451,0.731649793774975,0.180576905622065,0.00630607271464262,0.0757283033676429,0.249999136275065
Dreyer2023,SCNN,2,0,2160,2,0.818117283950617,0.58897241882419,0.180716306861083,0.0103542311441704,0.0796379242830873,0.25
Dreyer2023,SCNN,3,0,2160,2,0.772826646090535,0.6964837771669,0.197736326357275,0.0079801167341195,0.0602437903768446,0.25
Dreyer2023,SCNN,4,0,1920,2,0.816545138888889,0.555844270675115,0.182985622354855,0.0123862903896981,0.0794006680348434,0.25
Dreyer2023,SCNN,5,0,2160,2,0.897972393689986,0.603154130855196,0.129392557241304,0.00317598469868544,0.123783427457382,0.25
Dreyer2023,SCNN,6,0,2160,2,0.810068587105624,0.574440292751728,0.194202009310005,0.0197163685618423,0.075514359251837,0.25
Dreyer2023,SCNN,9,0,1920,2,0.888327907986111,0.579843183664893,0.133918258157838,0.00462019902205432,0.120701940864217,0.25
Dreyer2023,TSBLR,1,0,2160,2,0.778118569958848,0.839263285430676,0.197986414149306,0.0099813227856976,0.061994908636392,0.25
Dreyer2023,TSBLR,10,0,1920,2,0.688967013888889,0.788571270984099,0.231954345800781,0.0152660098374331,0.0333116640366519,0.25
Dreyer2023,TSBLR,11,0,2080,2,0.706522281804734,0.830355044630092,0.220767902614183,0.00617085058214201,0.0354029479679593,0.25
Dreyer2023,TSBLR,12,0,2152,2,0.658135194148762,0.86252200076558,0.235734033079693,0.00919368481092034,0.0234587880062923,0.249999136275065
Dreyer2023,TSBLR,2,0,2160,2,0.731259430727023,0.811494830765254,0.212614326099537,0.00716435503423674,0.0445500289346997,0.25
Dreyer2023,TSBLR,3,0,2160,2,0.703270747599451,0.777420345611124,0.226005859346065,0.0139153673667941,0.0379095080207292,0.25
Dreyer2023,TSBLR,4,0,1920,2,0.756858181423611,0.817277653720887,0.199679281738281,0.00558492562859125,0.05590564389031,0.25
Dreyer2023,TSBLR,5,0,2160,2,0.775773319615912,0.777976917068702,0.192673309548611,0.00485859906441388,0.0621852895158028,0.25
Dreyer2023,TSBLR,6,0,2160,2,0.700429955418381,0.79395708252311,0.224952856076389,0.00940408885555666,0.0344512327791678,0.25
Dreyer2023,TSBLR,9,0,1920,2,0.787222764756944,0.798164108624159,0.18712751077474,0.0062126810015283,0.0690851702267887,0.25
Dreyer2023,TSGP,1,0,2160,2,0.751898148148148,0.856184701852896,0.204626639612269,0.00632045241730395,0.0516938128050354,0.25
Dreyer2023,TSGP,10,0,1920,2,0.683190104166667,0.832071594685123,0.229844151009115,0.00942397080337365,0.0295798197942591,0.25
Dreyer2023,TSGP,11,0,2080,2,0.685855676775148,0.850069763032274,0.227145438882212,0.00661662628205822,0.0294711873998467,0.25
Dreyer2023,TSGP,12,0,2152,2,0.638224970028641,0.865013706949456,0.2417270665079,0.0104265272239348,0.0186985969911004,0.249999136275065
Dreyer2023,TSGP,2,0,2160,2,0.712804783950617,0.810707183985248,0.22210272974537,0.0101186271415845,0.0380158973962141,0.25
Dreyer2023,TSGP,3,0,2160,2,0.683701131687243,0.779175912644266,0.235493972771991,0.0164705404900254,0.0309765677180346,0.25
Dreyer2023,TSGP,4,0,1920,2,0.745687391493056,0.843163060038526,0.203595446679687,0.00401109763543589,0.0504156509557484,0.25
Dreyer2023,TSGP,5,0,2160,2,0.736290294924554,0.779582581460859,0.210407245457176,0.00882835514847136,0.0484211096912954,0.25
Dreyer2023,TSGP,6,0,2160,2,0.698708847736626,0.843006007696785,0.22200717427662,0.00610372471378853,0.0340965504371682,0.25
Dreyer2023,TSGP,9,0,1920,2,0.786747504340278,0.840822983848378,0.189062379361979,0.00888061781416843,0.0698182384521892,0.25
Dreyer2023,TSLR,1,0,2160,2,0.780032578875172,0.796056801027197,0.198223303123988,0.0109376541907308,0.0627143510667428,0.25
Dreyer2023,TSLR,10,0,1920,2,0.686115451388889,0.719907913323493,0.242025914748034,0.0254529686685969,0.0334270539205634,0.25
Dreyer2023,TSLR,11,0,2080,2,0.69911150147929,0.773971246935468,0.228392386708741,0.0120864483603009,0.0336940616515602,0.25
Dreyer2023,TSLR,12,0,2152,2,0.660532470987379,0.810168448514261,0.242068859610802,0.0160380569636922,0.0239683336279559,0.249999136275065
Dreyer2023,TSLR,2,0,2160,2,0.729613340192044,0.766127062649378,0.21584281272901,0.0095155541061755,0.0436727413771657,0.25
Dreyer2023,TSLR,3,0,2160,2,0.700110596707819,0.731261901259058,0.231675693967263,0.0185152815781483,0.0368395876108852,0.25
Dreyer2023,TSLR,4,0,1920,2,0.746991102430556,0.767856066434052,0.206464595049521,0.0096560996223877,0.053191504572867,0.25
Dreyer2023,TSLR,5,0,2160,2,0.787320816186557,0.737141541003604,0.188892103570114,0.00518857301869743,0.0662964694485838,0.25
Dreyer2023,TSLR,6,0,2160,2,0.701793552812071,0.735893787892452,0.230453067398151,0.0145411765538218,0.0340881091556708,0.25
Dreyer2023,TSLR,9,0,1920,2,0.766303168402778,0.731114304497557,0.199092026787702,0.00947755507481671,0.060385528287115,0.25
Dreyer2023,TSSVM,1,0,2160,2,0.776806412894376,0.831513169108722,0.198095609025194,0.00908461361717899,0.0609890045919854,0.25
Dreyer2023,TSSVM,10,0,1920,2,0.684295789930556,0.749837143188409,0.239321351566441,0.0229380310562365,0.0336166794897957,0.25
Dreyer2023,TSSVM,11,0,2080,2,0.692083949704142,0.801657443150921,0.228876043653662,0.0105083367977158,0.031632293144054,0.25
Dreyer2023,TSSVM,12,0,2152,2,0.656927270654326,0.827972407661208,0.241858167474554,0.0148310276494179,0.0229719964499294,0.249999136275065
Dreyer2023,TSSVM,2,0,2160,2,0.727420267489712,0.797175222251283,0.214212548329543,0.00741920948163835,0.0432066611520951,0.25
Dreyer2023,TSSVM,3,0,2160,2,0.698810871056241,0.763275425632234,0.228796787609853,0.0155098712380841,0.0367130836282314,0.25
Dreyer2023,TSSVM,4,0,1920,2,0.750533854166667,0.800160199670954,0.203165963583812,0.00738551500290599,0.0542195514190943,0.25
Dreyer2023,TSSVM,5,0,2160,2,0.786691958161866,0.774619233341255,0.188428939546531,0.00402985249713664,0.0656009129506058,0.25
Dreyer2023,TSSVM,6,0,2160,2,0.698132716049383,0.766893100276457,0.229378698221585,0.0123946654624479,0.0330159672408626,0.25
Dreyer2023,TSSVM,9,0,1920,2,0.773509114583333,0.77370636665147,0.193772910408764,0.00729671911585494,0.0635238087070913,0.25
Forenzo2023,BDCNN,1,0,148,2,0.68690650109569,0.661272085064835,0.253611021114865,0.0618595216047446,0.0582485004898798,0.25
Forenzo2023,BDCNN,1,1,147,2,0.759163272861903,0.695060459629063,0.212887951530612,0.0389053731512752,0.0760058523671112,0.249988430746448
Forenzo2023,BDCNN,12,0,146,2,0.532088571964721,0.660621009311213,0.324941148544521,0.0870853437709075,0.012144195226387,0.25
Forenzo2023,BDCNN,12,1,149,2,0.624864864864865,0.709871043093664,0.26904520385906,0.0525925241586421,0.0335360595455617,0.24998873924598
Forenzo2023,BDCNN,13,0,147,2,0.61884487226953,0.835565549565509,0.261206700255102,0.03244602305189,0.0212277535432361,0.249988430746448
Forenzo2023,BDCNN,13,1,147,2,0.646890040725657,0.871742124233833,0.243445100765306,0.024944657109583,0.0314879870907251,0.249988430746448
Forenzo2023,BDCNN,14,0,218,2,0.73962629408299,0.649288700105365,0.216451324827982,0.0311181215918341,0.0646667967638524,0.25
Forenzo2023,BDCNN,14,1,219,2,0.784737281067556,0.593175863855379,0.195279476312785,0.0283387856438006,0.0830540967624699,0.249994787431455
Forenzo2023,BDCNN,2,0,218,2,0.73684432095647,0.800551817667936,0.200028954415138,0.0134168623933651,0.0633037399789008,0.249915832000673
Forenzo2023,BDCNN,2,1,219,2,0.711926605504587,0.832458851603034,0.214082125570776,0.0169468026440408,0.0528594645047193,0.249994787431455
Forenzo2023,BDCNN,3,0,218,2,0.748190235690236,0.575227358109381,0.243353995126147,0.0562770848513335,0.062902047725355,0.249978958000168
Forenzo2023,BDCNN,3,1,219,2,0.677093760427094,0.46796620836068,0.293840626141553,0.0808349012203812,0.0369473619619212,0.249953086883093
Forenzo2023,BDCNN,4,0,148,2,0.700237399561724,0.881722198186589,0.214566531672297,0.0163990709752379,0.0518325393029406,0.25
Forenzo2023,BDCNN,4,1,147,2,0.591018518518518,0.834547463064459,0.253710176020408,0.0386708269474457,0.0348565276450717,0.249895876718034
Forenzo2023,BDCNN,5,0,218,2,0.595496632996633,0.841847636567876,0.264776209002294,0.0325460216779488,0.0177487706758236,0.249978958000168
Forenzo2023,BDCNN,5,1,220,2,0.644965277777778,0.747380412199802,0.261077291761364,0.0479627154888926,0.0368027790994298,0.249917355371901
Forenzo2023,BDCNN,7,0,218,2,0.678285762397912,0.602952352069577,0.273724689220184,0.068978452094517,0.0451695948750069,0.249915832000673
Forenzo2023,BDCNN,7,1,221,2,0.804545454545455,0.601191534842622,0.193955431561086,0.0250400655222552,0.0810795153108549,0.249994881349686
Forenzo2023,BDCNN,8,0,146,2,0.737661850253331,0.610392875767425,0.241448668236301,0.0482592485422183,0.0568105803059169,0.25
Forenzo2023,BDCNN,8,1,148,2,0.760682980277575,0.627770558328909,0.222863691300676,0.0370100808147123,0.0641463895140366,0.25
Forenzo2023,BSCNN,1,0,148,2,0.642348429510592,0.839730296404663,0.235032481841216,0.0305464464267361,0.0455139645855199,0.25
Forenzo2023,BSCNN,1,1,147,2,0.693076638282118,0.835245455417976,0.217383711309524,0.0376462860363843,0.0702510054733087,0.249988430746448
Forenzo2023,BSCNN,12,0,146,2,0.523268905986114,0.879496209346362,0.277772582191781,0.0371320155666252,0.00935943337484435,0.25
Forenzo2023,BSCNN,12,1,149,2,0.581531531531532,0.92664419020683,0.251545257130873,0.0185517554796527,0.0169952375947601,0.24998873924598
Forenzo2023,BSCNN,13,0,147,2,0.639207700851536,0.932615207601329,0.246536011054422,0.0300252521614926,0.0334776718535191,0.249988430746448
Forenzo2023,BSCNN,13,1,147,2,0.685394298407997,0.965902797137859,0.227819725340136,0.012173446124516,0.0343421515308282,0.249988430746448
Forenzo2023,BSCNN,14,0,218,2,0.786970793704234,0.841827080885358,0.203079987098624,0.0417529316251784,0.0886729445265545,0.25
Forenzo2023,BSCNN,14,1,219,2,0.817264386989158,0.811061311741933,0.186220300799087,0.0372038319550317,0.1009783185874,0.249994787431455
Forenzo2023,BSCNN,2,0,218,2,0.694914540708933,0.961802003837927,0.217717844896789,0.0186277217762317,0.050825708880116,0.249915832000673
Forenzo2023,BSCNN,2,1,219,2,0.699708090075063,0.968165520356557,0.222485839041096,0.0243145698124239,0.0518235182027827,0.249994787431455
Forenzo2023,BSCNN,3,0,218,2,0.687457912457912,0.772792397006996,0.23994388646789,0.0307594080173564,0.0407944795496349,0.249978958000168
Forenzo2023,BSCNN,3,1,219,2,0.641224557891225,0.748845765635692,0.257722077340183,0.0450153205583071,0.037246330101217,0.249953086883093
Forenzo2023,BSCNN,4,0,148,2,0.664262235208181,0.966450886547715,0.227805613175676,0.0133367828399723,0.0355311696642966,0.25
Forenzo2023,BSCNN,4,1,147,2,0.678796296296296,0.938769283248484,0.225985236819728,0.0160323684004169,0.0399430082987231,0.249895876718034
Forenzo2023,BSCNN,5,0,218,2,0.57723063973064,0.967459138379128,0.245842443807339,0.0107092619675495,0.0148457761603784,0.249978958000168
Forenzo2023,BSCNN,5,1,220,2,0.667700066137566,0.951878377431188,0.228203055965909,0.0177701620422345,0.0394844614482262,0.249917355371901
Forenzo2023,BSCNN,7,0,218,2,0.616990822598299,0.84956175876348,0.24581369581422,0.0329140064948563,0.0370161426813094,0.249915832000673
Forenzo2023,BSCNN,7,1,221,2,0.755159705159705,0.812590335485809,0.208217538178733,0.0235782562322691,0.0653555994032218,0.249994881349686
Forenzo2023,BSCNN,8,0,146,2,0.720397823231375,0.897601331272776,0.224067547517123,0.0355143405741256,0.0614467930570023,0.25
Forenzo2023,BSCNN,8,1,148,2,0.829346238130022,0.910549359126916,0.184848066722973,0.0296721086058384,0.0948240418828654,0.25
Forenzo2023,CSPBLDA,1,0,148,2,0.629474068663258,0.999626285169504,0.247602462837838,0.0240668931066159,0.0264644302687781,0.25
Forenzo2023,CSPBLDA,1,1,147,2,0.563587560162903,0.999377078970434,0.248450480442177,0.0124131311395215,0.0139510814437928,0.249988430746448
Forenzo2023,CSPBLDA,12,0,146,2,0.452617751923438,0.998690321534825,0.251436230308219,0.00585017521370318,0.00441394490548402,0.25
Forenzo2023,CSPBLDA,12,1,149,2,0.581081081081081,0.999134105499277,0.24817241442953,0.0127973867726233,0.0146137115890731,0.24998873924598
Forenzo2023,CSPBLDA,13,0,147,2,0.639207700851536,0.999390623442836,0.247217913265306,0.027184963831681,0.0299554813128231,0.249988430746448
Forenzo2023,CSPBLDA,13,1,147,2,0.639485375786746,0.999593127080374,0.247882466836735,0.0285037729682449,0.0306097368779585,0.249988430746448
Forenzo2023,CSPBLDA,14,0,218,2,0.54995370760037,0.996985824827609,0.248729561066514,0.0081041059915174,0.00937454492500364,0.25
Forenzo2023,CSPBLDA,14,1,219,2,0.525646371976647,0.995992599947519,0.249721030251142,0.00618549597952001,0.00645925315983317,0.249994787431455
Forenzo2023,CSPBLDA,2,0,218,2,0.56798854929696,0.99880938578445,0.248651949254587,0.0122103658790225,0.0134742486251087,0.249915832000673
Forenzo2023,CSPBLDA,2,1,219,2,0.541993327773144,0.998880303344448,0.248243907534247,0.0168164627036322,0.0185673426008404,0.249994787431455
Forenzo2023,CSPBLDA,3,0,218,2,0.603998316498316,0.983189059695588,0.24212856565367,0.0222498205455668,0.0301002128920655,0.249978958000168
Forenzo2023,CSPBLDA,3,1,219,2,0.632215548882216,0.964931515266799,0.2362450793379,0.0157902383451858,0.0294982458903788,0.249953086883093
Forenzo2023,CSPBLDA,4,0,148,2,0.564554419284149,0.99907688858701,0.249123810810811,0.008470125749231,0.0093463149384202,0.25
Forenzo2023,CSPBLDA,4,1,147,2,0.478796296296296,0.99918097474043,0.250610231292517,0.00803139340451073,0.00731703883002785,0.249895876718034
Forenzo2023,CSPBLDA,5,0,218,2,0.493560606060606,0.999052250058017,0.250850068520642,0.00400812498614525,0.00313701446567141,0.249978958000168
Forenzo2023,CSPBLDA,5,1,220,2,0.578455687830688,0.998988614000554,0.248177603409091,0.018306156044276,0.020045908007086,0.249917355371901
Forenzo2023,CSPBLDA,7,0,218,2,0.540287951502905,0.99938746991427,0.248775279529817,0.0130119372694736,0.0141524897403304,0.249915832000673
Forenzo2023,CSPBLDA,7,1,221,2,0.63972153972154,0.999147705561983,0.246778249717195,0.0210237247740286,0.0242403564065198,0.249994881349686
Forenzo2023,CSPBLDA,8,0,146,2,0.507412272471383,0.998316000809676,0.250084847174658,0.00940376265795659,0.00931891548329908,0.25
Forenzo2023,CSPBLDA,8,1,148,2,0.524287801314828,0.998909704516282,0.249862421875,0.0078931926437327,0.00803077076873271,0.25
Forenzo2023,CSPGP,1,0,148,2,0.619612856099343,0.997683048157167,0.245766499577703,0.0199947355706446,0.0242282359929419,0.25
Forenzo2023,CSPGP,1,1,147,2,0.629859311366161,0.995450575979012,0.24325493537415,0.0210679386973571,0.0278014340696557,0.249988430746448
Forenzo2023,CSPGP,12,0,146,2,0.513792456370801,0.981902493100451,0.252878489726027,0.00987225185677584,0.00699376213074845,0.25
Forenzo2023,CSPGP,12,1,149,2,0.576666666666667,0.987008019614375,0.245980404781879,0.0111164246158856,0.0151247590799863,0.24998873924598
Forenzo2023,CSPGP,13,0,147,2,0.575620140688634,0.994468048179774,0.247425977891156,0.0159162334422412,0.018478686297533,0.249988430746448
Forenzo2023,CSPGP,13,1,147,2,0.536282858200666,0.99740195562211,0.248869738520408,0.0121810089745358,0.0132997012005758,0.249988430746448
Forenzo2023,CSPGP,14,0,218,2,0.564262267485902,0.992645691722033,0.249692151662844,0.0149333244452241,0.01524117278238,0.25
Forenzo2023,CSPGP,14,1,219,2,0.603419516263553,0.989561992968116,0.247191050799087,0.0228287030389077,0.0256324396712757,0.249994787431455
Forenzo2023,CSPGP,2,0,218,2,0.569630378041593,0.987153877451979,0.248293788417431,0.0145527670841072,0.0161748106673494,0.249915832000673
Forenzo2023,CSPGP,2,1,219,2,0.506171809841535,0.986706318985644,0.252352000856164,0.0158750957828526,0.013517882358143,0.249994787431455
Forenzo2023,CSPGP,3,0,218,2,0.531144781144781,0.983686098876901,0.249026331708716,0.0112059556076488,0.0121585818991016,0.249978958000168
Forenzo2023,CSPGP,3,1,219,2,0.637345679012346,0.955725365802234,0.237767340182648,0.0174120142594921,0.0295977609599362,0.249953086883093
Forenzo2023,CSPGP,4,0,148,2,0.514243973703433,0.994931244235909,0.251080195523649,0.00561857431575877,0.00453837879211014,0.25
Forenzo2023,CSPGP,4,1,147,2,0.497685185185185,0.995950691783208,0.251246459183673,0.00507890125140967,0.00372831878577032,0.249895876718034
Forenzo2023,CSPGP,5,0,218,2,0.486195286195286,0.995301818578847,0.253274772649083,0.0095210973139063,0.00622528266499209,0.249978958000168
Forenzo2023,CSPGP,5,1,220,2,0.602347883597884,0.995993104006013,0.245705713636364,0.0237045040616247,0.0279161457971619,0.249917355371901
Forenzo2023,CSPGP,7,0,218,2,0.550644102045971,0.993579524450456,0.247961090309633,0.00731166171370695,0.00926640340474724,0.249915832000673
Forenzo2023,CSPGP,7,1,221,2,0.616789516789517,0.992160146946017,0.243100987273756,0.0138519584057699,0.0207458524816999,0.249994881349686
Forenzo2023,CSPGP,8,0,146,2,0.522142991180334,0.972594301194175,0.25636480265411,0.0192479025235108,0.0128830998694012,0.25
Forenzo2023,CSPGP,8,1,148,2,0.476716581446311,0.986819762924587,0.256473092060811,0.0101608950023451,0.00368780294153431,0.25
Forenzo2023,CSPLDA,1,0,148,2,0.70872899926954,0.998048317999671,0.24166969528332,0.0399506823143068,0.0482809870309871,0.25
Forenzo2023,CSPLDA,1,1,147,2,0.617363939281747,0.995526661675061,0.242579811705246,0.0391217618186247,0.0465303808598269,0.249988430746448
Forenzo2023,CSPLDA,12,0,146,2,0.502158003377744,0.988987402779269,0.252047805889698,0.0101525210246539,0.0081047151349555,0.25
Forenzo2023,CSPLDA,12,1,149,2,0.560720720720721,0.992609106852771,0.246804017549978,0.0108358346019295,0.0140205562979312,0.24998873924598
Forenzo2023,CSPLDA,13,0,147,2,0.590892262125139,0.993341543998835,0.248612314123734,0.0270303480039524,0.028406464626667,0.249988430746448
Forenzo2023,CSPLDA,13,1,147,2,0.605331358756016,0.99760855769008,0.248186720830838,0.0185188891906397,0.02032059910625,0.249988430746448
Forenzo2023,CSPLDA,14,0,218,2,0.559548859523609,0.99254876408385,0.248241333383505,0.00827040242269517,0.0100290690391903,0.25
Forenzo2023,CSPLDA,14,1,219,2,0.603753127606339,0.988107325412461,0.246791767388047,0.0226035204266842,0.0258065404700923,0.249994787431455
Forenzo2023,CSPLDA,2,0,218,2,0.589711206533636,0.989949707058815,0.246504363021793,0.0193657104191721,0.0227771793980526,0.249915832000673
Forenzo2023,CSPLDA,2,1,219,2,0.541034195162636,0.98788122440012,0.247218959956122,0.025119938388658,0.0278957658639905,0.249994787431455
Forenzo2023,CSPLDA,3,0,218,2,0.637373737373737,0.984195591233007,0.24157229788343,0.026669645610546,0.0350763057272843,0.249978958000168
Forenzo2023,CSPLDA,3,1,219,2,0.642559225892559,0.970489656594231,0.234322372622875,0.0160911714666135,0.0317218857268309,0.249953086883093
Forenzo2023,CSPLDA,4,0,148,2,0.550584368151936,0.996253223852887,0.248806553915311,0.0068491820886046,0.00804262817329374,0.25
Forenzo2023,CSPLDA,4,1,147,2,0.460925925925926,0.993953175203125,0.253559967312769,0.0113212536454838,0.00765716305074907,0.249895876718034
Forenzo2023,CSPLDA,5,0,218,2,0.459680134680135,0.99364045922544,0.255246013251987,0.00906694238493502,0.00379988713311594,0.249978958000168
Forenzo2023,CSPLDA,5,1,220,2,0.546957671957672,0.992334882931339,0.248767929501501,0.019254040612612,0.0204034664830119,0.249917355371901
Forenzo2023,CSPLDA,7,0,218,2,0.567567567567568,0.9961929870541,0.246486205173416,0.0115465137867762,0.0149761406140334,0.249915832000673
Forenzo2023,CSPLDA,7,1,221,2,0.655200655200655,0.99388429459356,0.240792966108141,0.0212224384936218,0.0304243537351669,0.249994881349686
Forenzo2023,CSPLDA,8,0,146,2,0.507412272471383,0.99203192910305,0.252030200492955,0.00628032520037194,0.00425012470741723,0.25
Forenzo2023,CSPLDA,8,1,148,2,0.492878013148283,0.972898719585225,0.260535782648848,0.0150189077731976,0.00448312512434945,0.25
Forenzo2023,CSPSVM,1,0,148,2,0.710189919649379,0.998511855463264,0.245003693477818,0.042103539015164,0.0470998455373456,0.25
Forenzo2023,CSPSVM,1,1,147,2,0.648833765272121,0.998393753506837,0.244551421578884,0.0346574546024224,0.0400944637699863,0.249988430746448
Forenzo2023,CSPSVM,12,0,146,2,0.522799774817039,0.992019002769282,0.250669482755634,0.00698020199357793,0.00631071923794432,0.25
Forenzo2023,CSPSVM,12,1,149,2,0.563063063063063,0.994937556671848,0.247040884417223,0.0105029965034966,0.0134508513322531,0.24998873924598
Forenzo2023,CSPSVM,13,0,147,2,0.614587189929656,0.995762845077837,0.245675700865817,0.020043175656388,0.0243559055370191,0.249988430746448
Forenzo2023,CSPSVM,13,1,147,2,0.588855979266938,0.998320238423037,0.247619803895441,0.0176420985275791,0.0200107253785868,0.249988430746448
Forenzo2023,CSPSVM,14,0,218,2,0.561484723508122,0.992884912002553,0.248386610216842,0.0101893343938808,0.011802724177039,0.25
Forenzo2023,CSPSVM,14,1,219,2,0.550291909924937,0.991928571667591,0.249598116753603,0.0176204292964638,0.0180170999743152,0.249994787431455
Forenzo2023,CSPSVM,2,0,218,2,0.569125199966321,0.995784502217464,0.248116079540262,0.0159212262686344,0.0177209787290455,0.249915832000673
Forenzo2023,CSPSVM,2,1,219,2,0.522268557130942,0.994349068346761,0.249406794368079,0.0117330819286851,0.012321074992061,0.249994787431455
Forenzo2023,CSPSVM,3,0,218,2,0.585185185185185,0.987687989942059,0.245933552590069,0.00869855644531906,0.0127439618554183,0.249978958000168
Forenzo2023,CSPSVM,3,1,219,2,0.616908575241909,0.947605620329294,0.243574096147711,0.0154962696109807,0.0218752603463619,0.249953086883093
Forenzo2023,CSPSVM,4,0,148,2,0.538075237399562,0.992380679271337,0.250217327493672,0.00774169001400554,0.0075243625203335,0.25
Forenzo2023,CSPSVM,4,1,147,2,0.492962962962963,0.994341621253299,0.251685932838659,0.0108235467876129,0.00903349066698833,0.249895876718034
Forenzo2023,CSPSVM,5,0,218,2,0.472390572390572,0.996130721730664,0.253809480383869,0.00418469906922367,0.000354176685522761,0.249978958000168
Forenzo2023,CSPSVM,5,1,220,2,0.62880291005291,0.997888680988173,0.245405965830677,0.0180644348126751,0.0225758243538992,0.249917355371901
Forenzo2023,CSPSVM,7,0,218,2,0.573713900816705,0.998121373407119,0.247283364235787,0.0154787222647527,0.0181111900296388,0.249915832000673
Forenzo2023,CSPSVM,7,1,221,2,0.614127764127764,0.997862581032256,0.246042490225657,0.0187773796530133,0.0227297707770416,0.249994881349686
Forenzo2023,CSPSVM,8,0,146,2,0.486019891161569,0.982905496022321,0.255831993136096,0.0190532467683083,0.0132212536322125,0.25
Forenzo2023,CSPSVM,8,1,148,2,0.455168005843682,0.994903736980541,0.254348157084756,0.011151835763435,0.0068036786786787,0.25
Forenzo2023,DCNN,1,0,148,2,0.695763330898466,0.725897279446076,0.23040156779541,0.0422224017560749,0.0618208339606645,0.25
Forenzo2023,DCNN,1,1,147,2,0.765457238059978,0.7572980535811,0.204479507201739,0.0341215022486057,0.079630425793315,0.249988430746448
Forenzo2023,DCNN,12,0,146,2,0.550572340026271,0.794707308930447,0.283231986180313,0.0517905965197457,0.0185586103394323,0.25
Forenzo2023,DCNN,12,1,149,2,0.591171171171171,0.857516662035192,0.255777102285317,0.0303733637514912,0.0245850007121542,0.24998873924598
Forenzo2023,DCNN,13,0,147,2,0.585894113291374,0.930077286516446,0.257705137896753,0.019832937176489,0.0121162300261846,0.249988430746448
Forenzo2023,DCNN,13,1,147,2,0.635690485005553,0.953771247344637,0.242667250391214,0.0183003822273535,0.0256215625825876,0.249988430746448
Forenzo2023,DCNN,14,0,218,2,0.767107145863143,0.838312446660348,0.211648466384717,0.0400258877143401,0.078377421329623,0.25
Forenzo2023,DCNN,14,1,219,2,0.828773978315263,0.844707635201974,0.178578201939621,0.0391256664856882,0.110542251977522,0.249994787431455
Forenzo2023,DCNN,2,0,218,2,0.719962953607813,0.846443174129012,0.20172688439704,0.0177760185733488,0.0659649661769824,0.249915832000673
Forenzo2023,DCNN,2,1,219,2,0.737114261884904,0.854426705348901,0.211080747552234,0.0261869289109261,0.0651009687901473,0.249994787431455
Forenzo2023,DCNN,3,0,218,2,0.695328282828283,0.531968232199996,0.256859129027334,0.0510580674176306,0.0441778963904652,0.249978958000168
Forenzo2023,DCNN,3,1,219,2,0.685435435435435,0.590714860236766,0.263558161005989,0.0514083217217737,0.0378032475988772,0.249953086883093
Forenzo2023,DCNN,4,0,148,2,0.693571950328707,0.939545418242843,0.219209566153292,0.0150655815816755,0.0458560154283839,0.25
Forenzo2023,DCNN,4,1,147,2,0.625185185185185,0.909544207843824,0.235914025830947,0.0149116458849893,0.0288934967720768,0.249895876718034
Forenzo2023,DCNN,5,0,218,2,0.634511784511784,0.952800064555651,0.236934740395667,0.0102931957980157,0.0233374134025171,0.249978958000168
Forenzo2023,DCNN,5,1,220,2,0.66765873015873,0.893094116342688,0.23488699395252,0.0228159589269399,0.0378463203463203,0.249917355371901
Forenzo2023,DCNN,7,0,218,2,0.658583817462322,0.72567187157917,0.258389880479708,0.0519066020354202,0.0434325535563856,0.249915832000673
Forenzo2023,DCNN,7,1,221,2,0.768468468468469,0.690877268682874,0.206341646182618,0.0258451453178937,0.0694983804849613,0.249994881349686
Forenzo2023,DCNN,8,0,146,2,0.738412460123851,0.84444902020254,0.215133413380897,0.0212122350456326,0.0560788216647359,0.25
Forenzo2023,DCNN,8,1,148,2,0.814828341855369,0.881354715939814,0.190193172654762,0.0243858474724366,0.0841926748176748,0.25
Forenzo2023,SCNN,1,0,148,2,0.626552227903579,0.809234813258639,0.253890706628202,0.0442179657054611,0.0403272590772591,0.25
Forenzo2023,SCNN,1,1,147,2,0.688818955942244,0.79660756289537,0.229721013157908,0.0395068173138744,0.0597742349024142,0.249988430746448
Forenzo2023,SCNN,12,0,146,2,0.563332707825108,0.885169174496445,0.269463833501945,0.040764165589948,0.0213003320880034,0.25
Forenzo2023,SCNN,12,1,149,2,0.553513513513514,0.929240976474377,0.259206384197252,0.0263255625580414,0.017107917606769,0.24998873924598
Forenzo2023,SCNN,13,0,147,2,0.636616068122917,0.945204284289591,0.247128548245107,0.0235502671158057,0.0264101496171467,0.249988430746448
Forenzo2023,SCNN,13,1,147,2,0.719918548685672,0.978993015225115,0.225512135057658,0.028641881383217,0.0531181770720074,0.249988430746448
Forenzo2023,SCNN,14,0,218,2,0.749347698005218,0.908093089989258,0.22019084620064,0.0414176689585534,0.071226822757913,0.25
Forenzo2023,SCNN,14,1,219,2,0.79466221851543,0.876371238585816,0.202446608053372,0.0374796193321984,0.0850277987102807,0.249994787431455
Forenzo2023,SCNN,2,0,218,2,0.732003031068452,0.886602201253801,0.208890849015185,0.0203207813986919,0.0613457643841803,0.249915832000673
Forenzo2023,SCNN,2,1,219,2,0.725688073394495,0.879015995270428,0.216087076679645,0.0235595858963954,0.0574672966482049,0.249994787431455
Forenzo2023,SCNN,3,0,218,2,0.60976430976431,0.44807859911251,0.298053223209488,0.085639031896214,0.0375647666868945,0.249978958000168
Forenzo2023,SCNN,3,1,219,2,0.635552218885552,0.521880906396896,0.282293743731208,0.0672245528222606,0.034883895974145,0.249953086883093
Forenzo2023,SCNN,4,0,148,2,0.695032870708546,0.964780255833423,0.225429453907687,0.0208492664327626,0.0454198125250757,0.25
Forenzo2023,SCNN,4,1,147,2,0.687962962962963,0.930659126135425,0.224061380004763,0.0159700593125884,0.0418045560258592,0.249895876718034
Forenzo2023,SCNN,5,0,218,2,0.569781144781145,0.964616756764289,0.247070634197688,0.0125563046818221,0.0154646284843028,0.249978958000168
Forenzo2023,SCNN,5,1,220,2,0.637979497354497,0.953052380530348,0.232692555178074,0.0127656891148444,0.0299904893086711,0.249917355371901
Forenzo2023,SCNN,7,0,218,2,0.634924644270439,0.874670923582335,0.23202954755053,0.0221832932633828,0.0400695777135257,0.249915832000673
Forenzo2023,SCNN,7,1,221,2,0.786240786240786,0.838648448146735,0.19415009119865,0.0195264659861942,0.0753712561372298,0.249994881349686
Forenzo2023,SCNN,8,0,146,2,0.711015199849878,0.917217698273005,0.218944321764278,0.0121551946119574,0.0432108728476789,0.25
Forenzo2023,SCNN,8,1,148,2,0.800766983199416,0.903880978419004,0.197361077529942,0.0319293394008354,0.0845682618708934,0.25
Forenzo2023,TSBLR,1,0,148,2,0.618791088385683,0.936978015411953,0.236337892314189,0.0140886413692861,0.0277507490550969,0.25
Forenzo2023,TSBLR,1,1,147,2,0.652073306182895,0.892883236824662,0.229801730442177,0.0281353556279128,0.0483220559321841,0.249988430746448
Forenzo2023,TSBLR,12,0,146,2,0.51829611559392,0.923138135160724,0.267322440068493,0.0293275793108272,0.012005139242334,0.25
Forenzo2023,TSBLR,12,1,149,2,0.565405405405405,0.906672623981491,0.266859630033557,0.0385304177410809,0.0216595269535038,0.24998873924598
Forenzo2023,TSBLR,13,0,147,2,0.586079229914846,0.896947065204772,0.263718298469388,0.0295260389887521,0.0157961712658125,0.249988430746448
Forenzo2023,TSBLR,13,1,147,2,0.791928915216586,0.960200936164277,0.210879049319728,0.0398758902213307,0.0789852716480511,0.249988430746448
Forenzo2023,TSBLR,14,0,218,2,0.704317818365457,0.915935980121508,0.231568053038991,0.0242895777278453,0.0427215246888544,0.25
Forenzo2023,TSBLR,14,1,219,2,0.75884070058382,0.905934542792844,0.204651814212329,0.0273878246999094,0.0727307979190353,0.249994787431455
Forenzo2023,TSBLR,2,0,218,2,0.642797002610087,0.896250134458858,0.232337624139908,0.0243818051948592,0.0419600130556242,0.249915832000673
Forenzo2023,TSBLR,2,1,219,2,0.702835696413678,0.909581934454027,0.222512876141553,0.0114677658994908,0.038949677189393,0.249994787431455
Forenzo2023,TSBLR,3,0,218,2,0.60959595959596,0.893934111460904,0.252558124713303,0.0230961215867456,0.0205169548736112,0.249978958000168
Forenzo2023,TSBLR,3,1,219,2,0.611695028361695,0.796875518332243,0.270147951769406,0.0484446170523731,0.0282497521660592,0.249953086883093
Forenzo2023,TSBLR,4,0,148,2,0.673575602629657,0.942330737149208,0.231924953547297,0.0228164235659021,0.0408914700186048,0.25
Forenzo2023,TSBLR,4,1,147,2,0.618518518518518,0.913154084216699,0.246615279761905,0.0177289103993449,0.0210095073554743,0.249895876718034
Forenzo2023,TSBLR,5,0,218,2,0.598905723905724,0.924206000890791,0.250414600344037,0.0171541180121308,0.0167184756682625,0.249978958000168
Forenzo2023,TSBLR,5,1,220,2,0.677290013227513,0.907940939279652,0.230650832386364,0.0192040898822463,0.0384706128677835,0.249917355371901
Forenzo2023,TSBLR,7,0,218,2,0.583059695209228,0.81673546690016,0.275737287557339,0.0482616208577899,0.0224401653011238,0.249915832000673
Forenzo2023,TSBLR,7,1,221,2,0.62993447993448,0.754927271371842,0.286564352375566,0.06132423037431,0.0247547593484301,0.249994881349686
Forenzo2023,TSBLR,8,0,146,2,0.504409832989304,0.942563070324034,0.268079529109589,0.0278221704061001,0.00974264129651106,0.25
Forenzo2023,TSBLR,8,1,148,2,0.609203798392988,0.945062376533141,0.243075932010135,0.0211493303421542,0.0280733983320191,0.25
Forenzo2023,TSGP,1,0,148,2,0.612034331628926,0.946203363727925,0.237236253378378,0.0200547861969112,0.0328185328185328,0.25
Forenzo2023,TSGP,1,1,147,2,0.684468715290633,0.914175582983313,0.21950600042517,0.0156010789138094,0.0460835092350876,0.249988430746448
Forenzo2023,TSGP,12,0,146,2,0.528523175079752,0.931563471762096,0.264610015410959,0.0245690954741306,0.00995908006317164,0.25
Forenzo2023,TSGP,12,1,149,2,0.545405405405405,0.899440673333159,0.271332268036913,0.0424640428945068,0.021120514103574,0.24998873924598
Forenzo2023,TSGP,13,0,147,2,0.58700481303221,0.885684853192178,0.267679725765306,0.0335561262845638,0.0158648312657059,0.249988430746448
Forenzo2023,TSGP,13,1,147,2,0.797852647167716,0.963428231910876,0.211362826530612,0.0481111049510434,0.0867367091668794,0.249988430746448
Forenzo2023,TSGP,14,0,218,2,0.720562242235502,0.907990131020131,0.230281421158257,0.0287986219387431,0.0485172007804862,0.25
Forenzo2023,TSGP,14,1,219,2,0.764011676396998,0.90842701588577,0.202886039954338,0.0194387377629337,0.0665474852400506,0.249994787431455
Forenzo2023,TSGP,2,0,218,2,0.64919592489686,0.906194581210396,0.231447018348624,0.0228181539588312,0.0412869676108807,0.249915832000673
Forenzo2023,TSGP,2,1,219,2,0.695162635529608,0.916453636698757,0.223809136700913,0.0137678200125752,0.0399534707431167,0.249994787431455
Forenzo2023,TSGP,3,0,218,2,0.608207070707071,0.892409246612804,0.24901093434633,0.0209234221537312,0.0218914458075692,0.249978958000168
Forenzo2023,TSGP,3,1,219,2,0.618910577243911,0.824875758276593,0.263090741152968,0.0447410632545391,0.0316034089846636,0.249953086883093
Forenzo2023,TSGP,4,0,148,2,0.638970051132213,0.939682185036455,0.239869066300676,0.0243060032376126,0.0344369369369369,0.25
Forenzo2023,TSGP,4,1,147,2,0.614444444444444,0.897115875668562,0.255005767431973,0.0275613827373196,0.022451492023381,0.249895876718034
Forenzo2023,TSGP,5,0,218,2,0.58699494949495,0.937083318711894,0.250868140481651,0.0130070922536307,0.0121179097721476,0.249978958000168
Forenzo2023,TSGP,5,1,220,2,0.654968584656085,0.90880410076647,0.238314037215909,0.0197124367961268,0.0313157549521186,0.249917355371901
Forenzo2023,TSGP,7,0,218,2,0.572871937357919,0.838915037312297,0.273296894495413,0.0389359208813714,0.0155548583866319,0.249915832000673
Forenzo2023,TSGP,7,1,221,2,0.612325962325962,0.773559329716192,0.286230120757919,0.0583625757982537,0.0221273363900209,0.249994881349686
Forenzo2023,TSGP,8,0,146,2,0.506004878964158,0.923042553809514,0.271372875,0.0299640196308553,0.00859114463085528,0.25
Forenzo2023,TSGP,8,1,148,2,0.60500365230095,0.934514007717551,0.245695153293919,0.0246991134591366,0.0290039601652177,0.25
Forenzo2023,TSLR,1,0,148,2,0.606464572680789,0.846221807429971,0.252906986922933,0.0304634575908589,0.0275564706679258,0.25
Forenzo2023,TSLR,1,1,147,2,0.62347278785635,0.769957284320398,0.260972532948075,0.0469531422005739,0.0359690399989469,0.249988430746448
Forenzo2023,TSLR,12,0,146,2,0.568024019515857,0.749627916886793,0.29613325832204,0.0591519162554646,0.0130186579334249,0.25
Forenzo2023,TSLR,12,1,149,2,0.573873873873874,0.758412949005109,0.30094141139529,0.0735092661703632,0.0225565940210532,0.24998873924598
Forenzo2023,TSLR,13,0,147,2,0.574416882636061,0.832738313184472,0.276688388806033,0.0393641734055872,0.0126642153460023,0.249988430746448
Forenzo2023,TSLR,13,1,147,2,0.714550166604961,0.910665988129611,0.216492724201799,0.0149426994299853,0.0484384059746348,0.249988430746448
Forenzo2023,TSLR,14,0,218,2,0.675195690598434,0.821050646637212,0.244350668656867,0.0322663038202085,0.0379156351633416,0.25
Forenzo2023,TSLR,14,1,219,2,0.710675562969141,0.750891019138529,0.232050036148854,0.0432876519635631,0.0612324032461636,0.249994787431455
Forenzo2023,TSLR,2,0,218,2,0.612444219920855,0.738946672815964,0.261190233633476,0.0450526452801973,0.0337782436473942,0.249915832000673
Forenzo2023,TSLR,2,1,219,2,0.661801501251043,0.783061594496862,0.243325347605075,0.0258337943868154,0.0325032342131956,0.249994787431455
Forenzo2023,TSLR,3,0,218,2,0.553787878787879,0.660211957553349,0.314332147377735,0.0843771752309727,0.0200239858534062,0.249978958000168
Forenzo2023,TSLR,3,1,219,2,0.596262929596263,0.639643560976271,0.301244312111008,0.0728996045786049,0.0216083793506897,0.249953086883093
Forenzo2023,TSLR,4,0,148,2,0.668918918918919,0.868489280248736,0.23823128969712,0.0322682699085434,0.0440369802114235,0.25
Forenzo2023,TSLR,4,1,147,2,0.603703703703704,0.849569733418172,0.258827981495244,0.0256549745422901,0.0167228697650804,0.249895876718034
Forenzo2023,TSLR,5,0,218,2,0.601936026936027,0.81347135641418,0.267599257578025,0.0337423397761531,0.0161220401982964,0.249978958000168
Forenzo2023,TSLR,5,1,220,2,0.672123015873016,0.781254059152025,0.241516090211745,0.0312623081383699,0.0396635732985253,0.249917355371901
Forenzo2023,TSLR,7,0,218,2,0.583312284246864,0.663023884048564,0.31411353998219,0.0853060585154367,0.0211083505339196,0.249915832000673
Forenzo2023,TSLR,7,1,221,2,0.633415233415233,0.528324381486252,0.340218761958344,0.11831861242717,0.0280947318185125,0.249994881349686
Forenzo2023,TSLR,8,0,146,2,0.48301745167949,0.896402947998783,0.289522169087404,0.0452500210779119,0.00572785199050835,0.25
Forenzo2023,TSLR,8,1,148,2,0.627100073046019,0.863784980508087,0.258026184888458,0.0372628721038687,0.0292366872154106,0.25
Forenzo2023,TSSVM,1,0,148,2,0.614134404674945,0.922797845646884,0.241566917856126,0.0185370037384839,0.0269700858823577,0.25
Forenzo2023,TSSVM,1,1,147,2,0.618752313957793,0.886408901377173,0.242301123400524,0.0255447555253957,0.0332320628713196,0.249988430746448
Forenzo2023,TSSVM,12,0,146,2,0.563520360292738,0.874430709276471,0.27108351047572,0.0338688986035738,0.0127853881278539,0.25
Forenzo2023,TSSVM,12,1,149,2,0.58018018018018,0.879204598272975,0.26906075817024,0.0413903177481214,0.0223182988238616,0.24998873924598
Forenzo2023,TSSVM,13,0,147,2,0.581173639392818,0.927194660151826,0.255561829775942,0.02029709769671,0.0147236986672163,0.249988430746448
Forenzo2023,TSSVM,13,1,147,2,0.687985931136616,0.966289726007269,0.226921570401107,0.0186800681808065,0.0417469285261476,0.249988430746448
Forenzo2023,TSSVM,14,0,218,2,0.667915158656679,0.913950119957638,0.242190037921598,0.0330564956706655,0.0408664577490673,0.25
Forenzo2023,TSSVM,14,1,219,2,0.714762301918265,0.901636209824019,0.21867071285557,0.0289276436894058,0.0602517182652908,0.249994787431455
Forenzo2023,TSSVM,2,0,218,2,0.621621621621622,0.884093232605676,0.240504851180027,0.0232686188863989,0.0326795997070455,0.249915832000673
Forenzo2023,TSSVM,2,1,219,2,0.649124270225188,0.905927080864472,0.23279523379404,0.0151462111454354,0.0323457647828503,0.249994787431455
Forenzo2023,TSSVM,3,0,218,2,0.544360269360269,0.834806281413618,0.279187721372165,0.0465565401171304,0.0173477767451339,0.249978958000168
Forenzo2023,TSSVM,3,1,219,2,0.590006673340007,0.789647752603934,0.279545492765932,0.0465686966327003,0.0169762907498609,0.249953086883093
Forenzo2023,TSSVM,4,0,148,2,0.663623082542001,0.936795065774051,0.233790565736382,0.0236808500938798,0.0398902843574975,0.25
Forenzo2023,TSSVM,4,1,147,2,0.607037037037037,0.937153476503163,0.243464554080244,0.012632149769579,0.019063472407369,0.249895876718034
Forenzo2023,TSSVM,5,0,218,2,0.59520202020202,0.924478846678632,0.250759459142385,0.0182069128470941,0.0174264117048778,0.249978958000168
Forenzo2023,TSSVM,5,1,220,2,0.681175595238095,0.906168607237421,0.22708440449759,0.0191706084359282,0.0420035593102389,0.249917355371901
Forenzo2023,TSSVM,7,0,218,2,0.586595941736129,0.81882832317682,0.275077460456451,0.0451483476190023,0.0199867191632242,0.249915832000673
Forenzo2023,TSSVM,7,1,221,2,0.642383292383292,0.7410032758346,0.286590848622402,0.0651663775306436,0.0285704102579269,0.249994881349686
Forenzo2023,TSSVM,8,0,146,2,0.471758303621693,0.952509457541005,0.274200874777861,0.0290117032188265,0.00481082844096542,0.25
Forenzo2023,TSSVM,8,1,148,2,0.622352081811541,0.933531510287087,0.248078336219769,0.0217975103065899,0.0237191740868211,0.25
GrosseWentrup2009,BDCNN,1,0,300,2,0.586466666666667,0.547428012208724,0.324696592083333,0.0858172486299735,0.0111206565466402,0.25
GrosseWentrup2009,BDCNN,10,0,300,2,0.914644444444444,0.426452939685548,0.292180152708333,0.184623424714105,0.142443272005772,0.25
GrosseWentrup2009,BDCNN,2,0,300,2,0.9756,0.376910497161176,0.082939756875,0.0299314627811796,0.19699170590618,0.25
GrosseWentrup2009,BDCNN,3,0,300,2,0.706688888888889,0.307106569608056,0.390261325416667,0.187244183405521,0.046982857988854,0.25
GrosseWentrup2009,BDCNN,4,0,300,2,0.936844444444444,0.454130819527486,0.134889835833333,0.0440038841779622,0.159114048344629,0.25
GrosseWentrup2009,BDCNN,5,0,300,2,0.952288888888889,0.593050881172963,0.089424616875,0.0213274539072488,0.181902837032249,0.25
GrosseWentrup2009,BDCNN,6,0,300,2,0.889133333333333,0.543468300298336,0.143517260833333,0.0175236447000113,0.124006383866678,0.25
GrosseWentrup2009,BDCNN,7,0,300,2,0.545666666666667,0.661780281010548,0.327940623125,0.0862503238140611,0.00830970068906114,0.25
GrosseWentrup2009,BDCNN,8,0,300,2,0.654088888888889,0.402417702099277,0.406211695208333,0.182197373770501,0.0259856785621672,0.25
GrosseWentrup2009,BDCNN,9,0,300,2,0.711755555555556,0.453999231373525,0.277083678541667,0.0727213253849761,0.0456376468433095,0.25
GrosseWentrup2009,BSCNN,1,0,300,2,0.559822222222222,0.758942291323402,0.297340916041667,0.0557199549197106,0.00837903887804389,0.25
GrosseWentrup2009,BSCNN,10,0,300,2,0.876555555555556,0.6916173806732,0.220655186875,0.0875597959811223,0.116904609106122,0.25
GrosseWentrup2009,BSCNN,2,0,300,2,0.942888888888889,0.67366312362699,0.156568894583333,0.0697449352585261,0.163176040675193,0.25
GrosseWentrup2009,BSCNN,3,0,300,2,0.811577777777778,0.879740882632242,0.189400540833333,0.0260717718688575,0.0866712310355241,0.25
GrosseWentrup2009,BSCNN,4,0,300,2,0.899311111111111,0.816648794381614,0.166833723333333,0.0515804765800865,0.134746753246753,0.25
GrosseWentrup2009,BSCNN,5,0,300,2,0.914466666666667,0.726002526691681,0.146858088541667,0.0414182769674011,0.144560188425734,0.25
GrosseWentrup2009,BSCNN,6,0,300,2,0.875666666666667,0.856938843098723,0.1591277025,0.0254248512549734,0.116297148754973,0.25
GrosseWentrup2009,BSCNN,7,0,300,2,0.576911111111111,0.897827602596616,0.258664696875,0.0208919897873937,0.0122272929123937,0.25
GrosseWentrup2009,BSCNN,8,0,300,2,0.603422222222222,0.833473032974327,0.279586925,0.0465290520268728,0.0169421270268728,0.25
GrosseWentrup2009,BSCNN,9,0,300,2,0.688911111111111,0.708388258855896,0.262032608541667,0.0503318024158659,0.0382991938741992,0.25
GrosseWentrup2009,CSPBLDA,1,0,300,2,0.535577777777778,0.958713386383307,0.257502987708333,0.0140398903481772,0.00653690263984383,0.25
GrosseWentrup2009,CSPBLDA,10,0,300,2,0.731266666666667,0.681089988990531,0.261361741041667,0.0682749497473914,0.0569132087057248,0.25
GrosseWentrup2009,CSPBLDA,2,0,300,2,0.919288888888889,0.933283397973415,0.165594581875,0.0595032163046557,0.143908634429656,0.25
GrosseWentrup2009,CSPBLDA,3,0,300,2,0.7638,0.879807777218775,0.236898524375,0.0500290680917073,0.0631305437167073,0.25
GrosseWentrup2009,CSPBLDA,4,0,300,2,0.884088888888889,0.879018304849369,0.200455535833333,0.0717972624398226,0.121341726606489,0.25
GrosseWentrup2009,CSPBLDA,5,0,300,2,0.938777777777778,0.760236530473937,0.146017684166667,0.0654622934102781,0.169444609243611,0.25
GrosseWentrup2009,CSPBLDA,6,0,300,2,0.741977777777778,0.804751167916143,0.217761125,0.0354515228575094,0.0676903978575094,0.25
GrosseWentrup2009,CSPBLDA,7,0,300,2,0.528555555555556,0.926662508989186,0.268868105416667,0.0246485295755713,0.00578042415890465,0.25
GrosseWentrup2009,CSPBLDA,8,0,300,2,0.694688888888889,0.89411836093741,0.239935578958333,0.0298653097672773,0.039929730808944,0.25
GrosseWentrup2009,CSPBLDA,9,0,300,2,0.723288888888889,0.775008772861384,0.236586791875,0.0336946740231634,0.0471078821481634,0.25
GrosseWentrup2009,CSPGP,1,0,300,2,0.5254,0.857961055228869,0.285885827291667,0.0417081660576721,0.00582233876600546,0.25
GrosseWentrup2009,CSPGP,10,0,300,2,0.723511111111111,0.725070392037377,0.275390813958333,0.0761454016104963,0.050754587652163,0.25
GrosseWentrup2009,CSPGP,2,0,300,2,0.829644444444444,0.729748482915562,0.191810706875,0.0318010505908339,0.0899903437158339,0.25
GrosseWentrup2009,CSPGP,3,0,300,2,0.586466666666667,0.880787846346065,0.266501259375,0.0337295386041548,0.0172282792291548,0.25
GrosseWentrup2009,CSPGP,4,0,300,2,0.820511111111111,0.792737434738168,0.213626295208333,0.0505658717181431,0.0869395765098098,0.25
GrosseWentrup2009,CSPGP,5,0,300,2,0.8534,0.695085582524031,0.173886734791667,0.0309508037185951,0.107064068926928,0.25
GrosseWentrup2009,CSPGP,6,0,300,2,0.727911111111111,0.547279607463545,0.258441897708333,0.0736643109160406,0.0652224132077073,0.25
GrosseWentrup2009,CSPGP,7,0,300,2,0.531266666666667,0.7973255613571,0.301944329375,0.0571951698128224,0.00525084043782242,0.25
GrosseWentrup2009,CSPGP,8,0,300,2,0.691355555555556,0.709981271308325,0.280692460625,0.0690227087815839,0.0383302481565839,0.25
GrosseWentrup2009,CSPGP,9,0,300,2,0.692844444444444,0.597974775790757,0.275693167083333,0.0653130546934649,0.0396198876101315,0.25
GrosseWentrup2009,CSPLDA,1,0,300,2,0.523777777777778,0.955031942205805,0.260730406367391,0.0169522003259281,0.00622179395853695,0.25
GrosseWentrup2009,CSPLDA,10,0,300,2,0.735244444444444,0.671019520816501,0.262171848357711,0.0730661485020107,0.0608943001443001,0.25
GrosseWentrup2009,CSPLDA,2,0,300,2,0.917733333333333,0.933851607621796,0.166759811218365,0.0590362564410499,0.142276445222685,0.25
GrosseWentrup2009,CSPLDA,3,0,300,2,0.7636,0.868232770759938,0.238039596860556,0.0516063104069697,0.0635667135464132,0.25
GrosseWentrup2009,CSPLDA,4,0,300,2,0.879822222222222,0.83220453118795,0.205306632747845,0.0726881345793472,0.117381501831502,0.25
GrosseWentrup2009,CSPLDA,5,0,300,2,0.940222222222222,0.668573902189896,0.140722615312121,0.0600669624817659,0.169344347169645,0.25
GrosseWentrup2009,CSPLDA,6,0,300,2,0.746311111111111,0.763983185660233,0.218384710923735,0.0378038372519524,0.0694191263282172,0.25
GrosseWentrup2009,CSPLDA,7,0,300,2,0.524933333333333,0.928929852175044,0.268070506421633,0.0230621324549669,0.00499162603333339,0.25
GrosseWentrup2009,CSPLDA,8,0,300,2,0.693066666666667,0.86395529948365,0.250941701550242,0.040926583374342,0.0399848818240999,0.25
GrosseWentrup2009,CSPLDA,9,0,300,2,0.717511111111111,0.676735744430698,0.262146769620581,0.0586013038563648,0.0464545342357842,0.25
GrosseWentrup2009,CSPSVM,1,0,300,2,0.542755555555556,0.876041515687604,0.278141750951615,0.0348707925955507,0.00672904164393526,0.25
GrosseWentrup2009,CSPSVM,10,0,300,2,0.766311111111111,0.788986563445538,0.248177099302439,0.0644692275387161,0.0662921282362772,0.25
GrosseWentrup2009,CSPSVM,2,0,300,2,0.825377777777778,0.851982420355122,0.184529544023357,0.0249731892398583,0.0904436452165013,0.25
GrosseWentrup2009,CSPSVM,3,0,300,2,0.672666666666667,0.815864617037858,0.268730808890211,0.0546887685921223,0.0359579597019111,0.25
GrosseWentrup2009,CSPSVM,4,0,300,2,0.853844444444444,0.775131417645046,0.215687609917257,0.0702622106347371,0.10457460071748,0.25
GrosseWentrup2009,CSPSVM,5,0,300,2,0.916266666666667,0.640651295834788,0.167349570553625,0.0741873088387321,0.156837738285107,0.25
GrosseWentrup2009,CSPSVM,6,0,300,2,0.723688888888889,0.703660914669099,0.232946312055711,0.048953192000671,0.0660068799449604,0.25
GrosseWentrup2009,CSPSVM,7,0,300,2,0.526844444444444,0.81871754275445,0.298325226430092,0.0537665472690029,0.00544132083891119,0.25
GrosseWentrup2009,CSPSVM,8,0,300,2,0.682444444444444,0.743510940153389,0.281818616468802,0.0669103420406003,0.0350917255717981,0.25
GrosseWentrup2009,CSPSVM,9,0,300,2,0.696311111111111,0.644040644410347,0.258049402954404,0.0487448638845334,0.0406954609301293,0.25
GrosseWentrup2009,DCNN,1,0,300,2,0.574444444444444,0.492614177050039,0.351503728830713,0.110080136003671,0.00857640717295841,0.25
GrosseWentrup2009,DCNN,10,0,300,2,0.895333333333333,0.46836382554206,0.221261345745043,0.100645210750925,0.129383865005882,0.25
GrosseWentrup2009,DCNN,2,0,300,2,0.974133333333333,0.340955976556293,0.107830550195525,0.0532056364619157,0.195375086266391,0.25
GrosseWentrup2009,DCNN,3,0,300,2,0.808888888888889,0.254226142839039,0.385861908004078,0.217011909418785,0.0811500014147073,0.25
GrosseWentrup2009,DCNN,4,0,300,2,0.918133333333333,0.571831664022214,0.124094848706665,0.018936298715787,0.144841450009122,0.25
GrosseWentrup2009,DCNN,5,0,300,2,0.953066666666667,0.468492628536862,0.0851709986074321,0.0199158756701057,0.184744877062674,0.25
GrosseWentrup2009,DCNN,6,0,300,2,0.8964,0.483619213492058,0.172321328795345,0.0501557811385087,0.127834452343164,0.25
GrosseWentrup2009,DCNN,7,0,300,2,0.570577777777778,0.7208308744721,0.300627197738236,0.059207370963762,0.00858017322552626,0.25
GrosseWentrup2009,DCNN,8,0,300,2,0.653466666666667,0.40658574664906,0.400407580705471,0.179963390916722,0.0295558102112508,0.25
GrosseWentrup2009,DCNN,9,0,300,2,0.719244444444444,0.39439441388481,0.27825697463175,0.0752799263351421,0.0470229517033921,0.25
GrosseWentrup2009,SCNN,1,0,300,2,0.563733333333333,0.464432281598718,0.377271178080075,0.137395894633363,0.010124716553288,0.25
GrosseWentrup2009,SCNN,10,0,300,2,0.859066666666667,0.370263543682567,0.307590656975568,0.162877643280969,0.105286986305401,0.25
GrosseWentrup2009,SCNN,2,0,300,2,0.9316,0.515789344676254,0.18801742642043,0.0931115660712809,0.155094139650851,0.25
GrosseWentrup2009,SCNN,3,0,300,2,0.719555555555556,0.718666490704498,0.234782693467673,0.0292861019486181,0.0445034084809447,0.25
GrosseWentrup2009,SCNN,4,0,300,2,0.897644444444444,0.653664551007829,0.15339660660801,0.0318654226353064,0.128468816027296,0.25
GrosseWentrup2009,SCNN,5,0,300,2,0.871555555555556,0.507041191071037,0.157132075250405,0.0237708932366678,0.116638817986263,0.25
GrosseWentrup2009,SCNN,6,0,300,2,0.850577777777778,0.712480057355223,0.160054091660515,0.012608071101001,0.102553979440486,0.25
GrosseWentrup2009,SCNN,7,0,300,2,0.548355555555556,0.692652782825287,0.322707433259789,0.0801998394324275,0.00749240617263872,0.25
GrosseWentrup2009,SCNN,8,0,300,2,0.609333333333333,0.594074879198386,0.337291488594984,0.105185286244889,0.0178937976499055,0.25
GrosseWentrup2009,SCNN,9,0,300,2,0.677777777777778,0.49046507404114,0.317136651023865,0.100406324495293,0.0332696734714279,0.25
GrosseWentrup2009,TSBLR,1,0,300,2,0.596311111111111,0.880087656440623,0.264411736458333,0.0304390031484384,0.0160272666901051,0.25
GrosseWentrup2009,TSBLR,10,0,300,2,0.8092,0.716717419944791,0.284409829166667,0.119155619631223,0.0847457904645561,0.25
GrosseWentrup2009,TSBLR,2,0,300,2,0.863444444444444,0.841100825025993,0.197929610625,0.0595325000494231,0.111602889424423,0.25
GrosseWentrup2009,TSBLR,3,0,300,2,0.804911111111111,0.901995652493473,0.198071732916667,0.031313540930141,0.0832418080134744,0.25
GrosseWentrup2009,TSBLR,4,0,300,2,0.942666666666667,0.795821013139834,0.174651402916667,0.0956240903824576,0.170972687465791,0.25
GrosseWentrup2009,TSBLR,5,0,300,2,0.941288888888889,0.726732248001773,0.173620965,0.0925377704168054,0.168916805416805,0.25
GrosseWentrup2009,TSBLR,6,0,300,2,0.887955555555556,0.920759125280975,0.168458517291667,0.0434482867305734,0.124989769438907,0.25
GrosseWentrup2009,TSBLR,7,0,300,2,0.550355555555556,0.875154234450485,0.279140705625,0.0366045200489802,0.00746381442398025,0.25
GrosseWentrup2009,TSBLR,8,0,300,2,0.718888888888889,0.91526685869432,0.222423409583333,0.020453107730924,0.0480296981475906,0.25
GrosseWentrup2009,TSBLR,9,0,300,2,0.701288888888889,0.782977229899865,0.241973279375,0.0330877829542095,0.0411145035792095,0.25
GrosseWentrup2009,TSGP,1,0,300,2,0.571466666666667,0.609009654951682,0.345756920416667,0.107995846658766,0.0122389262420992,0.25
GrosseWentrup2009,TSGP,10,0,300,2,0.763622222222222,0.429579097534248,0.3798782575,0.190746776520287,0.0608685190202866,0.25
GrosseWentrup2009,TSGP,2,0,300,2,0.805,0.7915743857868,0.21027386125,0.0397456801750716,0.0794718189250716,0.25
GrosseWentrup2009,TSGP,3,0,300,2,0.783933333333333,0.826768030726203,0.190146430833333,0.0106447656748885,0.0704983348415552,0.25
GrosseWentrup2009,TSGP,4,0,300,2,0.925111111111111,0.764182519697089,0.155133867708333,0.0593346758931841,0.154200808184851,0.25
GrosseWentrup2009,TSGP,5,0,300,2,0.914933333333333,0.619108816888798,0.189189533958333,0.0803259577197571,0.141136423761424,0.25
GrosseWentrup2009,TSGP,6,0,300,2,0.862688888888889,0.864043944607388,0.172669178125,0.0338313646586099,0.11116218653361,0.25
GrosseWentrup2009,TSGP,7,0,300,2,0.557644444444444,0.704997740038659,0.323499347708333,0.0850315113235559,0.0115321636152226,0.25
GrosseWentrup2009,TSGP,8,0,300,2,0.691511111111111,0.843544267810668,0.232778835416667,0.0225895175291693,0.0398106821125026,0.25
GrosseWentrup2009,TSGP,9,0,300,2,0.683688888888889,0.582683147518293,0.301455612083333,0.0858632132219316,0.0344076011385983,0.25
GrosseWentrup2009,TSLR,1,0,300,2,0.600711111111111,0.478332419783026,0.334959920263776,0.100155163678585,0.015195243414809,0.25
GrosseWentrup2009,TSLR,10,0,300,2,0.756488888888889,0.367357799839364,0.314851600959987,0.124409965842015,0.059558364882028,0.25
GrosseWentrup2009,TSLR,2,0,300,2,0.835688888888889,0.229962697586687,0.325733569445892,0.173291680696168,0.0975581112502755,0.25
GrosseWentrup2009,TSLR,3,0,300,2,0.792666666666667,0.372130614563912,0.24440020542656,0.0725492498108987,0.0781490443843385,0.25
GrosseWentrup2009,TSLR,4,0,300,2,0.938533333333333,0.368898231979188,0.15325073523815,0.0616656284491035,0.158414893210953,0.25
GrosseWentrup2009,TSLR,5,0,300,2,0.871955555555556,0.273754887231744,0.282291381905815,0.150067249828742,0.117775867922927,0.25
GrosseWentrup2009,TSLR,6,0,300,2,0.821644444444444,0.463442513937838,0.23422155823705,0.0730880921660836,0.088866533929034,0.25
GrosseWentrup2009,TSLR,7,0,300,2,0.541244444444444,0.365704670966568,0.420518701272045,0.178230812519871,0.00771211124782553,0.25
GrosseWentrup2009,TSLR,8,0,300,2,0.617644444444444,0.383140795500273,0.385815671953627,0.153334518470046,0.0175188465164193,0.25
GrosseWentrup2009,TSLR,9,0,300,2,0.733022222222222,0.158204894433635,0.392743333833135,0.193993082424025,0.0512497485908899,0.25
GrosseWentrup2009,TSSVM,1,0,300,2,0.597288888888889,0.892416226814944,0.254050742605213,0.0173235517615064,0.0132728091562937,0.25
GrosseWentrup2009,TSSVM,10,0,300,2,0.746977777777778,0.828242190694747,0.22482279753099,0.0293439355020266,0.0545211379710365,0.25
GrosseWentrup2009,TSSVM,2,0,300,2,0.818711111111111,0.534320373047624,0.291124681929773,0.132950501191351,0.0918258192615778,0.25
GrosseWentrup2009,TSSVM,3,0,300,2,0.765111111111111,0.803986829243184,0.20277583086161,0.0199058687721076,0.0671300379104977,0.25
GrosseWentrup2009,TSSVM,4,0,300,2,0.940711111111111,0.794101050869001,0.136338521297951,0.0498999016224016,0.16356138032445,0.25
GrosseWentrup2009,TSSVM,5,0,300,2,0.8704,0.606202866373093,0.238603565698128,0.104025741508023,0.115422175809895,0.25
GrosseWentrup2009,TSSVM,6,0,300,2,0.808244444444444,0.84918059180485,0.201575972733854,0.0322590982305988,0.0806831254967444,0.25
GrosseWentrup2009,TSSVM,7,0,300,2,0.535022222222222,0.869168551034491,0.283696283806497,0.0390942067748378,0.00539792296834041,0.25
GrosseWentrup2009,TSSVM,8,0,300,2,0.601755555555556,0.804689651479548,0.281667672371157,0.0473559522190692,0.0156882798479125,0.25
GrosseWentrup2009,TSSVM,9,0,300,2,0.725822222222222,0.576665479870362,0.299166803422224,0.0973834644551886,0.0482166610329649,0.25
GuttmannFlury2025-MI,BDCNN,1,0,120,2,0.739166666666667,0.690775932166703,0.220233022395833,0.0325634003512112,0.0623303779553779,0.25
GuttmannFlury2025-MI,BDCNN,1,1,80,2,0.6915625,0.745151011170309,0.23597284609375,0.0326611577820617,0.0466883116883117,0.25
GuttmannFlury2025-MI,BDCNN,1,2,80,2,0.8171875,0.751700465877461,0.18000091796875,0.0274737440557065,0.0974728260869565,0.25
GuttmannFlury2025-MI,BDCNN,11,0,120,2,0.653888888888889,0.600102261939006,0.275532752604167,0.0645012697580191,0.0389685171538524,0.25
GuttmannFlury2025-MI,BDCNN,11,1,80,2,0.8425,0.47957280851632,0.17944221328125,0.0444496537574405,0.11500744047619,0.25
GuttmannFlury2025-MI,BDCNN,11,2,80,2,0.71,0.659132391920614,0.23415275,0.0383873514492754,0.0542346014492754,0.25
GuttmannFlury2025-MI,BDCNN,2,0,120,2,0.637638888888889,0.788932106479367,0.256402539583333,0.0532285096487401,0.0468259700654067,0.25
GuttmannFlury2025-MI,BDCNN,2,1,80,2,0.571875,0.762842471205079,0.28823420078125,0.0569937438867233,0.0187595431054733,0.25
GuttmannFlury2025-MI,BDCNN,2,2,40,2,0.6175,0.640486299037216,0.2887807078125,0.075012591870471,0.036231884057971,0.25
GuttmannFlury2025-MI,BDCNN,3,0,120,2,0.706666666666667,0.864334046305715,0.216377416666667,0.0177809254385965,0.0514035087719298,0.25
GuttmannFlury2025-MI,BDCNN,3,1,80,2,0.614375,0.854593729660485,0.259584575,0.036050456642512,0.026465881642512,0.25
GuttmannFlury2025-MI,BDCNN,3,2,40,2,0.7375,0.866882965375854,0.210175103125,0.0218417697916666,0.0616666666666666,0.25
GuttmannFlury2025-MI,BDCNN,4,0,80,2,0.569375,0.76345548848515,0.29763943359375,0.0609920246301646,0.0133525910364146,0.25
GuttmannFlury2025-MI,BDCNN,4,1,80,2,0.678125,0.817588139535989,0.233340909375,0.0259012163925439,0.0425603070175438,0.25
GuttmannFlury2025-MI,BDCNN,4,2,80,2,0.598125,0.756197033409039,0.27604371171875,0.050958307992042,0.0249145962732919,0.25
GuttmannFlury2025-MI,BDCNN,5,0,80,2,0.6609375,0.866667997063231,0.24185461953125,0.0345161027848385,0.0426614832535885,0.25
GuttmannFlury2025-MI,BDCNN,5,1,80,2,0.7109375,0.803519335378917,0.21995201796875,0.0277213269118394,0.0577693089430894,0.25
GuttmannFlury2025-MI,BDCNN,5,2,80,2,0.733125,0.828721516040465,0.210911028125,0.0316942277684938,0.0707831996434937,0.25
GuttmannFlury2025-MI,BDCNN,6,0,120,2,0.560694444444444,0.682924520736166,0.307110725,0.0717311943998812,0.0146204693998812,0.25
GuttmannFlury2025-MI,BDCNN,6,1,80,2,0.6740625,0.722946309409137,0.25916080390625,0.0617629119431407,0.0526021080368906,0.25
GuttmannFlury2025-MI,BDCNN,6,2,80,2,0.6934375,0.743927935262958,0.23250997265625,0.0381726922895579,0.0556627196333079,0.25
GuttmannFlury2025-MI,BDCNN,7,0,160,2,0.7459375,0.712513659638902,0.215686555078125,0.029320697913579,0.063634142835454,0.25
GuttmannFlury2025-MI,BDCNN,7,1,40,2,0.8225,0.716769854963008,0.171878825,0.0297954916666666,0.107916666666667,0.25
GuttmannFlury2025-MI,BDCNN,7,2,40,2,0.60125,0.811758881226257,0.252701309375,0.0471457538194445,0.0444444444444445,0.25
GuttmannFlury2025-MI,BDCNN,8,0,160,2,0.669453125,0.796243344054854,0.241772559375,0.0275855200629607,0.0358129606879607,0.25
GuttmannFlury2025-MI,BDCNN,8,1,40,2,0.715,0.9052343754376,0.2230800890625,0.0545042376693111,0.0814241486068111,0.25
GuttmannFlury2025-MI,BDCNN,8,2,40,2,0.57875,0.811435065720403,0.2994352765625,0.0708367917140152,0.0214015151515151,0.25
GuttmannFlury2025-MI,BDCNN,9,0,160,2,0.553125,0.99829928661247,0.24922889609375,0.0110294913318452,0.0118005952380952,0.25
GuttmannFlury2025-MI,BDCNN,9,1,40,2,0.57875,0.998184907309852,0.248015659375,0.035052696412037,0.037037037037037,0.25
GuttmannFlury2025-MI,BDCNN,9,2,40,2,0.50625,0.997840543709392,0.2502725,0.0143901470588235,0.0141176470588235,0.25
GuttmannFlury2025-MI,BSCNN,1,0,120,2,0.757638888888889,0.859547727825839,0.2042349734375,0.0303560051835317,0.0761210317460317,0.25
GuttmannFlury2025-MI,BSCNN,1,1,80,2,0.76,0.87837384916151,0.19690992109375,0.0259773814112104,0.0790674603174603,0.25
GuttmannFlury2025-MI,BSCNN,1,2,80,2,0.7196875,0.86580324756353,0.21067491640625,0.020164815396149,0.059489898989899,0.25
GuttmannFlury2025-MI,BSCNN,11,0,120,2,0.640555555555556,0.831860449170965,0.244487745833333,0.0310186182833234,0.0365308724499901,0.25
GuttmannFlury2025-MI,BSCNN,11,1,80,2,0.84,0.756371607082781,0.1726434796875,0.0374256524380231,0.114782172750523,0.25
GuttmannFlury2025-MI,BSCNN,11,2,80,2,0.660625,0.85391185365677,0.231724284375,0.0313833752840909,0.0496590909090909,0.25
GuttmannFlury2025-MI,BSCNN,2,0,120,2,0.614305555555556,0.92154854280031,0.244361536979167,0.0185275722223133,0.0241660352431466,0.25
GuttmannFlury2025-MI,BSCNN,2,1,80,2,0.6875,0.910903623816679,0.227077603125,0.028153090137987,0.051075487012987,0.25
GuttmannFlury2025-MI,BSCNN,2,2,40,2,0.7575,0.915136177689336,0.2204878828125,0.0569462161458333,0.0864583333333333,0.25
GuttmannFlury2025-MI,BSCNN,3,0,120,2,0.614722222222222,0.901673891368106,0.244436311458333,0.0226625483468509,0.0282262368885176,0.25
GuttmannFlury2025-MI,BSCNN,3,1,80,2,0.535625,0.930866402209743,0.2673671015625,0.0284363857354993,0.0110692841729993,0.25
GuttmannFlury2025-MI,BSCNN,3,2,40,2,0.7425,0.929910604719143,0.2113409953125,0.0342576619791667,0.0729166666666667,0.25
GuttmannFlury2025-MI,BSCNN,4,0,80,2,0.565,0.947551393449997,0.25231024140625,0.0190207253864708,0.0167104839802208,0.25
GuttmannFlury2025-MI,BSCNN,4,1,80,2,0.6359375,0.932409328238407,0.23790521171875,0.0198490491313374,0.0319438374125874,0.25
GuttmannFlury2025-MI,BSCNN,4,2,80,2,0.651875,0.912719762935172,0.234736496875,0.0201449290225626,0.0354084321475626,0.25
GuttmannFlury2025-MI,BSCNN,5,0,80,2,0.7115625,0.915861346444382,0.225118315625,0.0377636007127193,0.0626452850877193,0.25
GuttmannFlury2025-MI,BSCNN,5,1,80,2,0.8103125,0.890558390797523,0.1908553265625,0.0438761598958333,0.103020833333333,0.25
GuttmannFlury2025-MI,BSCNN,5,2,80,2,0.70125,0.89279085382028,0.22147269375,0.0281654801302864,0.0566927863802864,0.25
GuttmannFlury2025-MI,BSCNN,6,0,120,2,0.669722222222222,0.895689701154144,0.2378442703125,0.0233635609633696,0.0355192906508696,0.25
GuttmannFlury2025-MI,BSCNN,6,1,80,2,0.6275,0.863874995017044,0.25115179140625,0.0335095423023073,0.0323577508960573,0.25
GuttmannFlury2025-MI,BSCNN,6,2,80,2,0.6321875,0.881001068734719,0.239651584375,0.0390868913925439,0.0494353070175439,0.25
GuttmannFlury2025-MI,BSCNN,7,0,160,2,0.71921875,0.918017727494828,0.214980444921875,0.022495554973664,0.057515110051789,0.25
GuttmannFlury2025-MI,BSCNN,7,1,40,2,0.765,0.848011773984769,0.20227564375,0.0376923104166667,0.0854166666666666,0.25
GuttmannFlury2025-MI,BSCNN,7,2,40,2,0.6175,0.90784533251347,0.2385747203125,0.0346786164163961,0.0461038961038961,0.25
GuttmannFlury2025-MI,BSCNN,8,0,160,2,0.64,0.867310205735812,0.247279602734375,0.0261952251236816,0.0289156223893066,0.25
GuttmannFlury2025-MI,BSCNN,8,1,40,2,0.665,0.911151857748397,0.2420340765625,0.0450896321180555,0.0530555555555555,0.25
GuttmannFlury2025-MI,BSCNN,8,2,40,2,0.405,0.970441925001917,0.2764442734375,0.0333887178819444,0.00694444444444445,0.25
GuttmannFlury2025-MI,BSCNN,9,0,160,2,0.716875,0.89485152703324,0.21390579921875,0.0217780115291871,0.0578722123104371,0.25
GuttmannFlury2025-MI,BSCNN,9,1,40,2,0.73,0.928659850581247,0.21573628125,0.0460516530127402,0.0803153717627402,0.25
GuttmannFlury2025-MI,BSCNN,9,2,40,2,0.81,0.871212669844537,0.18391955,0.0376424937229437,0.103722943722944,0.25
GuttmannFlury2025-MI,CSPBLDA,1,0,120,2,0.591944444444444,0.997068570278467,0.248212588020833,0.0229788179594771,0.0247662299386437,0.25
GuttmannFlury2025-MI,CSPBLDA,1,1,80,2,0.5,0.997348275198608,0.250905215625,0.00886479480550942,0.00795957918050941,0.25
GuttmannFlury2025-MI,CSPBLDA,1,2,80,2,0.5596875,0.999028517876363,0.248236484375,0.0227907271247315,0.0245542427497315,0.25
GuttmannFlury2025-MI,CSPBLDA,11,0,120,2,0.524305555555556,0.99121043210941,0.251407094791667,0.0120258088721265,0.0106187140804598,0.25
GuttmannFlury2025-MI,CSPBLDA,11,1,80,2,0.6121875,0.981563329583602,0.2489993765625,0.0280150770455918,0.0290157004830918,0.25
GuttmannFlury2025-MI,CSPBLDA,11,2,80,2,0.5865625,0.996537885919173,0.24698777578125,0.0282318656157654,0.0312440898345153,0.25
GuttmannFlury2025-MI,CSPBLDA,2,0,120,2,0.48875,0.999086949977505,0.250897522395833,0.00671025498488176,0.00581273258904841,0.25
GuttmannFlury2025-MI,CSPBLDA,2,1,80,2,0.560625,0.999329693553434,0.24779781015625,0.0237287410871809,0.0259309309309309,0.25
GuttmannFlury2025-MI,CSPBLDA,2,2,40,2,0.66375,0.999038762610781,0.24695795,0.0415412833333333,0.0445833333333333,0.25
GuttmannFlury2025-MI,CSPBLDA,3,0,120,2,0.534722222222222,0.992837967659045,0.249580129166667,0.0170620132246377,0.017481884057971,0.25
GuttmannFlury2025-MI,CSPBLDA,3,1,80,2,0.5421875,0.996399481334167,0.24906827734375,0.0217419480127037,0.0226736706689537,0.25
GuttmannFlury2025-MI,CSPBLDA,3,2,40,2,0.49875,0.997616060676216,0.2514560078125,0.0102060078125,0.00875000000000001,0.25
GuttmannFlury2025-MI,CSPBLDA,4,0,80,2,0.45875,0.998003687771463,0.252209771875,0.00403492412388104,0.00182515224888105,0.25
GuttmannFlury2025-MI,CSPBLDA,4,1,80,2,0.556875,0.999139347234318,0.24870748046875,0.0211955187462619,0.0224880382775119,0.25
GuttmannFlury2025-MI,CSPBLDA,4,2,80,2,0.549375,0.998952864276473,0.2483814015625,0.0132564015625,0.014875,0.25
GuttmannFlury2025-MI,CSPBLDA,5,0,80,2,0.54,0.998318524560069,0.2490886109375,0.0208617938948935,0.0217731829573935,0.25
GuttmannFlury2025-MI,CSPBLDA,5,1,80,2,0.49625,0.996749085271867,0.25121557890625,0.00732065137001814,0.00610507246376812,0.25
GuttmannFlury2025-MI,CSPBLDA,5,2,80,2,0.473125,0.989344523560053,0.25610020625,0.00806469015677028,0.00196448390677026,0.25
GuttmannFlury2025-MI,CSPBLDA,6,0,120,2,0.439166666666667,0.995746395443547,0.254068220833333,0.00736950288461535,0.00330128205128205,0.25
GuttmannFlury2025-MI,CSPBLDA,6,1,80,2,0.565,0.999172357311622,0.24817103203125,0.0273434221411401,0.0291723901098901,0.25
GuttmannFlury2025-MI,CSPBLDA,6,2,80,2,0.515625,0.998830111489124,0.248830121875,0.0160092820005887,0.0171791601255887,0.25
GuttmannFlury2025-MI,CSPBLDA,7,0,160,2,0.566328125,0.972145757768246,0.245370180859375,0.0187451132186824,0.0233749323593073,0.25
GuttmannFlury2025-MI,CSPBLDA,7,1,40,2,0.5875,0.980366770805348,0.2430448140625,0.0384265874615148,0.0453817733990148,0.25
GuttmannFlury2025-MI,CSPBLDA,7,2,40,2,0.5525,0.989014966861232,0.2458166578125,0.0282879221803161,0.0324712643678161,0.25
GuttmannFlury2025-MI,CSPBLDA,8,0,160,2,0.48421875,0.996862602613043,0.25113180234375,0.00791554890022383,0.00678374655647385,0.25
GuttmannFlury2025-MI,CSPBLDA,8,1,40,2,0.44875,0.995158856083678,0.252362653125,0.0364772364583333,0.0341145833333333,0.25
GuttmannFlury2025-MI,CSPBLDA,8,2,40,2,0.79625,0.997361392601505,0.24373959375,0.0987176639254386,0.104978070175439,0.25
GuttmannFlury2025-MI,CSPBLDA,9,0,160,2,0.531796875,0.996307219002338,0.2502830625,0.00882752871873832,0.00854446621873833,0.25
GuttmannFlury2025-MI,CSPBLDA,9,1,40,2,0.61125,0.9991853633816,0.2477384453125,0.0549884453125,0.05725,0.25
GuttmannFlury2025-MI,CSPBLDA,9,2,40,2,0.58375,0.998058333067409,0.248459809375,0.0302455236607143,0.0317857142857143,0.25
GuttmannFlury2025-MI,CSPGP,1,0,120,2,0.585972222222222,0.999825934024191,0.248993653125,0.0168703301115841,0.0178766769865841,0.25
GuttmannFlury2025-MI,CSPGP,1,1,80,2,0.5428125,0.999744351772585,0.2498385875,0.015381266528133,0.015542679028133,0.25
GuttmannFlury2025-MI,CSPGP,1,2,80,2,0.5203125,0.999795229191377,0.24996158359375,0.00803621729338372,0.00807463369963371,0.25
GuttmannFlury2025-MI,CSPGP,11,0,120,2,0.468611111111111,0.999798003998662,0.250509580729167,0.00229931689390286,0.00178973616473618,0.25
GuttmannFlury2025-MI,CSPGP,11,1,80,2,0.4815625,0.999770900207904,0.25026376328125,0.00470003779105393,0.00443627450980394,0.25
GuttmannFlury2025-MI,CSPGP,11,2,80,2,0.4728125,0.999832037031709,0.25025508046875,0.0138420369904891,0.0135869565217391,0.25
GuttmannFlury2025-MI,CSPGP,2,0,120,2,0.607361111111111,0.999812245868274,0.248481727083333,0.0290309622147787,0.0305492351314454,0.25
GuttmannFlury2025-MI,CSPGP,2,1,80,2,0.514375,0.999791752396987,0.2499659140625,0.00668263484172082,0.00671672077922081,0.25
GuttmannFlury2025-MI,CSPGP,2,2,40,2,0.485,0.999822945362469,0.25014885625,0.0143155229166667,0.0141666666666667,0.25
GuttmannFlury2025-MI,CSPGP,3,0,120,2,0.501944444444444,0.999743093959384,0.2499827703125,0.00933056857158859,0.0093477982590886,0.25
GuttmannFlury2025-MI,CSPGP,3,1,80,2,0.43875,0.999799570335694,0.2508882046875,0.00731181579861115,0.00642361111111114,0.25
GuttmannFlury2025-MI,CSPGP,3,2,40,2,0.51375,0.99979274450091,0.2500280703125,0.0103137845982143,0.0102857142857143,0.25
GuttmannFlury2025-MI,CSPGP,4,0,80,2,0.455625,0.999737969798542,0.2505720484375,0.00701144237689397,0.00643939393939394,0.25
GuttmannFlury2025-MI,CSPGP,4,1,80,2,0.573125,0.999593600536342,0.248647053125,0.0169010213789682,0.0182539682539682,0.25
GuttmannFlury2025-MI,CSPGP,4,2,80,2,0.4765625,0.999687539915306,0.25078014453125,0.00475288389295209,0.00397273936170212,0.25
GuttmannFlury2025-MI,CSPGP,5,0,80,2,0.555625,0.999778958651437,0.249407846875,0.0132057771582244,0.0137979302832244,0.25
GuttmannFlury2025-MI,CSPGP,5,1,80,2,0.44875,0.999828719080385,0.250265603125,0.0106822697916667,0.0104166666666667,0.25
GuttmannFlury2025-MI,CSPGP,5,2,80,2,0.41625,0.999773470017027,0.25115662421875,0.00740662421875002,0.00625,0.25
GuttmannFlury2025-MI,CSPGP,6,0,120,2,0.564027777777778,0.999769045928841,0.248990447395833,0.0145278218147867,0.0155373744189534,0.25
GuttmannFlury2025-MI,CSPGP,6,1,80,2,0.5778125,0.999685650507756,0.24929954765625,0.0135870730112196,0.0142875253549696,0.25
GuttmannFlury2025-MI,CSPGP,6,2,80,2,0.5421875,0.999718010693491,0.24905708671875,0.0186734757644869,0.0196163890457369,0.25
GuttmannFlury2025-MI,CSPGP,7,0,160,2,0.569296875,0.979776942895315,0.2478079421875,0.0161033236078814,0.0182953814203814,0.25
GuttmannFlury2025-MI,CSPGP,7,1,40,2,0.645,0.985189143493986,0.236165321875,0.049290321875,0.063125,0.25
GuttmannFlury2025-MI,CSPGP,7,2,40,2,0.52875,0.991266289444829,0.249254496875,0.0271765747970779,0.0279220779220779,0.25
GuttmannFlury2025-MI,CSPGP,8,0,160,2,0.535,0.99979465630173,0.249652409375,0.007247757699515,0.007595348324515,0.25
GuttmannFlury2025-MI,CSPGP,8,1,40,2,0.4075,0.999826250257508,0.251460209375,0.00536645937500002,0.00390625,0.25
GuttmannFlury2025-MI,CSPGP,8,2,40,2,0.6525,0.999868483324493,0.2486893265625,0.0358421043402778,0.0371527777777778,0.25
GuttmannFlury2025-MI,CSPGP,9,0,160,2,0.482421875,0.999793932009086,0.250126094921875,0.00586800925753933,0.00574191433566434,0.25
GuttmannFlury2025-MI,CSPGP,9,1,40,2,0.61625,0.999809858263668,0.2483846421875,0.0364528240056818,0.0380681818181818,0.25
GuttmannFlury2025-MI,CSPGP,9,2,40,2,0.54,0.999851354883204,0.2498202609375,0.0121568622446895,0.0123366013071895,0.25
GuttmannFlury2025-MI,CSPLDA,1,0,120,2,0.615,0.997021117096257,0.247330106197719,0.029437949334974,0.0321078431372549,0.25
GuttmannFlury2025-MI,CSPLDA,1,1,80,2,0.5125,0.99765167621781,0.250604302973158,0.0081243564490941,0.00752005347593582,0.25
GuttmannFlury2025-MI,CSPLDA,1,2,80,2,0.54625,0.999092672990714,0.248700426913764,0.0200117014235679,0.0213112745098039,0.25
GuttmannFlury2025-MI,CSPLDA,11,0,120,2,0.5225,0.990694560558275,0.251762608696906,0.00818040171353604,0.00641779301663023,0.25
GuttmannFlury2025-MI,CSPLDA,11,1,80,2,0.6175,0.981893960994734,0.248684233815634,0.0268009666198666,0.0281167328042328,0.25
GuttmannFlury2025-MI,CSPLDA,11,2,80,2,0.5525,0.996718843300748,0.248214171880539,0.0191706112744782,0.0209564393939394,0.25
GuttmannFlury2025-MI,CSPLDA,2,0,120,2,0.496388888888889,0.999108968821663,0.250293917113213,0.00713915520845149,0.00684523809523807,0.25
GuttmannFlury2025-MI,CSPLDA,2,1,80,2,0.551875,0.999428628906171,0.248342659487093,0.0201336225890317,0.0217909631019387,0.25
GuttmannFlury2025-MI,CSPLDA,2,2,40,2,0.62,0.998938050677137,0.248118946234421,0.0369879938534685,0.0388690476190476,0.25
GuttmannFlury2025-MI,CSPLDA,3,0,120,2,0.534444444444444,0.992986303157933,0.250265972160095,0.0113635345419037,0.011097562381809,0.25
GuttmannFlury2025-MI,CSPLDA,3,1,80,2,0.57375,0.996622324796942,0.248419355826881,0.0300316746674605,0.0316123188405797,0.25
GuttmannFlury2025-MI,CSPLDA,3,2,40,2,0.4575,0.997790331955309,0.253007248105838,0.00684711738688387,0.00383986928104574,0.25
GuttmannFlury2025-MI,CSPLDA,4,0,80,2,0.4675,0.998282185651897,0.251443654942963,0.00244526524892114,0.00100161030595813,0.25
GuttmannFlury2025-MI,CSPLDA,4,1,80,2,0.578125,0.999189443192332,0.248829060977779,0.0185148898547847,0.0196858288770053,0.25
GuttmannFlury2025-MI,CSPLDA,4,2,80,2,0.571875,0.999271687361207,0.248265490472865,0.0200332600807085,0.0217677696078432,0.25
GuttmannFlury2025-MI,CSPLDA,5,0,80,2,0.569375,0.998545243798843,0.247830028209287,0.0154635072765898,0.0176334790673026,0.25
GuttmannFlury2025-MI,CSPLDA,5,1,80,2,0.5175,0.996541000045756,0.250875492029004,0.013196920600433,0.0123214285714286,0.25
GuttmannFlury2025-MI,CSPLDA,5,2,80,2,0.48625,0.988815403779376,0.255659222145201,0.0121679217789011,0.00650869963369965,0.25
GuttmannFlury2025-MI,CSPLDA,6,0,120,2,0.457222222222222,0.9956656529671,0.253552082613295,0.00793519949641192,0.00438311688311688,0.25
GuttmannFlury2025-MI,CSPLDA,6,1,80,2,0.489375,0.99934477934528,0.249643249460179,0.0126349678866804,0.012991718426501,0.25
GuttmannFlury2025-MI,CSPLDA,6,2,80,2,0.581875,0.999028893429416,0.248342741900598,0.026854369807575,0.0285116279069768,0.25
GuttmannFlury2025-MI,CSPLDA,7,0,160,2,0.56703125,0.97344767338211,0.245400627674522,0.0194418884970327,0.0240412608225108,0.25
GuttmannFlury2025-MI,CSPLDA,7,1,40,2,0.5925,0.981309936388786,0.242029194555365,0.0380062060496179,0.0459770114942529,0.25
GuttmannFlury2025-MI,CSPLDA,7,2,40,2,0.5675,0.989316289699484,0.245012553299025,0.0358458866323587,0.0408333333333334,0.25
GuttmannFlury2025-MI,CSPLDA,8,0,160,2,0.4921875,0.997041938569728,0.250969416262038,0.00845714756986496,0.00748773130782696,0.25
GuttmannFlury2025-MI,CSPLDA,8,1,40,2,0.4575,0.995379801527397,0.252612304472957,0.0117638196244722,0.00915151515151516,0.25
GuttmannFlury2025-MI,CSPLDA,8,2,40,2,0.535,0.997231699797852,0.246524004739366,0.0198328282687777,0.0233088235294117,0.25
GuttmannFlury2025-MI,CSPLDA,9,0,160,2,0.4884375,0.996235562729437,0.251686118319892,0.0095095448933189,0.00782342657342655,0.25
GuttmannFlury2025-MI,CSPLDA,9,1,40,2,0.7125,0.999163744150044,0.246091912231983,0.0588089990667173,0.0627170868347339,0.25
GuttmannFlury2025-MI,CSPLDA,9,2,40,2,0.62,0.998019422352239,0.248306522342107,0.0470384064000783,0.048731884057971,0.25
GuttmannFlury2025-MI,CSPSVM,1,0,120,2,0.407638888888889,0.999305822310102,0.252431395263781,0.00243139526378144,0,0.25
GuttmannFlury2025-MI,CSPSVM,1,1,80,2,0.4771875,0.999431866072626,0.251036054263696,0.00556303135164873,0.00452697708795272,0.25
GuttmannFlury2025-MI,CSPSVM,1,2,80,2,0.4115625,0.999493167584548,0.25175549415354,0.00492578400861199,0.00317028985507245,0.25
GuttmannFlury2025-MI,CSPSVM,11,0,120,2,0.498611111111111,0.999554480694063,0.250342431577545,0.013985724260472,0.0136432926829268,0.25
GuttmannFlury2025-MI,CSPSVM,11,1,80,2,0.4625,0.99969117085759,0.25011927889847,0.00973134786398738,0.00961206896551725,0.25
GuttmannFlury2025-MI,CSPSVM,11,2,80,2,0.526875,0.999762270296989,0.249556183456507,0.00750261202793517,0.00794642857142855,0.25
GuttmannFlury2025-MI,CSPSVM,2,0,120,2,0.4875,0.998612487668411,0.25068919228223,0.00494918349874321,0.00425999121651296,0.25
GuttmannFlury2025-MI,CSPSVM,2,1,80,2,0.46625,0.997963392174309,0.251831058132975,0.00296742176933859,0.00113636363636363,0.25
GuttmannFlury2025-MI,CSPSVM,2,2,40,2,0.455,0.998128615578356,0.251049606227342,0.00819246337019883,0.00714285714285715,0.25
GuttmannFlury2025-MI,CSPSVM,3,0,120,2,0.532222222222222,0.999385843489456,0.249422946855258,0.0140474889797998,0.0146245421245421,0.25
GuttmannFlury2025-MI,CSPSVM,3,1,80,2,0.479375,0.999159313195016,0.250817301858242,0.00251373042967087,0.00169642857142857,0.25
GuttmannFlury2025-MI,CSPSVM,3,2,40,2,0.36375,0.999636671440486,0.252429604932563,0.00242960493256345,0,0.25
GuttmannFlury2025-MI,CSPSVM,4,0,80,2,0.486875,0.999990009344311,0.250084903943654,8.49039436536803e-05,0,0.25
GuttmannFlury2025-MI,CSPSVM,4,1,80,2,0.54375,0.999985230971718,0.24974854753366,0.00722960813972079,0.00748106060606057,0.25
GuttmannFlury2025-MI,CSPSVM,4,2,80,2,0.488125,0.999992359086345,0.250062431510435,0.00322801592601946,0.0031655844155844,0.25
GuttmannFlury2025-MI,CSPSVM,5,0,80,2,0.464375,0.999877550113652,0.250355641353253,0.00427456027217238,0.00391891891891893,0.25
GuttmannFlury2025-MI,CSPSVM,5,1,80,2,0.4984375,0.999991477994597,0.250022426853861,2.24268538608907e-05,0,0.25
GuttmannFlury2025-MI,CSPSVM,5,2,80,2,0.466875,0.999831275946621,0.250543907644075,0.00446751875518606,0.00392361111111114,0.25
GuttmannFlury2025-MI,CSPSVM,6,0,120,2,0.5,1,0.25,0,0,0.25
GuttmannFlury2025-MI,CSPSVM,6,1,80,2,0.5,1,0.25,0,0,0.25
GuttmannFlury2025-MI,CSPSVM,6,2,80,2,0.5,1,0.25,0,0,0.25
GuttmannFlury2025-MI,CSPSVM,7,0,160,2,0.546953125,0.989501543406433,0.249837152194327,0.0157802368874119,0.0159430846930847,0.25
GuttmannFlury2025-MI,CSPSVM,7,1,40,2,0.615,0.987888142412886,0.242205731867481,0.0496410766950675,0.0574353448275862,0.25
GuttmannFlury2025-MI,CSPSVM,7,2,40,2,0.4575,0.989288937966365,0.255144716620564,0.0207697166205636,0.015625,0.25
GuttmannFlury2025-MI,CSPSVM,8,0,160,2,0.4621875,0.999971245436067,0.250267295119721,0.000267295119721178,0,0.25
GuttmannFlury2025-MI,CSPSVM,8,1,40,2,0.55,0.999993311441252,0.249661895874643,0.012819790611485,0.0131578947368421,0.25
GuttmannFlury2025-MI,CSPSVM,8,2,40,2,0.5,1,0.25,0,0,0.25
GuttmannFlury2025-MI,CSPSVM,9,0,160,2,0.5225,0.999772450469632,0.249765868648599,0.00853266972386771,0.00876680107526881,0.25
GuttmannFlury2025-MI,CSPSVM,9,1,40,2,0.295,0.999675688103499,0.253164563229973,0.00957481964022941,0.00641025641025642,0.25
GuttmannFlury2025-MI,CSPSVM,9,2,40,2,0.4575,0.998585543419992,0.250423996237296,0.0141196484112093,0.013695652173913,0.25
GuttmannFlury2025-MI,DCNN,1,0,120,2,0.756111111111111,0.799075013082532,0.198931097154647,0.0164182117322784,0.0674871145776318,0.25
GuttmannFlury2025-MI,DCNN,1,1,80,2,0.730625,0.827021420038463,0.21224847279514,0.0323142622688247,0.0700657894736842,0.25
GuttmannFlury2025-MI,DCNN,1,2,80,2,0.8375,0.843676136884409,0.175307437210657,0.0369302442282011,0.111622807017544,0.25
GuttmannFlury2025-MI,DCNN,11,0,120,2,0.629722222222222,0.650657802223988,0.288214107357626,0.0687653495936506,0.0305512422360249,0.25
GuttmannFlury2025-MI,DCNN,11,1,80,2,0.843125,0.524142995042986,0.175262443915062,0.0390659198508913,0.113803475935829,0.25
GuttmannFlury2025-MI,DCNN,11,2,80,2,0.721875,0.680387695887905,0.229404996240973,0.038154996240973,0.05875,0.25
GuttmannFlury2025-MI,DCNN,2,0,120,2,0.668055555555556,0.91511633482849,0.22765792377568,0.0204318165495727,0.0427738927738928,0.25
GuttmannFlury2025-MI,DCNN,2,1,80,2,0.579375,0.899443086285904,0.258526554075159,0.0248705390375651,0.016343984962406,0.25
GuttmannFlury2025-MI,DCNN,2,2,40,2,0.64,0.86599515388665,0.259774693337812,0.0466496933378125,0.036875,0.25
GuttmannFlury2025-MI,DCNN,3,0,120,2,0.6125,0.901633260619661,0.244047093695778,0.0231211677698517,0.0290740740740741,0.25
GuttmannFlury2025-MI,DCNN,3,1,80,2,0.5775,0.892044523504257,0.259039215798131,0.0254735167912558,0.0164343009931245,0.25
GuttmannFlury2025-MI,DCNN,3,2,40,2,0.8125,0.886283711834313,0.18386177227477,0.06136177227477,0.1275,0.25
GuttmannFlury2025-MI,DCNN,4,0,80,2,0.549375,0.924867032301891,0.267736946295845,0.0380080362547845,0.0202710899589399,0.25
GuttmannFlury2025-MI,DCNN,4,1,80,2,0.679375,0.944654876317952,0.227242071621316,0.0189312250604695,0.0416891534391534,0.25
GuttmannFlury2025-MI,DCNN,4,2,80,2,0.573125,0.898284125907256,0.25917895439975,0.0267730404212553,0.0175940860215054,0.25
GuttmannFlury2025-MI,DCNN,5,0,80,2,0.659375,0.925785754146388,0.242406860443222,0.0381836006809127,0.045776740237691,0.25
GuttmannFlury2025-MI,DCNN,5,1,80,2,0.703125,0.896949575772142,0.217881717703944,0.022068225640452,0.0541865079365079,0.25
GuttmannFlury2025-MI,DCNN,5,2,80,2,0.728125,0.902713482529942,0.211484548002071,0.0297672338834408,0.0682826858813701,0.25
GuttmannFlury2025-MI,DCNN,6,0,120,2,0.493888888888889,0.848203095208658,0.290318447513071,0.0472987845917225,0.0069803370786517,0.25
GuttmannFlury2025-MI,DCNN,6,1,80,2,0.68875,0.933471287143205,0.235825761747495,0.0500885822603158,0.0642628205128205,0.25
GuttmannFlury2025-MI,DCNN,6,2,80,2,0.761875,0.91351604610216,0.221870248940653,0.0469425932629971,0.0750723443223443,0.25
GuttmannFlury2025-MI,DCNN,7,0,160,2,0.71828125,0.840996079593281,0.214423400981508,0.0138470257389008,0.0494236247573929,0.25
GuttmannFlury2025-MI,DCNN,7,1,40,2,0.8075,0.825008682785874,0.178662628194654,0.0333785372855633,0.104715909090909,0.25
GuttmannFlury2025-MI,DCNN,7,2,40,2,0.59,0.928168650888387,0.234221338384085,0.034221338384085,0.05,0.25
GuttmannFlury2025-MI,DCNN,8,0,160,2,0.5796875,0.865360922722026,0.251906689067425,0.0274196070005555,0.0255129179331307,0.25
GuttmannFlury2025-MI,DCNN,8,1,40,2,0.6875,0.98450194847267,0.231755048039414,0.033290135758712,0.0515350877192982,0.25
GuttmannFlury2025-MI,DCNN,8,2,40,2,0.5625,0.916022566302566,0.269064034478598,0.0428735582881214,0.0238095238095238,0.25
GuttmannFlury2025-MI,DCNN,9,0,160,2,0.63140625,0.905197154207133,0.235835448562062,0.0224437454142609,0.0366082968521993,0.25
GuttmannFlury2025-MI,DCNN,9,1,40,2,0.875,0.870497097059484,0.174958956456433,0.0701970516945279,0.145238095238095,0.25
GuttmannFlury2025-MI,DCNN,9,2,40,2,0.8225,0.894593481295864,0.185543633924031,0.0510198244002213,0.11547619047619,0.25
GuttmannFlury2025-MI,SCNN,1,0,120,2,0.745833333333333,0.755775981139759,0.211113751045856,0.0285567981947857,0.0674430471489295,0.25
GuttmannFlury2025-MI,SCNN,1,1,80,2,0.78,0.780350528331066,0.191273945968109,0.0199693824760455,0.0786954365079365,0.25
GuttmannFlury2025-MI,SCNN,1,2,80,2,0.813125,0.76310464925847,0.178633929108049,0.0311866888483086,0.10255275974026,0.25
GuttmannFlury2025-MI,SCNN,11,0,120,2,0.645,0.811150284477027,0.244353062229619,0.0325475066740634,0.0381944444444445,0.25
GuttmannFlury2025-MI,SCNN,11,1,80,2,0.853125,0.74323528296967,0.161020869428908,0.030281782127321,0.119260912698413,0.25
GuttmannFlury2025-MI,SCNN,11,2,80,2,0.6275,0.855223103428165,0.240795196359916,0.0372025092850857,0.0464073129251701,0.25
GuttmannFlury2025-MI,SCNN,2,0,120,2,0.596944444444444,0.828706177773891,0.27162223155651,0.04605145164198,0.0244292200854701,0.25
GuttmannFlury2025-MI,SCNN,2,1,80,2,0.59375,0.822355410153822,0.266163834787507,0.0459059289936104,0.0297420942061035,0.25
GuttmannFlury2025-MI,SCNN,2,2,40,2,0.64,0.758722073570886,0.283580079161522,0.0849689680504109,0.0513888888888889,0.25
GuttmannFlury2025-MI,SCNN,3,0,120,2,0.583888888888889,0.878100580275429,0.258413253900119,0.0347760414393768,0.0263627875392582,0.25
GuttmannFlury2025-MI,SCNN,3,1,80,2,0.5375,0.909389049696271,0.268117216665139,0.0304491494382484,0.0123319327731092,0.25
GuttmannFlury2025-MI,SCNN,3,2,40,2,0.6375,0.87982771584893,0.243538551954515,0.0411575995735626,0.0476190476190476,0.25
GuttmannFlury2025-MI,SCNN,4,0,80,2,0.4775,0.841075460030144,0.30790552892694,0.0687419717130097,0.0108364427860697,0.25
GuttmannFlury2025-MI,SCNN,4,1,80,2,0.600625,0.8279292963796,0.260017693841814,0.0387244105710589,0.0287067167292449,0.25
GuttmannFlury2025-MI,SCNN,4,2,80,2,0.696875,0.821628854997591,0.227919938053472,0.0343135617908455,0.0563936237373737,0.25
GuttmannFlury2025-MI,SCNN,5,0,80,2,0.62875,0.898002832311994,0.24889612480063,0.0423788550637877,0.0434827302631579,0.25
GuttmannFlury2025-MI,SCNN,5,1,80,2,0.725625,0.889451625662931,0.208094679273166,0.0170903608791416,0.0589956816059757,0.25
GuttmannFlury2025-MI,SCNN,5,2,80,2,0.665625,0.858278455940315,0.233289993963664,0.0230571508264093,0.0397671568627451,0.25
GuttmannFlury2025-MI,SCNN,6,0,120,2,0.641944444444444,0.722990450724816,0.268440204579552,0.0461615820393012,0.0277213774597495,0.25
GuttmannFlury2025-MI,SCNN,6,1,80,2,0.6275,0.700253830535698,0.276404038309066,0.0580498716423993,0.0316458333333333,0.25
GuttmannFlury2025-MI,SCNN,6,2,80,2,0.69,0.68645017338488,0.254940691277407,0.0538234751601911,0.0488827838827839,0.25
GuttmannFlury2025-MI,SCNN,7,0,160,2,0.70546875,0.882953083118584,0.218449853065661,0.0161070544347529,0.0476572013690916,0.25
GuttmannFlury2025-MI,SCNN,7,1,40,2,0.74,0.806618753822881,0.212693150769771,0.034288569240189,0.0715954184704184,0.25
GuttmannFlury2025-MI,SCNN,7,2,40,2,0.6625,0.848334372086737,0.237959020545668,0.0394768776885251,0.0515178571428571,0.25
GuttmannFlury2025-MI,SCNN,8,0,160,2,0.6190625,0.76536534597291,0.270917148379166,0.0456543403574068,0.0247371919782406,0.25
GuttmannFlury2025-MI,SCNN,8,1,40,2,0.6775,0.852927896717324,0.234007994371147,0.0385913277044799,0.0545833333333333,0.25
GuttmannFlury2025-MI,SCNN,8,2,40,2,0.4425,0.843067062787099,0.315144644945098,0.092922422722876,0.0277777777777778,0.25
GuttmannFlury2025-MI,SCNN,9,0,160,2,0.6934375,0.70977106344095,0.23833603071206,0.0300800967595317,0.0417440660474716,0.25
GuttmannFlury2025-MI,SCNN,9,1,40,2,0.6375,0.783314527170016,0.247387232232477,0.0393256380295782,0.0419384057971015,0.25
GuttmannFlury2025-MI,SCNN,9,2,40,2,0.775,0.65644653377705,0.196599176947825,0.0439206055192538,0.0973214285714286,0.25
GuttmannFlury2025-MI,TSBLR,1,0,120,2,0.6625,0.966024348014426,0.231008275,0.0190045472462723,0.0379962722462723,0.25
GuttmannFlury2025-MI,TSBLR,1,1,80,2,0.51375,0.885097829564714,0.282270840625,0.0394906682112069,0.0072198275862069,0.25
GuttmannFlury2025-MI,TSBLR,1,2,80,2,0.5296875,0.953602293904735,0.25779069453125,0.0294627724533279,0.0216720779220779,0.25
GuttmannFlury2025-MI,TSBLR,11,0,120,2,0.5925,0.959186930637284,0.248238907291667,0.0237247764360724,0.0254858691444057,0.25
GuttmannFlury2025-MI,TSBLR,11,1,80,2,0.6346875,0.969765263282237,0.23934570390625,0.0274335015252976,0.0380877976190476,0.25
GuttmannFlury2025-MI,TSBLR,11,2,80,2,0.595625,0.976384982640631,0.24243822265625,0.0228340559895834,0.0303958333333333,0.25
GuttmannFlury2025-MI,TSBLR,2,0,120,2,0.583194444444444,0.977925218166469,0.24648038125,0.0164711219907407,0.0199907407407407,0.25
GuttmannFlury2025-MI,TSBLR,2,1,80,2,0.6315625,0.986007839352953,0.24184531015625,0.0187085672296364,0.0268632570733864,0.25
GuttmannFlury2025-MI,TSBLR,2,2,40,2,0.64625,0.946656301469924,0.2495837984375,0.0457147508184524,0.0461309523809524,0.25
GuttmannFlury2025-MI,TSBLR,3,0,120,2,0.573194444444444,0.965744781222215,0.2525438109375,0.0208933296358559,0.0183495186983559,0.25
GuttmannFlury2025-MI,TSBLR,3,1,80,2,0.598125,0.902977612738718,0.271851878125,0.0534935973126751,0.0316417191876751,0.25
GuttmannFlury2025-MI,TSBLR,3,2,40,2,0.445,0.991635396886126,0.2575378765625,0.0161807337053571,0.00864285714285712,0.25
GuttmannFlury2025-MI,TSBLR,4,0,80,2,0.593125,0.991744726682572,0.2435410875,0.0192087011363637,0.0256676136363637,0.25
GuttmannFlury2025-MI,TSBLR,4,1,80,2,0.558125,0.988112943373184,0.24684659921875,0.0168531868340333,0.0200065876152833,0.25
GuttmannFlury2025-MI,TSBLR,4,2,80,2,0.5734375,0.96408784231038,0.2496726390625,0.0193044989903792,0.0196318599278792,0.25
GuttmannFlury2025-MI,TSBLR,5,0,80,2,0.6421875,0.987495722061246,0.237493015625,0.0220705619212963,0.0345775462962963,0.25
GuttmannFlury2025-MI,TSBLR,5,1,80,2,0.5659375,0.989722759537879,0.24630435234375,0.018538829467933,0.022234477124183,0.25
GuttmannFlury2025-MI,TSBLR,5,2,80,2,0.53375,0.981702283688829,0.24845570546875,0.0202620241500687,0.0218063186813187,0.25
GuttmannFlury2025-MI,TSBLR,6,0,120,2,0.537916666666667,0.989399283902931,0.250417720833333,0.0108518465012898,0.0104341256679565,0.25
GuttmannFlury2025-MI,TSBLR,6,1,80,2,0.5740625,0.984578395304273,0.24395637109375,0.0266268256392046,0.0326704545454546,0.25
GuttmannFlury2025-MI,TSBLR,6,2,80,2,0.6228125,0.982537587451667,0.24256957265625,0.0185577149487401,0.0259881422924901,0.25
GuttmannFlury2025-MI,TSBLR,7,0,160,2,0.559453125,0.970094576329668,0.2503983390625,0.0157843039747807,0.0153859649122807,0.25
GuttmannFlury2025-MI,TSBLR,7,1,40,2,0.6675,0.937638046983389,0.2535256109375,0.0720256109375,0.0685,0.25
GuttmannFlury2025-MI,TSBLR,7,2,40,2,0.5725,0.983753681101564,0.249509496875,0.0218706079861111,0.0223611111111111,0.25
GuttmannFlury2025-MI,TSBLR,8,0,160,2,0.5484375,0.953450940007395,0.260085427734375,0.0250401799604686,0.0149547522260937,0.25
GuttmannFlury2025-MI,TSBLR,8,1,40,2,0.5225,0.992860732347287,0.2493910375,0.0260577041666667,0.0266666666666667,0.25
GuttmannFlury2025-MI,TSBLR,8,2,40,2,0.53375,0.940326459348715,0.269555815625,0.0305677203869048,0.0110119047619048,0.25
GuttmannFlury2025-MI,TSBLR,9,0,160,2,0.6,0.986694842738952,0.2415804125,0.0188902415598291,0.0273098290598291,0.25
GuttmannFlury2025-MI,TSBLR,9,1,40,2,0.8,0.916720968080212,0.2513911265625,0.122819697991071,0.121428571428571,0.25
GuttmannFlury2025-MI,TSBLR,9,2,40,2,0.73,0.957022589470457,0.238912321875,0.0539764244391026,0.0650641025641026,0.25
GuttmannFlury2025-MI,TSGP,1,0,120,2,0.510138888888889,0.999839816850639,0.2498075921875,0.00685220713492826,0.00704461494742825,0.25
GuttmannFlury2025-MI,TSGP,1,1,80,2,0.69125,0.999800766080768,0.2481815359375,0.0522744448401915,0.0540929089026915,0.25
GuttmannFlury2025-MI,TSGP,1,2,80,2,0.540625,0.99985679265657,0.24967150234375,0.0106108116903174,0.0109393093465674,0.25
GuttmannFlury2025-MI,TSGP,11,0,120,2,0.53,0.999829205979591,0.249623769270833,0.0127158292959111,0.0130920600250778,0.25
GuttmannFlury2025-MI,TSGP,11,1,80,2,0.5284375,0.999842173379162,0.24935781796875,0.0223660597269918,0.0230082417582418,0.25
GuttmannFlury2025-MI,TSGP,11,2,80,2,0.59875,0.999810861273832,0.24858741796875,0.02671241796875,0.028125,0.25
GuttmannFlury2025-MI,TSGP,2,0,120,2,0.489444444444444,0.999803715424098,0.250513852083333,0.0041392811281907,0.00362542904485738,0.25
GuttmannFlury2025-MI,TSGP,2,1,80,2,0.4328125,0.9998129478549,0.25065231875,0.0158259298611111,0.0151736111111111,0.25
GuttmannFlury2025-MI,TSGP,2,2,40,2,0.57,0.999830126235371,0.24879636875,0.0409522391953441,0.0421558704453441,0.25
GuttmannFlury2025-MI,TSGP,3,0,120,2,0.549444444444444,0.999811754791576,0.249479816145833,0.00672049213650933,0.00724067599067599,0.25
GuttmannFlury2025-MI,TSGP,3,1,80,2,0.4571875,0.999777403975359,0.25061775859375,0.00986105361290712,0.0092432950191571,0.25
GuttmannFlury2025-MI,TSGP,3,2,40,2,0.62625,0.99979775899701,0.2485888265625,0.0357068821180555,0.0371180555555555,0.25
GuttmannFlury2025-MI,TSGP,4,0,80,2,0.613125,0.999730476381656,0.2481746421875,0.0276481563993863,0.0294735142118863,0.25
GuttmannFlury2025-MI,TSGP,4,1,80,2,0.5225,0.999787515288606,0.2499986296875,0.0112675690814394,0.0112689393939394,0.25
GuttmannFlury2025-MI,TSGP,4,2,80,2,0.4553125,0.999838466013415,0.25048410234375,0.010390148095384,0.00990604575163401,0.25
GuttmannFlury2025-MI,TSGP,5,0,80,2,0.6015625,0.999831011918102,0.24890543515625,0.0180815715198863,0.0191761363636364,0.25
GuttmannFlury2025-MI,TSGP,5,1,80,2,0.5578125,0.999857716947947,0.24900555625,0.0210358526754577,0.0220302964254577,0.25
GuttmannFlury2025-MI,TSGP,5,2,80,2,0.5875,0.999820213613256,0.2490997984375,0.0239231893323195,0.0248233908948195,0.25
GuttmannFlury2025-MI,TSGP,6,0,120,2,0.480416666666667,0.999838344084863,0.250381019791667,0.00251445087671065,0.00213343108504399,0.25
GuttmannFlury2025-MI,TSGP,6,1,80,2,0.5134375,0.999846045410854,0.2497345984375,0.0142323720732047,0.0144977736357047,0.25
GuttmannFlury2025-MI,TSGP,6,2,80,2,0.5475,0.999835133535181,0.24974150703125,0.0138161823559254,0.0140746753246754,0.25
GuttmannFlury2025-MI,TSGP,7,0,160,2,0.466015625,0.999799004728433,0.25069152421875,0.00242763532986112,0.0017361111111111,0.25
GuttmannFlury2025-MI,TSGP,7,1,40,2,0.45,0.999803489046892,0.251043096875,0.00168248306425828,0.000639386189258295,0.25
GuttmannFlury2025-MI,TSGP,7,2,40,2,0.41875,0.999802475645911,0.25128095,0.00782856904761906,0.00654761904761905,0.25
GuttmannFlury2025-MI,TSGP,8,0,160,2,0.47453125,0.999833793276691,0.25060759609375,0.00125863776041668,0.000651041666666685,0.25
GuttmannFlury2025-MI,TSGP,8,1,40,2,0.47125,0.999821595787347,0.2501555734375,0.0193222401041667,0.0191666666666667,0.25
GuttmannFlury2025-MI,TSGP,8,2,40,2,0.59,0.999822770701847,0.2494801640625,0.0312983458806818,0.0318181818181818,0.25
GuttmannFlury2025-MI,TSGP,9,0,160,2,0.51640625,0.999817990293047,0.24961619609375,0.00988324886080277,0.0102670527670528,0.25
GuttmannFlury2025-MI,TSGP,9,1,40,2,0.40625,0.999795216403685,0.2513397140625,0.0144976087993421,0.0131578947368421,0.25
GuttmannFlury2025-MI,TSGP,9,2,40,2,0.40875,0.999850655182511,0.251489253125,0.00789950953525642,0.00641025641025644,0.25
GuttmannFlury2025-MI,TSLR,1,0,120,2,0.651944444444444,0.651771338745834,0.281407439408048,0.0702208786788041,0.0388134392707563,0.25
GuttmannFlury2025-MI,TSLR,1,1,80,2,0.51375,0.458305509498501,0.389365090333825,0.148725209381444,0.00936011904761905,0.25
GuttmannFlury2025-MI,TSLR,1,2,80,2,0.538125,0.605611357166607,0.351719593808912,0.120148064562964,0.0184284707540522,0.25
GuttmannFlury2025-MI,TSLR,11,0,120,2,0.597222222222222,0.522892636791918,0.364158863194667,0.141172947701709,0.0270140845070423,0.25
GuttmannFlury2025-MI,TSLR,11,1,80,2,0.578125,0.660372681346056,0.305868374917573,0.0773034348995432,0.0214350599819707,0.25
GuttmannFlury2025-MI,TSLR,11,2,80,2,0.59875,0.709899876832879,0.289264813996814,0.0672277769597767,0.027962962962963,0.25
GuttmannFlury2025-MI,TSLR,2,0,120,2,0.565555555555556,0.704285723191026,0.311725600089468,0.0839121819146042,0.0221865818251361,0.25
GuttmannFlury2025-MI,TSLR,2,1,80,2,0.588125,0.760705225925771,0.293430621664732,0.0729760762101865,0.0295454545454545,0.25
GuttmannFlury2025-MI,TSLR,2,2,40,2,0.7075,0.460210497001255,0.379822703452275,0.193291954789173,0.0634692513368984,0.25
GuttmannFlury2025-MI,TSLR,3,0,120,2,0.612777777777778,0.899328546898819,0.247060228550329,0.0230659045560049,0.026005676005676,0.25
GuttmannFlury2025-MI,TSLR,3,1,80,2,0.610625,0.398429156870806,0.406090356928902,0.19426440510295,0.0381740481740482,0.25
GuttmannFlury2025-MI,TSLR,3,2,40,2,0.6,0.903852417398672,0.257029504066246,0.0400396311940205,0.0330101271277742,0.25
GuttmannFlury2025-MI,TSLR,4,0,80,2,0.573125,0.890724979545549,0.254766923446577,0.0405289555321386,0.0357620320855615,0.25
GuttmannFlury2025-MI,TSLR,4,1,80,2,0.488125,0.898465367936664,0.283626527148147,0.0505536104814808,0.0169270833333333,0.25
GuttmannFlury2025-MI,TSLR,4,2,80,2,0.618125,0.826901600245411,0.275061347660055,0.0562891721231733,0.0312278244631186,0.25
GuttmannFlury2025-MI,TSLR,5,0,80,2,0.635625,0.852220241518096,0.243921616121653,0.0353227599125028,0.0414011437908497,0.25
GuttmannFlury2025-MI,TSLR,5,1,80,2,0.548125,0.751803452690827,0.303651570444237,0.0730495637552739,0.0193979933110368,0.25
GuttmannFlury2025-MI,TSLR,5,2,80,2,0.531875,0.836685307311358,0.282770451701966,0.0518739870555013,0.0191035353535353,0.25
GuttmannFlury2025-MI,TSLR,6,0,120,2,0.524444444444444,0.868121714240966,0.282354758422219,0.0447347775186556,0.012380019096437,0.25
GuttmannFlury2025-MI,TSLR,6,1,80,2,0.535625,0.812125717224787,0.293016811775216,0.0547596002367541,0.0117427884615385,0.25
GuttmannFlury2025-MI,TSLR,6,2,80,2,0.600625,0.818465358948388,0.282585637862601,0.0584817888130998,0.0258961509504988,0.25
GuttmannFlury2025-MI,TSLR,7,0,160,2,0.55359375,0.845434035647667,0.278568088498918,0.0368859445559046,0.00831785605698648,0.25
GuttmannFlury2025-MI,TSLR,7,1,40,2,0.6775,0.599900866825485,0.336010153398332,0.140350431176109,0.0543402777777778,0.25
GuttmannFlury2025-MI,TSLR,7,2,40,2,0.5125,0.580775908944995,0.37766470388582,0.146272658431275,0.0186079545454546,0.25
GuttmannFlury2025-MI,TSLR,8,0,160,2,0.50515625,0.627706814515411,0.354719112156774,0.112450588931793,0.00773147677501884,0.25
GuttmannFlury2025-MI,TSLR,8,1,40,2,0.4625,0.564411294903283,0.38028451329982,0.139584030208033,0.00929951690821254,0.25
GuttmannFlury2025-MI,TSLR,8,2,40,2,0.54,0.663884887046045,0.349800210123513,0.13396687679018,0.0341666666666667,0.25
GuttmannFlury2025-MI,TSLR,9,0,160,2,0.56109375,0.8357659970329,0.28045074124274,0.0480867784511459,0.0176360372084056,0.25
GuttmannFlury2025-MI,TSLR,9,1,40,2,0.72,0.213585321266978,0.452613740960696,0.267995234467189,0.0653814935064935,0.25
GuttmannFlury2025-MI,TSLR,9,2,40,2,0.6775,0.298666115535434,0.432177911866593,0.235722284160965,0.0535443722943723,0.25
GuttmannFlury2025-MI,TSSVM,1,0,120,2,0.620277777777778,0.957080729284665,0.24016568981601,0.0240824734267961,0.0339167836107861,0.25
GuttmannFlury2025-MI,TSSVM,1,1,80,2,0.529375,0.894767648492042,0.276338907122219,0.0382833515666637,0.0119444444444445,0.25
GuttmannFlury2025-MI,TSSVM,1,2,80,2,0.536875,0.953647259416047,0.255438941309523,0.026005848360805,0.0205669070512821,0.25
GuttmannFlury2025-MI,TSSVM,11,0,120,2,0.604166666666667,0.952331455100349,0.252669116957238,0.0306276081188539,0.0279584911616162,0.25
GuttmannFlury2025-MI,TSSVM,11,1,80,2,0.565625,0.96387315696881,0.252165203684045,0.016132497590855,0.01396729390681,0.25
GuttmannFlury2025-MI,TSSVM,11,2,80,2,0.578125,0.972984277095998,0.24479396331022,0.0244741687257194,0.0296802054154995,0.25
GuttmannFlury2025-MI,TSSVM,2,0,120,2,0.542222222222222,0.977392152808075,0.250826304323296,0.0198739233709145,0.019047619047619,0.25
GuttmannFlury2025-MI,TSSVM,2,1,80,2,0.5971875,0.984512124710807,0.246336934020071,0.0258335696308369,0.029496635610766,0.25
GuttmannFlury2025-MI,TSSVM,2,2,40,2,0.715,0.951561309928527,0.249377972678003,0.0656279726780035,0.06625,0.25
GuttmannFlury2025-MI,TSSVM,3,0,120,2,0.578888888888889,0.972394410094811,0.251102513097752,0.0217815254434311,0.020679012345679,0.25
GuttmannFlury2025-MI,TSSVM,3,1,80,2,0.601875,0.897633496204035,0.274350992194099,0.0561819216812788,0.0318309294871795,0.25
GuttmannFlury2025-MI,TSSVM,3,2,40,2,0.6275,0.989011177402612,0.24802761462975,0.0308401146297505,0.0328125,0.25
GuttmannFlury2025-MI,TSSVM,4,0,80,2,0.5703125,0.99692404033283,0.245178811675658,0.0294092538525283,0.0342304421768707,0.25
GuttmannFlury2025-MI,TSSVM,4,1,80,2,0.4975,0.997397875033786,0.250052396159022,0.0123000669664751,0.0122476708074534,0.25
GuttmannFlury2025-MI,TSSVM,4,2,80,2,0.5896875,0.993935964385329,0.246837807481698,0.03352611917001,0.0366883116883117,0.25
GuttmannFlury2025-MI,TSSVM,5,0,80,2,0.6528125,0.994028461860498,0.240519990088731,0.0325788136181431,0.0420588235294118,0.25
GuttmannFlury2025-MI,TSSVM,5,1,80,2,0.5890625,0.993613185170662,0.246918358607668,0.0240162099433239,0.0270978513356562,0.25
GuttmannFlury2025-MI,TSSVM,5,2,80,2,0.56625,0.995801184102004,0.24652454646253,0.0192929080444509,0.0227683615819209,0.25
GuttmannFlury2025-MI,TSSVM,6,0,120,2,0.525694444444444,0.991706481844175,0.250493638284107,0.012433181299231,0.0119395430151244,0.25
GuttmannFlury2025-MI,TSSVM,6,1,80,2,0.54125,0.987585156493541,0.250857343015239,0.00749154214943779,0.00663419913419913,0.25
GuttmannFlury2025-MI,TSSVM,6,2,80,2,0.579375,0.986624433213184,0.24741342597235,0.0176359638511382,0.0202225378787879,0.25
GuttmannFlury2025-MI,TSSVM,7,0,160,2,0.57015625,0.988703750626811,0.248092936525859,0.0090526927687819,0.0109597562429227,0.25
GuttmannFlury2025-MI,TSSVM,7,1,40,2,0.665,0.976434093630119,0.245829972004425,0.0482650369394904,0.0524350649350649,0.25
GuttmannFlury2025-MI,TSSVM,7,2,40,2,0.52375,0.945582843541479,0.26473548424191,0.0338531313007336,0.0191176470588235,0.25
GuttmannFlury2025-MI,TSSVM,8,0,160,2,0.52109375,0.971061642756994,0.256947913253452,0.0148776007534515,0.00792968750000003,0.25
GuttmannFlury2025-MI,TSSVM,8,1,40,2,0.475,0.983668800320763,0.256669478123885,0.0158209932754002,0.00915151515151513,0.25
GuttmannFlury2025-MI,TSSVM,8,2,40,2,0.5575,0.969074752912999,0.255169565218207,0.0311544137030556,0.0259848484848485,0.25
GuttmannFlury2025-MI,TSSVM,9,0,160,2,0.539375,0.981549661341329,0.251422211803585,0.0159660447978023,0.0145438329942172,0.25
GuttmannFlury2025-MI,TSSVM,9,1,40,2,0.65,0.869871159473597,0.283234626290933,0.075919392505111,0.042684766214178,0.25
GuttmannFlury2025-MI,TSSVM,9,2,40,2,0.665,0.909794506338517,0.266332377009919,0.0759791161403537,0.0596467391304348,0.25
HefmiIch2025,BDCNN,1,0,120,2,0.432083333333333,0.999860563267409,0.250898320833333,0.00300112457165111,0.00210280373831775,0.25
HefmiIch2025,BDCNN,1,1,60,2,0.546666666666667,0.999841896769314,0.249333955208333,0.0170463735089869,0.0177124183006536,0.25
HefmiIch2025,BDCNN,1,2,60,2,0.441111111111111,0.999822154377963,0.250682461458333,0.0139477675807823,0.013265306122449,0.25
HefmiIch2025,BDCNN,1,3,30,2,0.617777777777778,0.999781641413003,0.249150664583333,0.0480395534722222,0.0488888888888889,0.25
HefmiIch2025,BDCNN,1,4,30,2,0.495555555555556,0.999746914579443,0.249637695833333,0.0177029638986014,0.0180652680652681,0.25
HefmiIch2025,BDCNN,10,0,90,2,0.480987654320988,0.992732810051918,0.25469525,0.00920780853554701,0.00451255853554702,0.25
HefmiIch2025,BDCNN,10,1,90,2,0.55037037037037,0.989585254283619,0.248971473611111,0.00808720853329764,0.00911573492218654,0.25
HefmiIch2025,BDCNN,10,2,60,2,0.413888888888889,0.995038751093714,0.25708840625,0.0129415808531746,0.00585317460317461,0.25
HefmiIch2025,BDCNN,10,3,30,2,0.4,0.983287426343691,0.268426541666667,0.0216011448412698,0.00317460317460316,0.25
HefmiIch2025,BDCNN,11,0,90,2,0.559753086419753,0.99983596160933,0.249401290277778,0.0193952406710022,0.0199939503932244,0.25
HefmiIch2025,BDCNN,11,1,90,2,0.512098765432099,0.999790293623818,0.249578223611111,0.012051341890681,0.0124731182795699,0.25
HefmiIch2025,BDCNN,11,2,30,2,0.168888888888889,0.999881259426622,0.253607816666667,0.00360781666666665,0,0.25
HefmiIch2025,BDCNN,11,3,30,2,0.317777777777778,0.999877603384684,0.25193408125,0.00193408125,0,0.25
HefmiIch2025,BDCNN,11,4,30,2,0.384444444444444,0.9998689063528,0.2520287625,0.00413402565789472,0.00210526315789472,0.25
HefmiIch2025,BDCNN,11,5,30,2,0.362222222222222,0.999829764818678,0.251842325,0.00184232499999998,0,0.25
HefmiIch2025,BDCNN,12,0,120,2,0.49375,0.999845050107257,0.2502203625,0.00570978284139403,0.00548942034139402,0.25
HefmiIch2025,BDCNN,12,1,60,2,0.601111111111111,0.999829983286025,0.24854225,0.032583434041184,0.0340411840411841,0.25
HefmiIch2025,BDCNN,12,2,30,2,0.557777777777778,0.999770960232115,0.24870436875,0.0348154798611111,0.0361111111111111,0.25
HefmiIch2025,BDCNN,12,3,30,2,0.373333333333333,0.999816293739455,0.25127199375,0.0136651561431624,0.0123931623931624,0.25
HefmiIch2025,BDCNN,12,4,30,2,0.451111111111111,0.999809289594504,0.250141085416667,0.0199823552579365,0.0198412698412699,0.25
HefmiIch2025,BDCNN,12,5,30,2,0.542222222222222,0.999868418460775,0.2495956,0.0389675806763285,0.0393719806763285,0.25
HefmiIch2025,BDCNN,14,0,120,2,0.373888888888889,0.99038702311599,0.263952007291667,0.020219813559473,0.00626780626780629,0.25
HefmiIch2025,BDCNN,14,1,60,2,0.491111111111111,0.994849787078599,0.251375040625,0.0175787443287037,0.0162037037037037,0.25
HefmiIch2025,BDCNN,14,2,30,2,0.626666666666667,0.99011545515491,0.240624204166667,0.0367353152777778,0.0461111111111111,0.25
HefmiIch2025,BDCNN,14,3,30,2,0.422222222222222,0.98026648657427,0.2627670625,0.0270527767857143,0.0142857142857143,0.25
HefmiIch2025,BDCNN,14,4,30,2,0.648888888888889,0.986488079256781,0.236805827083333,0.0326391604166666,0.0458333333333333,0.25
HefmiIch2025,BDCNN,14,5,30,2,0.206666666666667,0.98098932643339,0.267571002083333,0.0261916917385058,0.00862068965517243,0.25
HefmiIch2025,BDCNN,2,0,120,2,0.467083333333333,0.999830663013013,0.250635763020833,0.00509858981821898,0.00446282679738563,0.25
HefmiIch2025,BDCNN,2,1,60,2,0.371666666666667,0.999807439961521,0.251687561458333,0.0186518471726191,0.0169642857142857,0.25
HefmiIch2025,BDCNN,2,2,60,2,0.402222222222222,0.99983365135261,0.251495144791667,0.00982847812500001,0.00833333333333333,0.25
HefmiIch2025,BDCNN,2,3,60,2,0.601111111111111,0.999834643827308,0.248665633333333,0.0278135030075188,0.0291478696741855,0.25
HefmiIch2025,BDCNN,3,0,120,2,0.511805555555556,0.999839553622529,0.249738932291667,0.0138469110337917,0.0141079787421251,0.25
HefmiIch2025,BDCNN,3,1,60,2,0.547777777777778,0.999853548075054,0.249625752083333,0.0170662282738095,0.0174404761904762,0.25
HefmiIch2025,BDCNN,3,2,60,2,0.597222222222222,0.999843751958332,0.248612479166667,0.0249418442460317,0.0263293650793651,0.25
HefmiIch2025,BDCNN,3,3,30,2,0.655555555555556,0.999754829547203,0.24774329375,0.0400160210227273,0.0422727272727273,0.25
HefmiIch2025,BDCNN,3,4,30,2,0.488888888888889,0.999754963986979,0.250234908333333,0.0144861160628019,0.0142512077294686,0.25
HefmiIch2025,BDCNN,4,0,120,2,0.516111111111111,0.999805295520772,0.249940386979167,0.00562232046931935,0.00568193349015267,0.25
HefmiIch2025,BDCNN,4,1,90,2,0.610864197530864,0.999824273994803,0.248585895138889,0.0230665996195934,0.0244807044807045,0.25
HefmiIch2025,BDCNN,4,2,30,2,0.568888888888889,0.999828848271386,0.249225975,0.0289085146825397,0.0296825396825397,0.25
HefmiIch2025,BDCNN,4,3,30,2,0.437777777777778,0.99978504728721,0.251282822916667,0.0184325813707729,0.0171497584541063,0.25
HefmiIch2025,BDCNN,4,4,30,2,0.488888888888889,0.999773435196763,0.250061845833333,0.0183158140873016,0.0182539682539683,0.25
HefmiIch2025,BDCNN,6,0,120,2,0.420138888888889,0.999811735517394,0.251152739583333,0.00433230307539684,0.0031795634920635,0.25
HefmiIch2025,BDCNN,6,1,60,2,0.5,0.999749293885275,0.250132707291667,0.00994039959935894,0.0098076923076923,0.25
HefmiIch2025,BDCNN,6,2,60,2,0.536666666666667,0.999790259047929,0.24947268125,0.0202958931258434,0.0208232118758434,0.25
HefmiIch2025,BDCNN,6,3,30,2,0.413333333333333,0.999871649881069,0.251111145833333,0.0190598637820513,0.0179487179487179,0.25
HefmiIch2025,BDCNN,6,4,30,2,0.428888888888889,0.999833601975198,0.250965997916667,0.00248114943181821,0.00151515151515152,0.25
HefmiIch2025,BDCNN,9,0,90,2,0.564444444444444,0.999788271597105,0.24930948125,0.0144682114087301,0.0151587301587301,0.25
HefmiIch2025,BDCNN,9,1,90,2,0.569135802469136,0.999803025128787,0.248993257638889,0.0181741974720026,0.0191809398331138,0.25
HefmiIch2025,BDCNN,9,2,60,2,0.646666666666667,0.999805046582312,0.248125891666667,0.0426020821428572,0.0444761904761905,0.25
HefmiIch2025,BDCNN,9,3,30,2,0.6,0.999783004218638,0.2485918625,0.0429100443181818,0.0443181818181818,0.25
HefmiIch2025,BSCNN,1,0,120,2,0.541805555555556,0.994323981634007,0.24917534375,0.0114286332236842,0.0122532894736842,0.25
HefmiIch2025,BSCNN,1,1,60,2,0.475555555555556,0.993167846261711,0.255126645833333,0.0189433846500722,0.0138167388167388,0.25
HefmiIch2025,BSCNN,1,2,60,2,0.506111111111111,0.990841500832553,0.251787926041667,0.0150268422978243,0.0132389162561576,0.25
HefmiIch2025,BSCNN,1,3,30,2,0.3,0.995465208691182,0.262533791666667,0.0211544813218391,0.00862068965517243,0.25
HefmiIch2025,BSCNN,1,4,30,2,0.551111111111111,0.993244593651107,0.247866179166667,0.0211995125,0.0233333333333333,0.25
HefmiIch2025,BSCNN,10,0,90,2,0.501234567901235,0.994689878906453,0.251659146527778,0.0087774998725462,0.00711835334476843,0.25
HefmiIch2025,BSCNN,10,1,90,2,0.455308641975309,0.992229855814632,0.255241738888889,0.0109295695767196,0.00568783068783069,0.25
HefmiIch2025,BSCNN,10,2,60,2,0.4,0.995073769095618,0.260301745833333,0.0103017458333333,0,0.25
HefmiIch2025,BSCNN,10,3,30,2,0.548888888888889,0.99547952285121,0.24938710625,0.0375352543981481,0.0381481481481481,0.25
HefmiIch2025,BSCNN,11,0,90,2,0.568888888888889,0.996979216432706,0.245883356944444,0.0184899257774284,0.0226065688329839,0.25
HefmiIch2025,BSCNN,11,1,90,2,0.538024691358025,0.997324516344428,0.250119483333333,0.0101717709150327,0.0100522875816993,0.25
HefmiIch2025,BSCNN,11,2,30,2,0.591111111111111,0.995368948044265,0.245058177083333,0.0316983887235449,0.0366402116402116,0.25
HefmiIch2025,BSCNN,11,3,30,2,0.515555555555556,0.996801566737963,0.247613927083333,0.0253917048611111,0.0277777777777778,0.25
HefmiIch2025,BSCNN,11,4,30,2,0.597777777777778,0.998363516583632,0.247033408333333,0.0351286464285714,0.0380952380952381,0.25
HefmiIch2025,BSCNN,11,5,30,2,0.635555555555556,0.997648664767974,0.2455302125,0.0353450273148148,0.0398148148148148,0.25
HefmiIch2025,BSCNN,12,0,120,2,0.468194444444444,0.995154661154143,0.254095285416667,0.00727326082290292,0.00317797540623627,0.25
HefmiIch2025,BSCNN,12,1,60,2,0.507777777777778,0.993148355584738,0.25183098125,0.0133840115530303,0.0115530303030303,0.25
HefmiIch2025,BSCNN,12,2,30,2,0.44,0.990573015778705,0.259034752083333,0.0199606780092592,0.0109259259259259,0.25
HefmiIch2025,BSCNN,12,3,30,2,0.735555555555556,0.99498349031181,0.2345842875,0.0587723216880342,0.0741880341880342,0.25
HefmiIch2025,BSCNN,12,4,30,2,0.348888888888889,0.992308252533509,0.265462860416667,0.0240835500718391,0.0086206896551724,0.25
HefmiIch2025,BSCNN,12,5,30,2,0.328888888888889,0.99351148577389,0.264713527083333,0.02338019375,0.00866666666666666,0.25
HefmiIch2025,BSCNN,14,0,120,2,0.484861111111111,0.99600431339802,0.252474188020833,0.0104340386277427,0.0079598506069094,0.25
HefmiIch2025,BSCNN,14,1,60,2,0.625555555555556,0.995110860976583,0.242465235416667,0.0360904274289555,0.0436251920122888,0.25
HefmiIch2025,BSCNN,14,2,30,2,0.524444444444444,0.996477277484221,0.248699179166667,0.0169949185150376,0.018295739348371,0.25
HefmiIch2025,BSCNN,14,3,30,2,0.5,0.99736269885573,0.251212479166667,0.0178791458333333,0.0166666666666667,0.25
HefmiIch2025,BSCNN,14,4,30,2,0.584444444444444,0.995956137707146,0.24627356875,0.0320133191956328,0.0357397504456328,0.25
HefmiIch2025,BSCNN,14,5,30,2,0.371111111111111,0.998620099084165,0.25398609375,0.0126280690586419,0.00864197530864197,0.25
HefmiIch2025,BSCNN,2,0,120,2,0.4625,0.995920366152752,0.253745611979167,0.018149406017107,0.0144037940379403,0.25
HefmiIch2025,BSCNN,2,1,60,2,0.377777777777778,0.9915856139605,0.260766755208333,0.0249642860725309,0.0141975308641975,0.25
HefmiIch2025,BSCNN,2,2,60,2,0.523333333333333,0.991124217997657,0.250307973958333,0.00926048343715857,0.00895250947882525,0.25
HefmiIch2025,BSCNN,2,3,60,2,0.551666666666667,0.995298806139774,0.247711923958333,0.0184460509424603,0.020734126984127,0.25
HefmiIch2025,BSCNN,3,0,120,2,0.500138888888889,0.995215844052148,0.251810586458333,0.00784563936838623,0.00603505291005291,0.25
HefmiIch2025,BSCNN,3,1,60,2,0.564444444444444,0.99620918303121,0.24895101875,0.0314113362103175,0.0324603174603175,0.25
HefmiIch2025,BSCNN,3,2,60,2,0.418888888888889,0.997755104395422,0.255776495833333,0.00670242175925925,0.000925925925925913,0.25
HefmiIch2025,BSCNN,3,3,30,2,0.651111111111111,0.995781063666704,0.242242625,0.036290244047619,0.044047619047619,0.25
HefmiIch2025,BSCNN,3,4,30,2,0.568888888888889,0.987983787269908,0.249808385416667,0.0248083854166667,0.025,0.25
HefmiIch2025,BSCNN,4,0,120,2,0.531388888888889,0.996223927154865,0.249949589583333,0.0118216638367635,0.0118720742534302,0.25
HefmiIch2025,BSCNN,4,1,90,2,0.482222222222222,0.994025929155558,0.256351018055556,0.0119065736111111,0.00555555555555556,0.25
HefmiIch2025,BSCNN,4,2,30,2,0.391111111111111,0.995537138909506,0.256149864583333,0.02281653125,0.0166666666666667,0.25
HefmiIch2025,BSCNN,4,3,30,2,0.588888888888889,0.995502587127088,0.24804748125,0.0266189098214286,0.0285714285714286,0.25
HefmiIch2025,BSCNN,4,4,30,2,0.497777777777778,0.995592794067033,0.25326555625,0.0310433340277778,0.0277777777777778,0.25
HefmiIch2025,BSCNN,6,0,120,2,0.55875,0.995074259710164,0.247662255729167,0.0101130504409908,0.0124507947118241,0.25
HefmiIch2025,BSCNN,6,1,60,2,0.557777777777778,0.995366361135068,0.248026876041667,0.0176327088053942,0.0196058327637275,0.25
HefmiIch2025,BSCNN,6,2,60,2,0.526111111111111,0.994073455493529,0.251057338541667,0.011249332005719,0.0101919934640523,0.25
HefmiIch2025,BSCNN,6,3,30,2,0.591111111111111,0.994409736380638,0.2464653,0.029652434502924,0.033187134502924,0.25
HefmiIch2025,BSCNN,6,4,30,2,0.677777777777778,0.994135177294366,0.2379744125,0.0486886982142857,0.0607142857142857,0.25
HefmiIch2025,BSCNN,9,0,90,2,0.424197530864198,0.995323062053701,0.254982055555556,0.0130833213783403,0.00810126582278481,0.25
HefmiIch2025,BSCNN,9,1,90,2,0.508641975308642,0.992893761567132,0.251374675,0.0154741169076611,0.0140994419076611,0.25
HefmiIch2025,BSCNN,9,2,60,2,0.486111111111111,0.992581602526835,0.253722780208333,0.0130977802083333,0.009375,0.25
HefmiIch2025,BSCNN,9,3,30,2,0.324444444444444,0.993420848985668,0.268479135416667,0.0184791354166667,0,0.25
HefmiIch2025,CSPBLDA,1,0,120,2,0.499305555555556,0.995188152136261,0.251772717708333,0.00914430492331889,0.00737158721498557,0.25
HefmiIch2025,CSPBLDA,1,1,60,2,0.462222222222222,0.965492928129213,0.26285735625,0.0154222913149351,0.00256493506493508,0.25
HefmiIch2025,CSPBLDA,1,2,60,2,0.472222222222222,0.996431330489978,0.253251033333333,0.0263453485788114,0.023094315245478,0.25
HefmiIch2025,CSPBLDA,1,3,30,2,0.522222222222222,0.997030906810533,0.250744379166667,0.0237358321581196,0.022991452991453,0.25
HefmiIch2025,CSPBLDA,1,4,30,2,0.546666666666667,0.99751799832729,0.248100514583333,0.0334973399801587,0.0353968253968254,0.25
HefmiIch2025,CSPBLDA,10,0,90,2,0.547407407407407,0.999400287047573,0.248782770138889,0.016173931700965,0.0173911615620761,0.25
HefmiIch2025,CSPBLDA,10,1,90,2,0.465679012345679,0.998935004247593,0.25160501875,0.00735214518678165,0.00574712643678163,0.25
HefmiIch2025,CSPBLDA,10,2,60,2,0.565555555555556,0.999011931478611,0.248063055208333,0.0227684424137205,0.0247053872053872,0.25
HefmiIch2025,CSPBLDA,10,3,30,2,0.86,0.996637711565458,0.242730470833333,0.121341581944444,0.128611111111111,0.25
HefmiIch2025,CSPBLDA,11,0,90,2,0.44320987654321,0.9994744058569,0.251540427083333,0.00173443061067022,0.000194003527336867,0.25
HefmiIch2025,CSPBLDA,11,1,90,2,0.489876543209877,0.999646009803093,0.250500427777778,0.00322072538298585,0.00272029760520809,0.25
HefmiIch2025,CSPBLDA,11,2,30,2,0.517777777777778,0.999634648467472,0.249326595833333,0.0271043736111111,0.0277777777777778,0.25
HefmiIch2025,CSPBLDA,11,3,30,2,0.697777777777778,0.999770372726827,0.246971239583333,0.0730823506944444,0.0761111111111111,0.25
HefmiIch2025,CSPBLDA,11,4,30,2,0.602222222222222,0.999773438925953,0.249128508333333,0.042832212037037,0.0437037037037037,0.25
HefmiIch2025,CSPBLDA,11,5,30,2,0.575555555555556,0.999345645293863,0.24901838125,0.0331453653769841,0.0341269841269841,0.25
HefmiIch2025,CSPBLDA,12,0,120,2,0.558611111111111,0.999420371924108,0.2488778890625,0.0136334747984779,0.0147555857359779,0.25
HefmiIch2025,CSPBLDA,12,1,60,2,0.383888888888889,0.999763358148378,0.251823666666667,0.00606095480225988,0.00423728813559321,0.25
HefmiIch2025,CSPBLDA,12,2,30,2,0.568888888888889,0.997039130609344,0.248758258333333,0.0383878879629629,0.0396296296296296,0.25
HefmiIch2025,CSPBLDA,12,3,30,2,0.613333333333333,0.999759978487343,0.248458177083333,0.0444177730429293,0.045959595959596,0.25
HefmiIch2025,CSPBLDA,12,4,30,2,0.324444444444444,0.998092670458145,0.253585527083333,0.0146966381944444,0.0111111111111111,0.25
HefmiIch2025,CSPBLDA,12,5,30,2,0.555555555555556,0.999651620158151,0.248962360416667,0.0344009569078947,0.0354385964912281,0.25
HefmiIch2025,CSPBLDA,14,0,120,2,0.526111111111111,0.998993112977063,0.249115455208333,0.0182110684304526,0.0190956132221192,0.25
HefmiIch2025,CSPBLDA,14,1,60,2,0.343333333333333,0.999206843235841,0.255103892708333,0.00510389270833334,0,0.25
HefmiIch2025,CSPBLDA,14,2,30,2,0.582222222222222,0.998556477162243,0.248308247916667,0.0295582479166667,0.03125,0.25
HefmiIch2025,CSPBLDA,14,3,30,2,0.504444444444444,0.997338484958457,0.251429835416667,0.0143927983796296,0.012962962962963,0.25
HefmiIch2025,CSPBLDA,14,4,30,2,0.822222222222222,0.998265530571339,0.24244223125,0.106972145779915,0.114529914529915,0.25
HefmiIch2025,CSPBLDA,14,5,30,2,0.426666666666667,0.998942299558386,0.251549716666667,0.0102163833333333,0.00866666666666666,0.25
HefmiIch2025,CSPBLDA,2,0,120,2,0.500972222222222,0.99941806620829,0.249745344270833,0.00566967377274905,0.00592432950191571,0.25
HefmiIch2025,CSPBLDA,2,1,60,2,0.651111111111111,0.998519450386714,0.245954170833333,0.0427723526515152,0.0468181818181818,0.25
HefmiIch2025,CSPBLDA,2,2,60,2,0.506111111111111,0.999437610326157,0.250140628125,0.0137272667116386,0.0135866385866386,0.25
HefmiIch2025,CSPBLDA,2,3,60,2,0.583888888888889,0.99934037071016,0.249099290625,0.019833417609127,0.020734126984127,0.25
HefmiIch2025,CSPBLDA,3,0,120,2,0.505972222222222,0.996314961950359,0.251495447916667,0.00522789433203991,0.00373244641537324,0.25
HefmiIch2025,CSPBLDA,3,1,60,2,0.611666666666667,0.997542888249467,0.247183720833333,0.042873956523569,0.0456902356902357,0.25
HefmiIch2025,CSPBLDA,3,2,60,2,0.572222222222222,0.999294355756118,0.248115296875,0.0219321186228562,0.0238168217478562,0.25
HefmiIch2025,CSPBLDA,3,3,30,2,0.702222222222222,0.998340903292061,0.246657954166667,0.0689306814393939,0.0722727272727273,0.25
HefmiIch2025,CSPBLDA,3,4,30,2,0.477777777777778,0.999153979038201,0.249342983333333,0.0279144119047619,0.0285714285714286,0.25
HefmiIch2025,CSPBLDA,4,0,120,2,0.520833333333333,0.998027823062662,0.250082665625,0.00601452112582102,0.00593185550082104,0.25
HefmiIch2025,CSPBLDA,4,1,90,2,0.537777777777778,0.996906868582292,0.248397509722222,0.0119174206105541,0.0135199108883319,0.25
HefmiIch2025,CSPBLDA,4,2,30,2,0.515555555555556,0.999351097943202,0.249683152083333,0.020318072718254,0.0206349206349206,0.25
HefmiIch2025,CSPBLDA,4,3,30,2,0.586666666666667,0.997025605863841,0.248571314583333,0.0398411558531746,0.0412698412698413,0.25
HefmiIch2025,CSPBLDA,4,4,30,2,0.726666666666667,0.998485949756498,0.245382635416667,0.0808405108745421,0.0854578754578755,0.25
HefmiIch2025,CSPBLDA,6,0,120,2,0.529444444444444,0.995868444768137,0.249948675,0.0114292691338253,0.0114805941338253,0.25
HefmiIch2025,CSPBLDA,6,1,60,2,0.501666666666667,0.997136874520928,0.248339729166667,0.0191730625,0.0208333333333333,0.25
HefmiIch2025,CSPBLDA,6,2,60,2,0.573333333333333,0.995036218551342,0.247435057291667,0.0324350572916667,0.035,0.25
HefmiIch2025,CSPBLDA,6,3,30,2,0.666666666666667,0.998901612177886,0.244988789583333,0.0497964818910256,0.0548076923076923,0.25
HefmiIch2025,CSPBLDA,6,4,30,2,0.475555555555556,0.998228285229891,0.250612533333333,0.0297792,0.0291666666666666,0.25
HefmiIch2025,CSPBLDA,9,0,90,2,0.546666666666667,0.999631400538225,0.248736054861111,0.0217853447525063,0.0230492898913952,0.25
HefmiIch2025,CSPBLDA,9,1,90,2,0.464197530864198,0.999377617411937,0.250882297222222,0.00463967779119698,0.00375738056897476,0.25
HefmiIch2025,CSPBLDA,9,2,60,2,0.531666666666667,0.995275194383302,0.249899691666667,0.00864521137992832,0.00874551971326165,0.25
HefmiIch2025,CSPBLDA,9,3,30,2,0.542222222222222,0.999561752194861,0.249268516666667,0.0217044141025641,0.0224358974358974,0.25
HefmiIch2025,CSPGP,1,0,120,2,0.479722222222222,0.999562044998862,0.2502829984375,0.0102814201546717,0.00999842171717172,0.25
HefmiIch2025,CSPGP,1,1,60,2,0.458333333333333,0.999473033856379,0.251295082291667,0.00392134491792925,0.00262626262626262,0.25
HefmiIch2025,CSPGP,1,2,60,2,0.622777777777778,0.999822600038391,0.248282309375,0.0425506020579269,0.0442682926829268,0.25
HefmiIch2025,CSPGP,1,3,30,2,0.366666666666667,0.999583078553942,0.252986122916667,0.00993056736111111,0.00694444444444445,0.25
HefmiIch2025,CSPGP,1,4,30,2,0.546666666666667,0.999770417505914,0.24893788125,0.0226752549873737,0.0237373737373737,0.25
HefmiIch2025,CSPGP,10,0,90,2,0.410123456790123,0.999808053383196,0.251399848611111,0.00264984861111109,0.00125,0.25
HefmiIch2025,CSPGP,10,1,90,2,0.39679012345679,0.999810357086002,0.251362939583333,0.0023249405453343,0.00096200096200097,0.25
HefmiIch2025,CSPGP,10,2,60,2,0.479444444444444,0.999789020833109,0.250452276041667,0.0057787697827946,0.0053264937411279,0.25
HefmiIch2025,CSPGP,10,3,30,2,0.568888888888889,0.999839272409293,0.24931403125,0.0330859610745614,0.0337719298245614,0.25
HefmiIch2025,CSPGP,11,0,90,2,0.561975308641975,0.99982157767284,0.249331274305556,0.0130585411907172,0.0137272668851616,0.25
HefmiIch2025,CSPGP,11,1,90,2,0.513333333333333,0.999828022597982,0.249734595138889,0.0111296286163022,0.0113950334774134,0.25
HefmiIch2025,CSPGP,11,2,30,2,0.482222222222222,0.999809903324236,0.250182541666667,0.0351825416666666,0.035,0.25
HefmiIch2025,CSPGP,11,3,30,2,0.517777777777778,0.99980579866224,0.249367295833333,0.0215895180555556,0.0222222222222222,0.25
HefmiIch2025,CSPGP,11,4,30,2,0.562222222222222,0.999799508651068,0.249394477083333,0.0170532072420635,0.0176587301587302,0.25
HefmiIch2025,CSPGP,11,5,30,2,0.411111111111111,0.999807608224446,0.251616670833333,0.00161667083333333,0,0.25
HefmiIch2025,CSPGP,12,0,120,2,0.517638888888889,0.999712139271281,0.249985159895833,0.00460970202037544,0.00462454212454211,0.25
HefmiIch2025,CSPGP,12,1,60,2,0.391666666666667,0.9997630881385,0.251782095833333,0.00324408413742691,0.00146198830409358,0.25
HefmiIch2025,CSPGP,12,2,30,2,0.568888888888889,0.999772657204256,0.249937110416667,0.039294974774531,0.0393578643578643,0.25
HefmiIch2025,CSPGP,12,3,30,2,0.417777777777778,0.999782723292577,0.250675291666667,0.0259839336419753,0.0253086419753086,0.25
HefmiIch2025,CSPGP,12,4,30,2,0.291111111111111,0.999793948150671,0.252288066666667,0.0109087563218391,0.00862068965517243,0.25
HefmiIch2025,CSPGP,12,5,30,2,0.364444444444444,0.999829224089375,0.25208418125,0.00208418124999998,0,0.25
HefmiIch2025,CSPGP,14,0,120,2,0.533194444444444,0.999742764891131,0.2496766375,0.00711475102966283,0.00743811352966284,0.25
HefmiIch2025,CSPGP,14,1,60,2,0.434444444444444,0.999587890252556,0.251234427083333,0.0183085011574074,0.0170740740740741,0.25
HefmiIch2025,CSPGP,14,2,30,2,0.437777777777778,0.999706138014096,0.250701825,0.0163158600877193,0.0156140350877193,0.25
HefmiIch2025,CSPGP,14,3,30,2,0.635555555555556,0.999821981367556,0.24810335625,0.0569922451388889,0.0588888888888889,0.25
HefmiIch2025,CSPGP,14,4,30,2,0.546666666666667,0.999721607733807,0.2494298,0.0205409111111111,0.0211111111111111,0.25
HefmiIch2025,CSPGP,14,5,30,2,0.488888888888889,0.999777268890192,0.250268847916667,0.0193164669642858,0.0190476190476191,0.25
HefmiIch2025,CSPGP,2,0,120,2,0.587083333333333,0.999797938954582,0.248707520833333,0.0181554344025672,0.0194479135692338,0.25
HefmiIch2025,CSPGP,2,1,60,2,0.548333333333333,0.999814566688775,0.249668423958333,0.0111763604662699,0.0115079365079365,0.25
HefmiIch2025,CSPGP,2,2,60,2,0.431666666666667,0.999813657318217,0.250947908333333,0.00543203531746034,0.00448412698412698,0.25
HefmiIch2025,CSPGP,2,3,60,2,0.461111111111111,0.999809045254902,0.250137005208333,0.0141075934436275,0.0139705882352942,0.25
HefmiIch2025,CSPGP,3,0,120,2,0.590972222222222,0.99975394653164,0.248414428125,0.022055638995313,0.023641210870313,0.25
HefmiIch2025,CSPGP,3,1,60,2,0.447777777777778,0.999852608638659,0.25019274375,0.0133545084558823,0.0131617647058823,0.25
HefmiIch2025,CSPGP,3,2,60,2,0.509444444444444,0.999815727560993,0.249768023958333,0.0201152461805556,0.0203472222222222,0.25
HefmiIch2025,CSPGP,3,3,30,2,0.486666666666667,0.99982917937323,0.25023419375,0.0117156752314815,0.0114814814814815,0.25
HefmiIch2025,CSPGP,3,4,30,2,0.451111111111111,0.999793837017736,0.25079644375,0.0119075548611111,0.0111111111111111,0.25
HefmiIch2025,CSPGP,4,0,120,2,0.491527777777778,0.999452944148721,0.250408253645833,0.00460113075855417,0.00419287711272082,0.25
HefmiIch2025,CSPGP,4,1,90,2,0.566172839506173,0.999069715642925,0.248874992361111,0.0187823997685185,0.0199074074074074,0.25
HefmiIch2025,CSPGP,4,2,30,2,0.568888888888889,0.999151660766808,0.249568902083333,0.0197825772970086,0.0202136752136752,0.25
HefmiIch2025,CSPGP,4,3,30,2,0.631111111111111,0.998725240361257,0.2474248625,0.0407750308501684,0.0433501683501684,0.25
HefmiIch2025,CSPGP,4,4,30,2,0.364444444444444,0.999745767683511,0.252371425,0.0109921146551724,0.0086206896551724,0.25
HefmiIch2025,CSPGP,6,0,120,2,0.462916666666667,0.999806813248848,0.250771111458333,0.000841732927259864,7.06214689265572e-05,0.25
HefmiIch2025,CSPGP,6,1,60,2,0.402222222222222,0.999836653343965,0.251106604166667,0.0097272938218391,0.0086206896551724,0.25
HefmiIch2025,CSPGP,6,2,60,2,0.473888888888889,0.999749492468492,0.25020346875,0.0184574370039682,0.0182539682539682,0.25
HefmiIch2025,CSPGP,6,3,30,2,0.602222222222222,0.999698816899466,0.24804603125,0.0536482721463585,0.0556022408963585,0.25
HefmiIch2025,CSPGP,6,4,30,2,0.424444444444444,0.999886519325071,0.25048099375,0.0257896357253086,0.0253086419753086,0.25
HefmiIch2025,CSPGP,9,0,90,2,0.580987654320988,0.999788312523387,0.248903911805556,0.0179129208145645,0.019009009009009,0.25
HefmiIch2025,CSPGP,9,1,90,2,0.454320987654321,0.999853977724766,0.250853379861111,0.00149311050084175,0.000639730639730635,0.25
HefmiIch2025,CSPGP,9,2,60,2,0.47,0.999804453872603,0.250121928125,0.010121928125,0.00999999999999998,0.25
HefmiIch2025,CSPGP,9,3,30,2,0.491111111111111,0.999835024063891,0.249815497916667,0.0141945828839869,0.0143790849673202,0.25
HefmiIch2025,CSPLDA,1,0,120,2,0.505833333333333,0.993215134221273,0.251691958848005,0.00912760563849016,0.0074356467904855,0.25
HefmiIch2025,CSPLDA,1,1,60,2,0.472222222222222,0.953166897709671,0.266098068355463,0.0231687754261698,0.00707070707070709,0.25
HefmiIch2025,CSPLDA,1,2,60,2,0.475555555555556,0.995241309842092,0.253283196268011,0.0127276407124559,0.00944444444444445,0.25
HefmiIch2025,CSPLDA,1,3,30,2,0.573333333333333,0.995813086672783,0.250574227917769,0.0295424818860227,0.028968253968254,0.25
HefmiIch2025,CSPLDA,1,4,30,2,0.657777777777778,0.996598932463173,0.246705131005136,0.037816242116247,0.0411111111111111,0.25
HefmiIch2025,CSPLDA,10,0,90,2,0.575802469135802,0.999260900534802,0.248526091251182,0.0233170112033921,0.0247909199522103,0.25
HefmiIch2025,CSPLDA,10,1,90,2,0.460246913580247,0.998831412289548,0.252177974262143,0.0058349976866085,0.00365702342446528,0.25
HefmiIch2025,CSPLDA,10,2,60,2,0.534444444444444,0.999044384076812,0.248968886680613,0.0188255175049858,0.0198566308243728,0.25
HefmiIch2025,CSPLDA,10,3,30,2,0.8,0.996276702972993,0.244902455625804,0.097124677848026,0.102222222222222,0.25
HefmiIch2025,CSPLDA,11,0,90,2,0.499259259259259,0.999152407322057,0.251746319516597,0.0122827179840299,0.010536398467433,0.25
HefmiIch2025,CSPLDA,11,1,90,2,0.457777777777778,0.999181707196021,0.251335054289885,0.00260489555972673,0.00126984126984128,0.25
HefmiIch2025,CSPLDA,11,2,30,2,0.488888888888889,0.999613925635248,0.250528379565757,0.0229642770016548,0.0224358974358974,0.25
HefmiIch2025,CSPLDA,11,3,30,2,0.511111111111111,0.999649909122546,0.24962761638299,0.0285749848040429,0.0289473684210526,0.25
HefmiIch2025,CSPLDA,11,4,30,2,0.64,0.999833978293243,0.248365371847636,0.0436034670857313,0.0452380952380952,0.25
HefmiIch2025,CSPLDA,11,5,30,2,0.497777777777778,0.997991597658031,0.250007923058172,0.0254465195493998,0.0254385964912281,0.25
HefmiIch2025,CSPLDA,12,0,120,2,0.584722222222222,0.999117782571242,0.247744932713784,0.0212514262202776,0.0235064935064935,0.25
HefmiIch2025,CSPLDA,12,1,60,2,0.573333333333333,0.999732605631729,0.248735339065402,0.0234668012968641,0.0247314622314622,0.25
HefmiIch2025,CSPLDA,12,2,30,2,0.586666666666667,0.996616620577886,0.248518225915771,0.0444831381964728,0.0459649122807017,0.25
HefmiIch2025,CSPLDA,12,3,30,2,0.586666666666667,0.999901914293213,0.249275093216147,0.0288710528121063,0.0295959595959596,0.25
HefmiIch2025,CSPLDA,12,4,30,2,0.377777777777778,0.998397629593397,0.253552100087943,0.00663851984102953,0.00308641975308643,0.25
HefmiIch2025,CSPLDA,12,5,30,2,0.435555555555556,0.99983148962096,0.25044381947458,0.0113697454005057,0.0109259259259259,0.25
HefmiIch2025,CSPLDA,14,0,120,2,0.544166666666667,0.99884579647182,0.248748280651828,0.0229777780063253,0.0242294973544974,0.25
HefmiIch2025,CSPLDA,14,1,60,2,0.415555555555556,0.999064926561252,0.253588328196826,0.00667474794991266,0.00308641975308641,0.25
HefmiIch2025,CSPLDA,14,2,30,2,0.6,0.998337086357992,0.248177095178776,0.0365104285121093,0.0383333333333333,0.25
HefmiIch2025,CSPLDA,14,3,30,2,0.604444444444444,0.996933111985427,0.248903993688406,0.0350944698788818,0.0361904761904762,0.25
HefmiIch2025,CSPLDA,14,4,30,2,0.871111111111111,0.997689510882335,0.242202436354921,0.143035769688254,0.150833333333333,0.25
HefmiIch2025,CSPLDA,14,5,30,2,0.542222222222222,0.998612857614242,0.24987147658838,0.0297757828084752,0.0299043062200957,0.25
HefmiIch2025,CSPLDA,2,0,120,2,0.523611111111111,0.999181373352119,0.249753633055593,0.00654835738654963,0.00679472433095621,0.25
HefmiIch2025,CSPLDA,2,1,60,2,0.687777777777778,0.997256132934854,0.243706968795758,0.0429926830814721,0.0492857142857143,0.25
HefmiIch2025,CSPLDA,2,2,60,2,0.504444444444444,0.998955649653454,0.250978794743546,0.0295114034391978,0.0285326086956522,0.25
HefmiIch2025,CSPLDA,2,3,60,2,0.564444444444444,0.998478810600035,0.249717919908313,0.0176210109692986,0.0179030910609858,0.25
HefmiIch2025,CSPLDA,3,0,120,2,0.513055555555556,0.995758968683148,0.250490311795112,0.00572914076275474,0.00523882896764252,0.25
HefmiIch2025,CSPLDA,3,1,60,2,0.661111111111111,0.996926458342741,0.247191898534459,0.0654673168098777,0.0682754182754182,0.25
HefmiIch2025,CSPLDA,3,2,60,2,0.576666666666667,0.999206369128086,0.247921971248529,0.0399091507357085,0.0419871794871795,0.25
HefmiIch2025,CSPLDA,3,3,30,2,0.942222222222222,0.998398508746217,0.244986620557718,0.214034239605337,0.219047619047619,0.25
HefmiIch2025,CSPLDA,3,4,30,2,0.462222222222222,0.998645154214187,0.249727489214198,0.0275052669919753,0.0277777777777778,0.25
HefmiIch2025,CSPLDA,4,0,120,2,0.536666666666667,0.997377440551881,0.24962117228753,0.0118864979580282,0.0122653256704981,0.25
HefmiIch2025,CSPLDA,4,1,90,2,0.554567901234568,0.99622640182014,0.248030924694771,0.0120533191822814,0.0140223944875107,0.25
HefmiIch2025,CSPLDA,4,2,30,2,0.586666666666667,0.998961931736983,0.249148719197254,0.0336725287210639,0.0345238095238095,0.25
HefmiIch2025,CSPLDA,4,3,30,2,0.568888888888889,0.995856540013839,0.249447349298206,0.0494473492982055,0.05,0.25
HefmiIch2025,CSPLDA,4,4,30,2,0.644444444444444,0.997547844356159,0.247796496983764,0.0426113117985788,0.0448148148148148,0.25
HefmiIch2025,CSPLDA,6,0,120,2,0.531388888888889,0.994581016775452,0.250745117781593,0.00920100013453445,0.0084558823529412,0.25
HefmiIch2025,CSPLDA,6,1,60,2,0.515555555555556,0.996484778443479,0.247772699300453,0.0186060326337863,0.0208333333333333,0.25
HefmiIch2025,CSPLDA,6,2,60,2,0.566666666666667,0.992873204019685,0.24756553740242,0.034232204069087,0.0366666666666666,0.25
HefmiIch2025,CSPLDA,6,3,30,2,0.706666666666667,0.99875490820921,0.243822535385221,0.079608971171657,0.0857864357864358,0.25
HefmiIch2025,CSPLDA,6,4,30,2,0.533333333333333,0.9978392530778,0.248090281143414,0.0329905660436993,0.0349002849002849,0.25
HefmiIch2025,CSPLDA,9,0,90,2,0.61037037037037,0.999663355041923,0.247986868819134,0.0286012133223675,0.0306143445032334,0.25
HefmiIch2025,CSPLDA,9,1,90,2,0.520987654320988,0.999368478708764,0.250354956253155,0.00511478611102426,0.00475982985786907,0.25
HefmiIch2025,CSPLDA,9,2,60,2,0.554444444444444,0.992732886612926,0.248547607255022,0.0207586812052259,0.0222110739502044,0.25
HefmiIch2025,CSPLDA,9,3,30,2,0.577777777777778,0.999434166691465,0.248229131758934,0.0282291317589343,0.03,0.25
HefmiIch2025,CSPSVM,1,0,120,2,0.496111111111111,0.999240661034451,0.250385267988539,0.0103989046339243,0.0100136366453852,0.25
HefmiIch2025,CSPSVM,1,1,60,2,0.51,0.99894939563562,0.250268630465681,0.0344293869668632,0.0341607565011821,0.25
HefmiIch2025,CSPSVM,1,2,60,2,0.388888888888889,0.999544652814154,0.251585728587578,0.0141588280027826,0.0125730994152047,0.25
HefmiIch2025,CSPSVM,1,3,30,2,0.462222222222222,0.999398628946615,0.250317082050501,0.0132556785417291,0.0129385964912281,0.25
HefmiIch2025,CSPSVM,1,4,30,2,0.328888888888889,0.999519702883,0.25207153092441,0.00362432595546583,0.0015527950310559,0.25
HefmiIch2025,CSPSVM,10,0,90,2,0.406666666666667,0.999396484219047,0.25130411904856,0.0018923543426772,0.000588235294117667,0.25
HefmiIch2025,CSPSVM,10,1,90,2,0.50320987654321,0.999345113041841,0.250708179120065,0.0074646618087513,0.00675648268868609,0.25
HefmiIch2025,CSPSVM,10,2,60,2,0.523333333333333,0.999499547107071,0.249988294140584,0.0126227027427344,0.0126344086021505,0.25
HefmiIch2025,CSPSVM,10,3,30,2,0.293333333333333,0.999103813406558,0.251209642979339,0.00120964297933912,0,0.25
HefmiIch2025,CSPSVM,11,0,90,2,0.551111111111111,0.998110173155222,0.247471336113595,0.0117334664609971,0.0142621303474016,0.25
HefmiIch2025,CSPSVM,11,1,90,2,0.489876543209877,0.999159621033607,0.251301457355964,0.00497056602507312,0.00366910866910869,0.25
HefmiIch2025,CSPSVM,11,2,30,2,0.597777777777778,0.999538027510992,0.24820918166611,0.0272495857065144,0.029040404040404,0.25
HefmiIch2025,CSPSVM,11,3,30,2,0.395555555555556,0.999257865097787,0.253028851804229,0.0156551144304913,0.0126262626262627,0.25
HefmiIch2025,CSPSVM,11,4,30,2,0.408888888888889,0.998459383022182,0.251637714528167,0.0049710478615004,0.00333333333333333,0.25
HefmiIch2025,CSPSVM,11,5,30,2,0.391111111111111,0.999208873720173,0.252183422644778,0.020132140593496,0.0179487179487179,0.25
HefmiIch2025,CSPSVM,12,0,120,2,0.435972222222222,0.997785421564702,0.252866767049982,0.0077459941031216,0.00487922705314009,0.25
HefmiIch2025,CSPSVM,12,1,60,2,0.5,0.99836230988075,0.250188892342817,0.014774645343204,0.0145857530003872,0.25
HefmiIch2025,CSPSVM,12,2,30,2,0.42,0.994795510409317,0.253955301968405,0.0150664130795164,0.0111111111111111,0.25
HefmiIch2025,CSPSVM,12,3,30,2,0.437777777777778,0.999251463067395,0.252614925586687,0.0102757443001373,0.00766081871345028,0.25
HefmiIch2025,CSPSVM,12,4,30,2,0.56,0.992905634503868,0.250732040525848,0.0394030644909892,0.0386710239651416,0.25
HefmiIch2025,CSPSVM,12,5,30,2,0.484444444444444,0.999233732690531,0.251008501450846,0.0153804821271747,0.0143719806763285,0.25
HefmiIch2025,CSPSVM,14,0,120,2,0.48,0.999706918556572,0.250701600420043,0.00397893902346835,0.00327733860342555,0.25
HefmiIch2025,CSPSVM,14,1,60,2,0.533333333333333,0.999744612731018,0.249071294017174,0.0206415888017545,0.0215702947845805,0.25
HefmiIch2025,CSPSVM,14,2,30,2,0.302222222222222,0.999828204581374,0.252226687116995,0.0022266871169952,0,0.25
HefmiIch2025,CSPSVM,14,3,30,2,0.373333333333333,0.999354987723002,0.251915947784263,0.00191594778426307,0,0.25
HefmiIch2025,CSPSVM,14,4,30,2,0.24,0.999747704696356,0.252688173761013,0.00268817376101349,0,0.25
HefmiIch2025,CSPSVM,14,5,30,2,0.395555555555556,0.999423468292081,0.250993462034016,0.00961415168918825,0.0086206896551724,0.25
HefmiIch2025,CSPSVM,2,0,120,2,0.508055555555556,0.990263763002483,0.252234418161843,0.018986118842115,0.0167517006802721,0.25
HefmiIch2025,CSPSVM,2,1,60,2,0.375555555555556,0.993767166368839,0.263989371339704,0.0226100609948766,0.0086206896551724,0.25
HefmiIch2025,CSPSVM,2,2,60,2,0.497222222222222,0.994851181753927,0.250762226806968,0.0177622268069683,0.017,0.25
HefmiIch2025,CSPSVM,2,3,60,2,0.492222222222222,0.988765962145243,0.25549772598441,0.0180993520006698,0.0126016260162602,0.25
HefmiIch2025,CSPSVM,3,0,120,2,0.484861111111111,0.998800972295753,0.250985087654719,0.00824951272736332,0.00726442507264427,0.25
HefmiIch2025,CSPSVM,3,1,60,2,0.344444444444444,0.998311374035785,0.251621468076404,0.00308345638049709,0.00146198830409358,0.25
HefmiIch2025,CSPSVM,3,2,60,2,0.432222222222222,0.998664317202872,0.251288834638745,0.00497132236378572,0.00368248772504093,0.25
HefmiIch2025,CSPSVM,3,3,30,2,0.111111111111111,0.997637555881715,0.253395369533313,0.0120160591884858,0.00862068965517243,0.25
HefmiIch2025,CSPSVM,3,4,30,2,0.528888888888889,0.998954689666138,0.249981454428105,0.0250896795363301,0.0251082251082251,0.25
HefmiIch2025,CSPSVM,4,0,120,2,0.5,1,0.25,0,0,0.25
HefmiIch2025,CSPSVM,4,1,90,2,0.5,1,0.25,0,0,0.25
HefmiIch2025,CSPSVM,4,2,30,2,0.5,1,0.25,0,0,0.25
HefmiIch2025,CSPSVM,4,3,30,2,0.5,1,0.25,0,0,0.25
HefmiIch2025,CSPSVM,4,4,30,2,0.5,1,0.25,0,0,0.25
HefmiIch2025,CSPSVM,6,0,120,2,0.505277777777778,0.999949960064895,0.249974219706522,0.00497421970652154,0.005,0.25
HefmiIch2025,CSPSVM,6,1,60,2,0.466111111111111,0.999994430615255,0.25018217429219,0.000182174292189918,0,0.25
HefmiIch2025,CSPSVM,6,2,60,2,0.422222222222222,0.999944479641027,0.250753968445715,0.00315781459956155,0.00240384615384615,0.25
HefmiIch2025,CSPSVM,6,3,30,2,0.5,1,0.25,0,0,0.25
HefmiIch2025,CSPSVM,6,4,30,2,0.528888888888889,0.999988102125196,0.249860966851048,0.00294738660413435,0.00308641975308641,0.25
HefmiIch2025,CSPSVM,9,0,90,2,0.505185185185185,0.999248918224796,0.250138538198969,0.0102661799650292,0.0101276417660598,0.25
HefmiIch2025,CSPSVM,9,1,90,2,0.549135802469136,0.998375067583824,0.249929568877498,0.0153031320958891,0.0153735632183908,0.25
HefmiIch2025,CSPSVM,9,2,60,2,0.485,0.99772579746517,0.25109665199542,0.00883896878029022,0.00774231678486997,0.25
HefmiIch2025,CSPSVM,9,3,30,2,0.333333333333333,0.998399049495993,0.252401304544939,0.00548772429802513,0.00308641975308643,0.25
HefmiIch2025,DCNN,1,0,120,2,0.461666666666667,0.995858403128546,0.25149183693181,0.0110200071742664,0.00952817024245595,0.25
HefmiIch2025,DCNN,1,1,60,2,0.434444444444444,0.995926285072937,0.251502226433201,0.00658994573144628,0.00508771929824559,0.25
HefmiIch2025,DCNN,1,2,60,2,0.578888888888889,0.996012950284714,0.251419297940024,0.0255674460881725,0.0241481481481482,0.25
HefmiIch2025,DCNN,1,3,30,2,0.475555555555556,0.995794157319985,0.251085295257848,0.0288630730356254,0.0277777777777778,0.25
HefmiIch2025,DCNN,1,4,30,2,0.497777777777778,0.995752319318307,0.251442642063603,0.0434716275708492,0.0420289855072464,0.25
HefmiIch2025,DCNN,10,0,90,2,0.41283950617284,0.998968595995262,0.250416224033746,0.00901131701702484,0.00859509298327865,0.25
HefmiIch2025,DCNN,10,1,90,2,0.53037037037037,0.998943235212867,0.250318243967855,0.0193807439678555,0.0190625,0.25
HefmiIch2025,DCNN,10,2,60,2,0.581111111111111,0.998960269969748,0.250331854014419,0.0295017135291063,0.0291698595146871,0.25
HefmiIch2025,DCNN,10,3,30,2,0.551111111111111,0.998975392003243,0.250343125800346,0.0240416494988693,0.0236985236985237,0.25
HefmiIch2025,DCNN,11,0,90,2,0.521481481481481,0.994261372101907,0.251876569679703,0.00840529227985409,0.00652872260015119,0.25
HefmiIch2025,DCNN,11,1,90,2,0.472592592592593,0.993919827461373,0.252323186587195,0.00569677756948136,0.00337359098228665,0.25
HefmiIch2025,DCNN,11,2,30,2,0.648888888888889,0.993681962092112,0.251824719033868,0.0458723380814869,0.044047619047619,0.25
HefmiIch2025,DCNN,11,3,30,2,0.315555555555556,0.993695343770608,0.252685491831786,0.00268549183178557,0,0.25
HefmiIch2025,DCNN,11,4,30,2,0.608888888888889,0.993866584094985,0.251787659731109,0.0393537972972467,0.0375661375661376,0.25
HefmiIch2025,DCNN,11,5,30,2,0.524444444444444,0.993830812687173,0.252067823717424,0.0263733792729797,0.0243055555555555,0.25
HefmiIch2025,DCNN,12,0,120,2,0.458055555555556,0.998014340822144,0.250781321999071,0.00584407894862007,0.00506275694954941,0.25
HefmiIch2025,DCNN,12,1,60,2,0.503333333333333,0.998184423257547,0.250506509615633,0.0294747635838875,0.028968253968254,0.25
HefmiIch2025,DCNN,12,2,30,2,0.346666666666667,0.9980322259692,0.250940968750935,0.00958294405957655,0.00864197530864197,0.25
HefmiIch2025,DCNN,12,3,30,2,0.546666666666667,0.998022781757794,0.250688734233797,0.0438705524156152,0.0431818181818182,0.25
HefmiIch2025,DCNN,12,4,30,2,0.555555555555556,0.997987558770599,0.250622407515445,0.0513470451966045,0.0507246376811594,0.25
HefmiIch2025,DCNN,12,5,30,2,0.182222222222222,0.997990478487181,0.250962524418337,0.000962524418337218,0,0.25
HefmiIch2025,DCNN,14,0,120,2,0.386111111111111,0.9669451238367,0.276152704622951,0.0303899927585446,0.00423728813559321,0.25
HefmiIch2025,DCNN,14,1,60,2,0.534444444444444,0.983802441785085,0.247195376034116,0.0207072807960207,0.0235119047619048,0.25
HefmiIch2025,DCNN,14,2,30,2,0.542222222222222,0.975648518605981,0.252490427336942,0.0199904273369416,0.0175,0.25
HefmiIch2025,DCNN,14,3,30,2,0.368888888888889,0.954682188592966,0.293806091281559,0.0468925110346451,0.00308641975308641,0.25
HefmiIch2025,DCNN,14,4,30,2,0.648888888888889,0.953358247745599,0.231174974197392,0.0272219827444003,0.0460470085470085,0.25
HefmiIch2025,DCNN,14,5,30,2,0.248888888888889,0.813974978944213,0.417512682124735,0.176133371779907,0.00862068965517243,0.25
HefmiIch2025,DCNN,2,0,120,2,0.478888888888889,0.997723156357597,0.251601113280806,0.00365894704595726,0.00205783376515084,0.25
HefmiIch2025,DCNN,2,1,60,2,0.403333333333333,0.998842376992837,0.251067082870098,0.00359233539535059,0.00252525252525254,0.25
HefmiIch2025,DCNN,2,2,60,2,0.39,0.998895641474931,0.250617680174297,0.0157411369644203,0.0151234567901234,0.25
HefmiIch2025,DCNN,2,3,60,2,0.565555555555556,0.998826478561313,0.250363304319168,0.0111533476092114,0.0107900432900433,0.25
HefmiIch2025,DCNN,3,0,120,2,0.471388888888889,0.999881717856584,0.250036623365253,0.00839632800660356,0.00835970464135022,0.25
HefmiIch2025,DCNN,3,1,60,2,0.576666666666667,0.999894713507871,0.24980676174855,0.0391381570973867,0.0393313953488372,0.25
HefmiIch2025,DCNN,3,2,60,2,0.504444444444444,0.979750241126966,0.257209874727695,0.0196131682732295,0.0124032935455349,0.25
HefmiIch2025,DCNN,3,3,30,2,0.56,0.999620889663144,0.249940051502899,0.0286890802519279,0.0287490287490288,0.25
HefmiIch2025,DCNN,3,4,30,2,0.511111111111111,0.999858495185878,0.249768150521782,0.0444348171884484,0.0446666666666667,0.25
HefmiIch2025,DCNN,4,0,120,2,0.499722222222222,0.998387241559028,0.250623320414309,0.00389792940320388,0.0032746089888947,0.25
HefmiIch2025,DCNN,4,1,90,2,0.534320987654321,0.999938265596567,0.25000315301505,0.00695339900038386,0.0069502459853337,0.25
HefmiIch2025,DCNN,4,2,30,2,0.448888888888889,0.999958489176797,0.250077977436627,0.0112684536271031,0.0111904761904762,0.25
HefmiIch2025,DCNN,4,3,30,2,0.688888888888889,0.999932303215212,0.249825696575363,0.0850108817605478,0.0851851851851852,0.25
HefmiIch2025,DCNN,4,4,30,2,0.613333333333333,0.999946746622944,0.250038453743247,0.0424194061241991,0.0423809523809524,0.25
HefmiIch2025,DCNN,6,0,120,2,0.504444444444444,0.99814461631206,0.250941304298851,0.00345767439915706,0.00251637010030653,0.25
HefmiIch2025,DCNN,6,1,60,2,0.505555555555556,0.963788983489181,0.262901829904327,0.0243833113858087,0.0114814814814815,0.25
HefmiIch2025,DCNN,6,2,60,2,0.599444444444444,0.998218430134872,0.250583382772986,0.0232135304031333,0.0226301476301476,0.25
HefmiIch2025,DCNN,6,3,30,2,0.44,0.998182530831286,0.250687580207313,0.00977848929822223,0.00909090909090909,0.25
HefmiIch2025,DCNN,6,4,30,2,0.568888888888889,0.998089577016312,0.250729109332967,0.025173553777411,0.0244444444444444,0.25
HefmiIch2025,DCNN,9,0,90,2,0.487654320987654,0.999983872865403,0.249996412014451,0.0178535548715942,0.0178571428571428,0.25
HefmiIch2025,DCNN,9,1,90,2,0.515061728395062,0.999981605383492,0.249935923453814,0.0164485311378986,0.0165126076840848,0.25
HefmiIch2025,DCNN,9,2,60,2,0.411111111111111,0.999982660612924,0.250097421895031,0.000771276342470456,0.000673854447439365,0.25
HefmiIch2025,DCNN,9,3,30,2,0.44,0.99998028828639,0.25009778453688,0.0116990917264223,0.0116013071895425,0.25
HefmiIch2025,SCNN,1,0,120,2,0.502777777777778,0.976694214208979,0.257720469760148,0.0164746785143564,0.00875420875420879,0.25
HefmiIch2025,SCNN,1,1,60,2,0.407777777777778,0.977443418014333,0.270348672782644,0.0259042283381991,0.00555555555555556,0.25
HefmiIch2025,SCNN,1,2,60,2,0.446666666666667,0.970055971456278,0.269461370023886,0.0318545324170482,0.0123931623931624,0.25
HefmiIch2025,SCNN,1,3,30,2,0.431111111111111,0.981131404217932,0.254802579564599,0.0432641180261377,0.0384615384615385,0.25
HefmiIch2025,SCNN,1,4,30,2,0.555555555555556,0.97265063554185,0.249652126626356,0.0290965710708008,0.0294444444444444,0.25
HefmiIch2025,SCNN,10,0,90,2,0.443456790123457,0.981375567200921,0.263943205423479,0.0167624425710743,0.00281923714759535,0.25
HefmiIch2025,SCNN,10,1,90,2,0.459259259259259,0.981179113380006,0.262372114981993,0.0142225172433544,0.00185040226136116,0.25
HefmiIch2025,SCNN,10,2,60,2,0.467777777777778,0.980805899351476,0.263310782430772,0.0201830768030666,0.00687229437229436,0.25
HefmiIch2025,SCNN,10,3,30,2,0.524444444444444,0.985467146816475,0.25341125131781,0.0261165653274716,0.0227053140096618,0.25
HefmiIch2025,SCNN,11,0,90,2,0.476049382716049,0.980875256544562,0.260830786067113,0.0148155050518315,0.003984718984719,0.25
HefmiIch2025,SCNN,11,1,90,2,0.515061728395062,0.975949585040143,0.25419470463875,0.0193743619079596,0.0151796572692095,0.25
HefmiIch2025,SCNN,11,2,30,2,0.431111111111111,0.983375591182257,0.265144259961168,0.0429220377389456,0.0277777777777778,0.25
HefmiIch2025,SCNN,11,3,30,2,0.391111111111111,0.979098915654933,0.2692153511458,0.0379110033197133,0.018695652173913,0.25
HefmiIch2025,SCNN,11,4,30,2,0.595555555555556,0.988011216784267,0.243886239115209,0.0195211597501293,0.0256349206349206,0.25
HefmiIch2025,SCNN,11,5,30,2,0.662222222222222,0.959381313654773,0.233448962476819,0.0223378513657083,0.0388888888888889,0.25
HefmiIch2025,SCNN,12,0,120,2,0.384722222222222,0.975473836731345,0.275239978027996,0.0273408183641308,0.00210084033613445,0.25
HefmiIch2025,SCNN,12,1,60,2,0.435555555555556,0.972499696481536,0.270213148398868,0.0247003278860475,0.00448717948717947,0.25
HefmiIch2025,SCNN,12,2,30,2,0.488888888888889,0.970490802937844,0.264193561980562,0.0201917304787308,0.0059981684981685,0.25
HefmiIch2025,SCNN,12,3,30,2,0.653333333333333,0.969009989080903,0.243079681662869,0.0354606340438217,0.0423809523809524,0.25
HefmiIch2025,SCNN,12,4,30,2,0.226666666666667,0.977902767128808,0.294603653607858,0.0446036536078581,0,0.25
HefmiIch2025,SCNN,12,5,30,2,0.217777777777778,0.976180125266507,0.298833376589508,0.048833376589508,0,0.25
HefmiIch2025,SCNN,14,0,120,2,0.481388888888889,0.974486977909157,0.262875953342781,0.0149548063893757,0.00207885304659497,0.25
HefmiIch2025,SCNN,14,1,60,2,0.568888888888889,0.973205644486979,0.247417657303506,0.0233303557162046,0.0259126984126984,0.25
HefmiIch2025,SCNN,14,2,30,2,0.484444444444444,0.975298943065051,0.262419363856016,0.0329821344187863,0.0205627705627706,0.25
HefmiIch2025,SCNN,14,3,30,2,0.648888888888889,0.972594543717944,0.242816185845546,0.0467377544729965,0.053921568627451,0.25
HefmiIch2025,SCNN,14,4,30,2,0.573333333333333,0.972234403797355,0.252610583825206,0.0270550282696506,0.0244444444444444,0.25
HefmiIch2025,SCNN,14,5,30,2,0.297777777777778,0.983012746975628,0.281033128723115,0.0310331287231149,0,0.25
HefmiIch2025,SCNN,2,0,120,2,0.530833333333333,0.955100414270583,0.258839397331605,0.0212849311006677,0.0124455337690632,0.25
HefmiIch2025,SCNN,2,1,60,2,0.506666666666667,0.971186526487157,0.260740734627848,0.020820099707213,0.0100793650793651,0.25
HefmiIch2025,SCNN,2,2,60,2,0.593333333333333,0.963923119825063,0.247846264411464,0.0206008940410932,0.0227546296296296,0.25
HefmiIch2025,SCNN,2,3,60,2,0.56,0.979138333163791,0.249872796687144,0.0223978244958204,0.0225250278086763,0.25
HefmiIch2025,SCNN,3,0,120,2,0.479722222222222,0.980950886195057,0.256159363316769,0.0157732325051061,0.00961386918833729,0.25
HefmiIch2025,SCNN,3,1,60,2,0.481111111111111,0.986874782914669,0.255423342067174,0.0186886481896234,0.013265306122449,0.25
HefmiIch2025,SCNN,3,2,60,2,0.44,0.974600930427543,0.267261369273762,0.0234971969381606,0.00623582766439909,0.25
HefmiIch2025,SCNN,3,3,30,2,0.568888888888889,0.976977030148119,0.250659651932026,0.0285889448613189,0.0279292929292929,0.25
HefmiIch2025,SCNN,3,4,30,2,0.502222222222222,0.96885036754425,0.266248475101226,0.0388073976601486,0.0225589225589226,0.25
HefmiIch2025,SCNN,4,0,120,2,0.568333333333333,0.975434064181986,0.242237064389535,0.0166377845541442,0.024400720164609,0.25
HefmiIch2025,SCNN,4,1,90,2,0.50962962962963,0.973464804772895,0.260408125473276,0.0149632000283506,0.00455507455507456,0.25
HefmiIch2025,SCNN,4,2,30,2,0.568888888888889,0.981613445462146,0.248335538333965,0.016668871667298,0.0183333333333333,0.25
HefmiIch2025,SCNN,4,3,30,2,0.653333333333333,0.977127649796699,0.238289116100559,0.0461594864709296,0.0578703703703704,0.25
HefmiIch2025,SCNN,4,4,30,2,0.635555555555556,0.984134595770189,0.240091041665957,0.0309243749992904,0.0408333333333333,0.25
HefmiIch2025,SCNN,6,0,120,2,0.505277777777778,0.967783709131893,0.258037618485272,0.0175573879315117,0.00951976944624003,0.25
HefmiIch2025,SCNN,6,1,60,2,0.453333333333333,0.956493340969741,0.273811365333589,0.0285732700954942,0.00476190476190477,0.25
HefmiIch2025,SCNN,6,2,60,2,0.571111111111111,0.974419260377055,0.24963589654339,0.0197369066443998,0.0201010101010101,0.25
HefmiIch2025,SCNN,6,3,30,2,0.546666666666667,0.963658075214126,0.250531535940917,0.0307957162050971,0.0302641802641803,0.25
HefmiIch2025,SCNN,6,4,30,2,0.822222222222222,0.978778078292164,0.211345741695647,0.0669012972512027,0.105555555555556,0.25
HefmiIch2025,SCNN,9,0,90,2,0.491358024691358,0.977544501120508,0.257236910679423,0.0214682653217368,0.0142313546423135,0.25
HefmiIch2025,SCNN,9,1,90,2,0.419753086419753,0.971846647418889,0.266681235365365,0.0260829447670742,0.0094017094017094,0.25
HefmiIch2025,SCNN,9,2,60,2,0.572222222222222,0.966608076184273,0.250349613708068,0.0213853680771557,0.0210357543690877,0.25
HefmiIch2025,SCNN,9,3,30,2,0.342222222222222,0.969966387040464,0.289402293508792,0.0407250448315433,0.00132275132275134,0.25
HefmiIch2025,TSBLR,1,0,120,2,0.54625,0.985538655577324,0.248537455729167,0.0108615686289375,0.0123241128997708,0.25
HefmiIch2025,TSBLR,1,1,60,2,0.558333333333333,0.970082307015425,0.254868904166667,0.0230302798280423,0.0181613756613757,0.25
HefmiIch2025,TSBLR,1,2,60,2,0.653888888888889,0.981016369514513,0.234528819791667,0.0349992498991935,0.0504704301075269,0.25
HefmiIch2025,TSBLR,1,3,30,2,0.553333333333333,0.980514657366485,0.24646974375,0.0468665691468254,0.0503968253968254,0.25
HefmiIch2025,TSBLR,1,4,30,2,0.708888888888889,0.98566423407287,0.2377040375,0.0680214978174603,0.0803174603174603,0.25
HefmiIch2025,TSBLR,10,0,90,2,0.608148148148148,0.981949316305811,0.239656301388889,0.0240227316489361,0.0343664302600473,0.25
HefmiIch2025,TSBLR,10,1,90,2,0.633333333333333,0.991937585297465,0.240408997222222,0.02401174712932,0.0336027499070977,0.25
HefmiIch2025,TSBLR,10,2,60,2,0.498888888888889,0.981085134613798,0.257425644791667,0.0378188626848846,0.0303932178932179,0.25
HefmiIch2025,TSBLR,10,3,30,2,0.751111111111111,0.986719034609712,0.224501514583333,0.063205218287037,0.0887037037037037,0.25
HefmiIch2025,TSBLR,11,0,90,2,0.594320987654321,0.975665950113541,0.245677678472222,0.0179486336379142,0.022270955165692,0.25
HefmiIch2025,TSBLR,11,1,90,2,0.483456790123457,0.958119091816075,0.267905050694444,0.0266007028683575,0.00869565217391305,0.25
HefmiIch2025,TSBLR,11,2,30,2,0.502222222222222,0.988247711829609,0.256790183333333,0.0193827759259259,0.0125925925925926,0.25
HefmiIch2025,TSBLR,11,3,30,2,0.497777777777778,0.989171456011625,0.25690475625,0.0233521246710527,0.0164473684210526,0.25
HefmiIch2025,TSBLR,11,4,30,2,0.648888888888889,0.992120125216057,0.238401179166667,0.0364170521825397,0.048015873015873,0.25
HefmiIch2025,TSBLR,11,5,30,2,0.562222222222222,0.928871559311437,0.2696060875,0.0473838652777777,0.0277777777777778,0.25
HefmiIch2025,TSBLR,12,0,120,2,0.577638888888889,0.944040733609887,0.252709719791667,0.0223084852237654,0.0195987654320988,0.25
HefmiIch2025,TSBLR,12,1,60,2,0.437222222222222,0.99150794838356,0.258567925,0.0128103492424242,0.00424242424242424,0.25
HefmiIch2025,TSBLR,12,2,30,2,0.5,0.965197306487609,0.2608753,0.0359835251082251,0.0251082251082251,0.25
HefmiIch2025,TSBLR,12,3,30,2,0.48,0.911471438215165,0.28339715,0.0514064092592592,0.0180092592592593,0.25
HefmiIch2025,TSBLR,12,4,30,2,0.364444444444444,0.910668804670233,0.288027766666667,0.0437095848484849,0.00568181818181818,0.25
HefmiIch2025,TSBLR,12,5,30,2,0.542222222222222,0.914099609378817,0.275951504166667,0.0488086470238095,0.0228571428571429,0.25
HefmiIch2025,TSBLR,14,0,120,2,0.530694444444444,0.916164505084233,0.272946752083333,0.0404961871115819,0.0175494350282486,0.25
HefmiIch2025,TSBLR,14,1,60,2,0.504444444444444,0.879088094977955,0.286475722916667,0.0579042943452381,0.0214285714285715,0.25
HefmiIch2025,TSBLR,14,2,30,2,0.586666666666667,0.994146394740904,0.242371579166667,0.0352287220238095,0.0428571428571428,0.25
HefmiIch2025,TSBLR,14,3,30,2,0.617777777777778,0.990697322590297,0.24705055625,0.0337172229166667,0.0366666666666667,0.25
HefmiIch2025,TSBLR,14,4,30,2,0.751111111111111,0.989286656950712,0.228166364583333,0.0622572736742424,0.0840909090909091,0.25
HefmiIch2025,TSBLR,14,5,30,2,0.377777777777778,0.998923183912628,0.252356320833333,0.0190229875,0.0166666666666667,0.25
HefmiIch2025,TSBLR,2,0,120,2,0.483611111111111,0.98488073426672,0.257774766666667,0.0141471865173474,0.00637241985068071,0.25
HefmiIch2025,TSBLR,2,1,60,2,0.632222222222222,0.981331097037747,0.239488175,0.0280596035714286,0.0385714285714286,0.25
HefmiIch2025,TSBLR,2,2,60,2,0.648888888888889,0.989924668402265,0.238222582291667,0.0219736645427489,0.0337510822510823,0.25
HefmiIch2025,TSBLR,2,3,60,2,0.497222222222222,0.988838035752603,0.250942085416667,0.0184048225440379,0.0174627371273713,0.25
HefmiIch2025,TSBLR,3,0,120,2,0.581388888888889,0.988807102623551,0.244406528125,0.0129361697796417,0.0185296416546417,0.25
HefmiIch2025,TSBLR,3,1,60,2,0.631111111111111,0.983799933232454,0.240917175,0.0335164874522537,0.0425993124522537,0.25
HefmiIch2025,TSBLR,3,2,60,2,0.723333333333333,0.993964832891598,0.233469772916667,0.0595412014880952,0.0760714285714285,0.25
HefmiIch2025,TSBLR,3,3,30,2,0.915555555555556,0.989369420859651,0.213942345833333,0.133942345833333,0.17,0.25
HefmiIch2025,TSBLR,3,4,30,2,0.662222222222222,0.994819486101207,0.241116439583333,0.0411164395833333,0.05,0.25
HefmiIch2025,TSBLR,4,0,120,2,0.536111111111111,0.937476630372395,0.261729092708333,0.0222546369040903,0.010525544195757,0.25
HefmiIch2025,TSBLR,4,1,90,2,0.559753086419753,0.947937184365998,0.251198627777778,0.0319720095461844,0.0307733817684066,0.25
HefmiIch2025,TSBLR,4,2,30,2,0.546666666666667,0.992697496980051,0.246424677083333,0.0419273225859788,0.0455026455026455,0.25
HefmiIch2025,TSBLR,4,3,30,2,0.502222222222222,0.980592086321519,0.258315322916667,0.0361724657738096,0.0278571428571429,0.25
HefmiIch2025,TSBLR,4,4,30,2,0.733333333333333,0.958045744604692,0.243417279166667,0.100824686574074,0.107407407407407,0.25
HefmiIch2025,TSBLR,6,0,120,2,0.652083333333333,0.987711428337343,0.239434500520833,0.0258775152267157,0.0364430147058824,0.25
HefmiIch2025,TSBLR,6,1,60,2,0.581666666666667,0.996107402730245,0.246386125,0.0187325708247067,0.0223464458247067,0.25
HefmiIch2025,TSBLR,6,2,60,2,0.802222222222222,0.983906941601219,0.216752648958333,0.0573082045138889,0.0905555555555556,0.25
HefmiIch2025,TSBLR,6,3,30,2,0.724444444444444,0.995288405806312,0.2377102,0.0620691743589744,0.0743589743589744,0.25
HefmiIch2025,TSBLR,6,4,30,2,0.6,0.985669064482381,0.250296902083333,0.0381540449404762,0.0378571428571428,0.25
HefmiIch2025,TSBLR,9,0,90,2,0.681728395061728,0.974646885599032,0.225609059027778,0.0306540140727329,0.0550449550449551,0.25
HefmiIch2025,TSBLR,9,1,90,2,0.504691358024691,0.984982666136743,0.25143388125,0.019408499224618,0.017974617974618,0.25
HefmiIch2025,TSBLR,9,2,60,2,0.626111111111111,0.975310800605049,0.234793322916667,0.0234062377795816,0.0386129148629149,0.25
HefmiIch2025,TSBLR,9,3,30,2,0.415555555555556,0.978736373017801,0.263733375,0.0279845827294686,0.0142512077294686,0.25
HefmiIch2025,TSGP,1,0,120,2,0.631527777777778,0.999698894742027,0.247966833333333,0.0203783056656459,0.0224114723323126,0.25
HefmiIch2025,TSGP,1,1,60,2,0.583888888888889,0.999735917331453,0.249054007291667,0.0195301977678571,0.0204761904761905,0.25
HefmiIch2025,TSGP,1,2,60,2,0.515555555555556,0.999725268550452,0.249949365625,0.0140366672123016,0.0140873015873016,0.25
HefmiIch2025,TSGP,1,3,30,2,0.428888888888889,0.999667989683697,0.25109003125,0.01909003125,0.018,0.25
HefmiIch2025,TSGP,1,4,30,2,0.64,0.99981745295301,0.247663254166667,0.0559965875,0.0583333333333333,0.25
HefmiIch2025,TSGP,10,0,90,2,0.633827160493827,0.999786570991762,0.24831006875,0.0282360251465446,0.0299259563965446,0.25
HefmiIch2025,TSGP,10,1,90,2,0.523950617283951,0.99981047826049,0.249574009027778,0.0231052114630898,0.0235312024353121,0.25
HefmiIch2025,TSGP,10,2,60,2,0.472777777777778,0.999794320268187,0.25067960625,0.00280862671783627,0.00212902046783625,0.25
HefmiIch2025,TSGP,10,3,30,2,0.588888888888889,0.999506943106597,0.248570833333333,0.0377039224664225,0.0391330891330891,0.25
HefmiIch2025,TSGP,11,0,90,2,0.57679012345679,0.998693989859479,0.248210629861111,0.017091822742304,0.0188811928811929,0.25
HefmiIch2025,TSGP,11,1,90,2,0.501975308641975,0.997259441551684,0.251170759722222,0.0125680661195286,0.0113973063973064,0.25
HefmiIch2025,TSGP,11,2,30,2,0.493333333333333,0.999237180804255,0.251289172916667,0.0140293567094821,0.0127401837928154,0.25
HefmiIch2025,TSGP,11,3,30,2,0.56,0.999400307497124,0.24801609375,0.03551609375,0.0375,0.25
HefmiIch2025,TSGP,11,4,30,2,0.62,0.999206623779005,0.246449822916667,0.0483016747685185,0.0518518518518518,0.25
HefmiIch2025,TSGP,11,5,30,2,0.608888888888889,0.996587344809726,0.2480144625,0.0355806000661376,0.0375661375661376,0.25
HefmiIch2025,TSGP,12,0,120,2,0.573333333333333,0.98269391619665,0.247400605729167,0.0187163952028509,0.0213157894736842,0.25
HefmiIch2025,TSGP,12,1,60,2,0.418888888888889,0.997399012840413,0.255708104166667,0.010119868872549,0.00441176470588234,0.25
HefmiIch2025,TSGP,12,2,30,2,0.528888888888889,0.987292085226513,0.252580720833333,0.0161160743686869,0.0135353535353535,0.25
HefmiIch2025,TSGP,12,3,30,2,0.468888888888889,0.975484095008635,0.261075189583333,0.0132320523284313,0.00215686274509802,0.25
HefmiIch2025,TSGP,12,4,30,2,0.408888888888889,0.968111776907261,0.265938304166667,0.0246049708333334,0.00866666666666666,0.25
HefmiIch2025,TSGP,12,5,30,2,0.546666666666667,0.974625477752514,0.25712135625,0.0354546895833333,0.0283333333333333,0.25
HefmiIch2025,TSGP,14,0,120,2,0.502777777777778,0.995458279421937,0.251326736458333,0.0137985544301513,0.012471817971818,0.25
HefmiIch2025,TSGP,14,1,60,2,0.494444444444444,0.993357272112838,0.251953047916667,0.0243974923611111,0.0224444444444444,0.25
HefmiIch2025,TSGP,14,2,30,2,0.495555555555556,0.999299160803531,0.25030111875,0.0257397152412281,0.0254385964912281,0.25
HefmiIch2025,TSGP,14,3,30,2,0.6,0.999372113306863,0.2484342,0.0414897555555555,0.0430555555555555,0.25
HefmiIch2025,TSGP,14,4,30,2,0.691111111111111,0.998220783089275,0.245882841666667,0.0766520724358974,0.0807692307692308,0.25
HefmiIch2025,TSGP,14,5,30,2,0.655555555555556,0.999743505985913,0.24805555,0.0463888833333333,0.0483333333333333,0.25
HefmiIch2025,TSGP,2,0,120,2,0.513611111111111,0.999604257235983,0.250368350520833,0.0062721804871633,0.00590382996632996,0.25
HefmiIch2025,TSGP,2,1,60,2,0.488333333333333,0.999514119855679,0.250318335416667,0.00747519816176467,0.00715686274509802,0.25
HefmiIch2025,TSGP,2,2,60,2,0.579444444444444,0.999611333087157,0.248876339583333,0.0191805723875661,0.0203042328042328,0.25
HefmiIch2025,TSGP,2,3,60,2,0.480555555555556,0.999646782857797,0.2502723875,0.0107924820626478,0.0105200945626478,0.25
HefmiIch2025,TSGP,3,0,120,2,0.470138888888889,0.999809602710324,0.250676396354167,0.0042467839962535,0.00357038764208684,0.25
HefmiIch2025,TSGP,3,1,60,2,0.589444444444444,0.999807883046631,0.249062409375,0.024730144417735,0.025667735042735,0.25
HefmiIch2025,TSGP,3,2,60,2,0.461666666666667,0.999835678815903,0.250602778125,0.0148388892361111,0.0142361111111111,0.25
HefmiIch2025,TSGP,3,3,30,2,0.348888888888889,0.999809195299154,0.2522827875,0.010978439673913,0.00869565217391305,0.25
HefmiIch2025,TSGP,3,4,30,2,0.757777777777778,0.999808458570741,0.246833041666667,0.0773885972222222,0.0805555555555555,0.25
HefmiIch2025,TSGP,4,0,120,2,0.537083333333333,0.99716141005159,0.249397780208333,0.0121818711174242,0.0127840909090909,0.25
HefmiIch2025,TSGP,4,1,90,2,0.583950617283951,0.997568713935593,0.246710514583333,0.0210346950856748,0.0243241805023414,0.25
HefmiIch2025,TSGP,4,2,30,2,0.528888888888889,0.999294504700283,0.249602752083333,0.0161936611742424,0.0165909090909091,0.25
HefmiIch2025,TSGP,4,3,30,2,0.506666666666667,0.999147019865468,0.250295470833333,0.0227399152777778,0.0224444444444445,0.25
HefmiIch2025,TSGP,4,4,30,2,0.626666666666667,0.997986355434407,0.246505577083333,0.0443688249465812,0.0478632478632479,0.25
HefmiIch2025,TSGP,6,0,120,2,0.580416666666667,0.99981220844264,0.248804659895833,0.0164832313244047,0.0176785714285714,0.25
HefmiIch2025,TSGP,6,1,60,2,0.411111111111111,0.999820577441777,0.251333011458333,0.014141653433642,0.0128086419753086,0.25
HefmiIch2025,TSGP,6,2,60,2,0.531666666666667,0.999793024365326,0.249596722916667,0.0197145680345118,0.0201178451178451,0.25
HefmiIch2025,TSGP,6,3,30,2,0.451111111111111,0.999785452098602,0.25129934375,0.00269794514860142,0.0013986013986014,0.25
HefmiIch2025,TSGP,6,4,30,2,0.386666666666667,0.999819399387984,0.251462583333333,0.0125736944444444,0.0111111111111111,0.25
HefmiIch2025,TSGP,9,0,90,2,0.545679012345679,0.99979123041669,0.249433456944444,0.0108245843355718,0.0113911273911274,0.25
HefmiIch2025,TSGP,9,1,90,2,0.483703703703704,0.999816973091973,0.2502800875,0.00957858950949939,0.00929850200949942,0.25
HefmiIch2025,TSGP,9,2,60,2,0.613333333333333,0.999649573644542,0.247875588541667,0.0265170451242997,0.028641456582633,0.25
HefmiIch2025,TSGP,9,3,30,2,0.56,0.999823436827329,0.24882785,0.0326513794117647,0.0338235294117647,0.25
HefmiIch2025,TSLR,1,0,120,2,0.573055555555556,0.951818141217051,0.246541551077921,0.0132191826568685,0.0166776315789474,0.25
HefmiIch2025,TSLR,1,1,60,2,0.594444444444444,0.929370448955352,0.255673450322536,0.0352356455710054,0.0295621952484698,0.25
HefmiIch2025,TSLR,1,2,60,2,0.605555555555556,0.910352685352164,0.247935814528439,0.0254420801925998,0.0275062656641604,0.25
HefmiIch2025,TSLR,1,3,30,2,0.506666666666667,0.92949173501081,0.262704640689564,0.0381432371807916,0.0254385964912281,0.25
HefmiIch2025,TSLR,1,4,30,2,0.684444444444444,0.942233821183082,0.248988700045887,0.0547462758034624,0.0557575757575758,0.25
HefmiIch2025,TSLR,10,0,90,2,0.645432098765432,0.953755306761278,0.234141869798219,0.0257664976070574,0.0416246278088383,0.25
HefmiIch2025,TSLR,10,1,90,2,0.620740740740741,0.95722256885918,0.239693283533074,0.0256789028520263,0.0359856193189526,0.25
HefmiIch2025,TSLR,10,2,60,2,0.502222222222222,0.931137957514851,0.272485269894396,0.0506102698943959,0.028125,0.25
HefmiIch2025,TSLR,10,3,30,2,0.817777777777778,0.936820626419682,0.200828995597747,0.0582099479786994,0.107380952380952,0.25
HefmiIch2025,TSLR,11,0,90,2,0.564938271604938,0.857070421141067,0.279756405170876,0.0440111600778052,0.0142547549069288,0.25
HefmiIch2025,TSLR,11,1,90,2,0.493333333333333,0.860479823805607,0.298067766304864,0.0655917717918323,0.0175240054869684,0.25
HefmiIch2025,TSLR,11,2,30,2,0.453333333333333,0.934562578842751,0.281837248074849,0.034694390931992,0.00285714285714286,0.25
HefmiIch2025,TSLR,11,3,30,2,0.524444444444444,0.925749050699553,0.273965691628637,0.0525010451639903,0.0285353535353536,0.25
HefmiIch2025,TSLR,11,4,30,2,0.662222222222222,0.974664962240817,0.229634996637065,0.0327760222780906,0.0531410256410256,0.25
HefmiIch2025,TSLR,11,5,30,2,0.568888888888889,0.710440820082451,0.335507672243102,0.106979533714963,0.0214718614718615,0.25
HefmiIch2025,TSLR,12,0,120,2,0.606666666666667,0.85920136970349,0.263181172543369,0.0379774688396652,0.0247962962962963,0.25
HefmiIch2025,TSLR,12,1,60,2,0.471111111111111,0.972958797102808,0.262405662004137,0.0225908471893217,0.0101851851851852,0.25
HefmiIch2025,TSLR,12,2,30,2,0.462222222222222,0.915355966222121,0.286688356021848,0.0491883560218484,0.0125,0.25
HefmiIch2025,TSLR,12,3,30,2,0.448888888888889,0.753668628088388,0.341285886507077,0.103190648411839,0.0119047619047619,0.25
HefmiIch2025,TSLR,12,4,30,2,0.373333333333333,0.832965934195295,0.317241886658695,0.0703529977698063,0.00311111111111109,0.25
HefmiIch2025,TSLR,12,5,30,2,0.484444444444444,0.826554186908693,0.30589807051694,0.0682912329101021,0.0123931623931624,0.25
HefmiIch2025,TSLR,14,0,120,2,0.535555555555556,0.817011344008441,0.297015182501288,0.0633142021091309,0.0162990196078431,0.25
HefmiIch2025,TSLR,14,1,60,2,0.545555555555556,0.71483201086364,0.311332189295951,0.0965594620232234,0.0352272727272728,0.25
HefmiIch2025,TSLR,14,2,30,2,0.671111111111111,0.966722114980748,0.228030567932887,0.0415226314249508,0.0634920634920635,0.25
HefmiIch2025,TSLR,14,3,30,2,0.626666666666667,0.965332855861814,0.246812865654724,0.0484200085118669,0.0516071428571429,0.25
HefmiIch2025,TSLR,14,4,30,2,0.835555555555556,0.961965405483306,0.202296198744688,0.0745184209669097,0.122222222222222,0.25
HefmiIch2025,TSLR,14,5,30,2,0.555555555555556,0.996681965601501,0.249222072089616,0.0338685367360808,0.0346464646464646,0.25
HefmiIch2025,TSLR,2,0,120,2,0.483333333333333,0.962607869398236,0.268600897837257,0.0194727690216281,0.000871871184371209,0.25
HefmiIch2025,TSLR,2,1,60,2,0.666666666666667,0.923665048081376,0.231880542027479,0.0234630336099704,0.0415824915824916,0.25
HefmiIch2025,TSLR,2,2,60,2,0.658888888888889,0.951072372458861,0.232395077553035,0.0383184416285735,0.055923364075538,0.25
HefmiIch2025,TSLR,2,3,60,2,0.501111111111111,0.968045458732386,0.261185189254126,0.0248215528904901,0.0136363636363636,0.25
HefmiIch2025,TSLR,3,0,120,2,0.583333333333333,0.966107897604,0.243716233558207,0.0123947510885922,0.0186785175303851,0.25
HefmiIch2025,TSLR,3,1,60,2,0.675555555555556,0.95996566346392,0.232548433560031,0.0280960526076499,0.0455476190476191,0.25
HefmiIch2025,TSLR,3,2,60,2,0.706666666666667,0.982409941614915,0.230639051936734,0.0486505157815307,0.0680114638447972,0.25
HefmiIch2025,TSLR,3,3,30,2,0.875555555555556,0.969087374656923,0.204973966692304,0.0914819032002403,0.136507936507936,0.25
HefmiIch2025,TSLR,3,4,30,2,0.604444444444444,0.977921422588008,0.241856460828031,0.023800905272475,0.0319444444444444,0.25
HefmiIch2025,TSLR,4,0,120,2,0.531111111111111,0.80127368518606,0.297638399509344,0.0612015438392408,0.0135631443298969,0.25
HefmiIch2025,TSLR,4,1,90,2,0.534320987654321,0.853107489164034,0.277408796206954,0.0517657920917272,0.0243569958847737,0.25
HefmiIch2025,TSLR,4,2,30,2,0.573333333333333,0.944025228533547,0.256254642777257,0.0424451189677335,0.0361904761904762,0.25
HefmiIch2025,TSLR,4,3,30,2,0.524444444444444,0.942783805435876,0.268224810652104,0.0460657197430129,0.0278409090909091,0.25
HefmiIch2025,TSLR,4,4,30,2,0.786666666666667,0.944670488741821,0.221822587189222,0.0833040686707037,0.111481481481481,0.25
HefmiIch2025,TSLR,6,0,120,2,0.6125,0.947152142966065,0.244105960297645,0.0193190284794631,0.0252130681818181,0.25
HefmiIch2025,TSLR,6,1,60,2,0.521111111111111,0.985907026249004,0.247839617267973,0.013791075370594,0.0159514581026209,0.25
HefmiIch2025,TSLR,6,2,60,2,0.797777777777778,0.944939606588691,0.198833800523573,0.0473398696178777,0.0985060690943044,0.25
HefmiIch2025,TSLR,6,3,30,2,0.76,0.966532817473022,0.231641061953336,0.0664029667152411,0.0847619047619048,0.25
HefmiIch2025,TSLR,6,4,30,2,0.617777777777778,0.961630714556175,0.251715195151062,0.0413510494927986,0.0396358543417367,0.25
HefmiIch2025,TSLR,9,0,90,2,0.699753086419753,0.918262574436022,0.213847171341178,0.0214842230754521,0.057637051734274,0.25
HefmiIch2025,TSLR,9,1,90,2,0.536296296296296,0.939224455743604,0.26146870056605,0.030952756814812,0.0194840562487621,0.25
HefmiIch2025,TSLR,9,2,60,2,0.686666666666667,0.934707308691285,0.217581013547513,0.0321995491337901,0.0646185355862775,0.25
HefmiIch2025,TSLR,9,3,30,2,0.4,0.937602602839636,0.284928500269972,0.0449285002699715,0.01,0.25
HefmiIch2025,TSSVM,1,0,120,2,0.60125,0.990810057158766,0.242842055907516,0.0130210682531952,0.020179012345679,0.25
HefmiIch2025,TSSVM,1,1,60,2,0.58,0.985031534272311,0.247835721845047,0.0291055631148883,0.0312698412698413,0.25
HefmiIch2025,TSSVM,1,2,60,2,0.623333333333333,0.977190005598789,0.240738227427553,0.0302620369513624,0.0395238095238095,0.25
HefmiIch2025,TSSVM,1,3,30,2,0.511111111111111,0.980077538316852,0.249275175024892,0.0203862861360035,0.0211111111111111,0.25
HefmiIch2025,TSSVM,1,4,30,2,0.675555555555556,0.986100217690438,0.245532756627773,0.0439454550404717,0.0484126984126984,0.25
HefmiIch2025,TSSVM,10,0,90,2,0.63358024691358,0.991574015152433,0.239592702724921,0.0361283847484079,0.0465356820234869,0.25
HefmiIch2025,TSSVM,10,1,90,2,0.644444444444444,0.99373170813349,0.241782061923926,0.0406853709706772,0.0489033090467516,0.25
HefmiIch2025,TSSVM,10,2,60,2,0.508888888888889,0.984698796865047,0.25497553980511,0.0236470373896515,0.0186714975845411,0.25
HefmiIch2025,TSSVM,10,3,30,2,0.808888888888889,0.993115317436876,0.227015021263787,0.0822531165018818,0.105238095238095,0.25
HefmiIch2025,TSSVM,11,0,90,2,0.579753086419753,0.973797682115862,0.249289070495083,0.0195524950138271,0.0202634245187437,0.25
HefmiIch2025,TSSVM,11,1,90,2,0.503703703703704,0.969931170777961,0.260101416855475,0.027892912054378,0.0177914951989026,0.25
HefmiIch2025,TSSVM,11,2,30,2,0.513333333333333,0.976588496124866,0.260864295713309,0.0275309623799761,0.0166666666666667,0.25
HefmiIch2025,TSSVM,11,3,30,2,0.52,0.974168430194623,0.259274511573229,0.0426078449065625,0.0333333333333334,0.25
HefmiIch2025,TSSVM,11,4,30,2,0.653333333333333,0.991453481360336,0.238939906456317,0.0491047416211521,0.0601648351648351,0.25
HefmiIch2025,TSSVM,11,5,30,2,0.555555555555556,0.94932502712442,0.263270787492741,0.0327152319371857,0.0194444444444444,0.25
HefmiIch2025,TSSVM,12,0,120,2,0.599722222222222,0.966086745446037,0.247084909255777,0.0203666357394738,0.0232817264836969,0.25
HefmiIch2025,TSSVM,12,1,60,2,0.447222222222222,0.994131547003326,0.254626606985925,0.0175895699488881,0.012962962962963,0.25
HefmiIch2025,TSSVM,12,2,30,2,0.475555555555556,0.980335856579413,0.259370474100465,0.023259362989354,0.0138888888888889,0.25
HefmiIch2025,TSSVM,12,3,30,2,0.471111111111111,0.92968123243287,0.278427565785182,0.034538676896293,0.0061111111111111,0.25
HefmiIch2025,TSSVM,12,4,30,2,0.417777777777778,0.978871344287571,0.262324100603405,0.0154352117145161,0.00311111111111109,0.25
HefmiIch2025,TSSVM,12,5,30,2,0.471111111111111,0.947432866995015,0.268423112828539,0.0308473552527816,0.0124242424242424,0.25
HefmiIch2025,TSSVM,14,0,120,2,0.529722222222222,0.950994813789479,0.264460056208071,0.030968136754264,0.0165080805461931,0.25
HefmiIch2025,TSSVM,14,1,60,2,0.548333333333333,0.928502914349978,0.266640508911332,0.0511643184351414,0.0345238095238096,0.25
HefmiIch2025,TSSVM,14,2,30,2,0.653333333333333,0.993057842335433,0.238882105420366,0.041189797728058,0.0523076923076923,0.25
HefmiIch2025,TSSVM,14,3,30,2,0.657777777777778,0.990359898032835,0.245486487441737,0.0460925480477977,0.0506060606060606,0.25
HefmiIch2025,TSSVM,14,4,30,2,0.795555555555556,0.99159913396582,0.23076463451803,0.0881720419254377,0.107407407407407,0.25
HefmiIch2025,TSSVM,14,5,30,2,0.551111111111111,0.988470217290893,0.253216631272418,0.0271055201613069,0.0238888888888889,0.25
HefmiIch2025,TSSVM,2,0,120,2,0.497083333333333,0.992243312651725,0.253846742680666,0.00876402209243118,0.0049172794117647,0.25
HefmiIch2025,TSSVM,2,1,60,2,0.663333333333333,0.98081810563125,0.237627824582224,0.0327404414339714,0.0451126168517473,0.25
HefmiIch2025,TSSVM,2,2,60,2,0.632222222222222,0.987748422475659,0.24095940936436,0.026455830154898,0.0354964207905384,0.25
HefmiIch2025,TSSVM,2,3,60,2,0.515555555555556,0.99352523950642,0.25237039739358,0.0173597136328965,0.0149893162393162,0.25
HefmiIch2025,TSSVM,3,0,120,2,0.570555555555556,0.994369174568375,0.245768391701577,0.00969004929383374,0.0139216575922565,0.25
HefmiIch2025,TSSVM,3,1,60,2,0.65,0.992873096999967,0.240914700925318,0.030438510449128,0.0395238095238095,0.25
HefmiIch2025,TSSVM,3,2,60,2,0.622222222222222,0.996391631137266,0.242893558368354,0.0408040922788882,0.0479105339105339,0.25
HefmiIch2025,TSSVM,3,3,30,2,0.815555555555556,0.996628087269691,0.234203528781663,0.0893622589403931,0.10515873015873,0.25
HefmiIch2025,TSSVM,3,4,30,2,0.611111111111111,0.996581034008071,0.24480530785658,0.026551339602612,0.0317460317460317,0.25
HefmiIch2025,TSSVM,4,0,120,2,0.525555555555556,0.919558595732386,0.267594002844421,0.0287288529878923,0.0111348501434708,0.25
HefmiIch2025,TSSVM,4,1,90,2,0.545432098765432,0.951311803941232,0.252298182959679,0.0305381721371684,0.0282399891774892,0.25
HefmiIch2025,TSSVM,4,2,30,2,0.555555555555556,0.978515048778029,0.252676544031263,0.0386414563119643,0.0359649122807017,0.25
HefmiIch2025,TSSVM,4,3,30,2,0.52,0.983302677323865,0.257592943577693,0.0263429435776928,0.01875,0.25
HefmiIch2025,TSSVM,4,4,30,2,0.755555555555556,0.970890776102626,0.238483189540722,0.0840672351247672,0.0955840455840456,0.25
HefmiIch2025,TSSVM,6,0,120,2,0.622222222222222,0.987712836798371,0.242468322201103,0.0218868482322049,0.0294185260311021,0.25
HefmiIch2025,TSSVM,6,1,60,2,0.542222222222222,0.993826440190559,0.249016896371364,0.010764034037619,0.0117471376662553,0.25
HefmiIch2025,TSSVM,6,2,60,2,0.763333333333333,0.98893161351398,0.225486370527049,0.062729960270639,0.0872435897435898,0.25
HefmiIch2025,TSSVM,6,3,30,2,0.782222222222222,0.993665608451564,0.237707087847884,0.0885617887025846,0.100854700854701,0.25
HefmiIch2025,TSSVM,6,4,30,2,0.657777777777778,0.992026201183885,0.24551582997029,0.0453326797871395,0.0498168498168498,0.25
HefmiIch2025,TSSVM,9,0,90,2,0.718518518518519,0.983072746007803,0.224144869885,0.0377847166282949,0.063639846743295,0.25
HefmiIch2025,TSSVM,9,1,90,2,0.547654320987654,0.990037888648916,0.248882727968069,0.0190323725621584,0.020149644594089,0.25
HefmiIch2025,TSSVM,9,2,60,2,0.686666666666667,0.986186942156865,0.227737650019874,0.0498740721562964,0.0721364221364221,0.25
HefmiIch2025,TSSVM,9,3,30,2,0.426666666666667,0.984893634462209,0.258917171630352,0.0276128238042655,0.018695652173913,0.25
Kumar2024,BDCNN,1,0,160,2,0.50828125,0.807844374852203,0.3090899328125,0.0627815998700726,0.00369166705757262,0.25
Kumar2024,BDCNN,1,1,157,2,0.776695877961701,0.823289565867475,0.200042623009554,0.0250649793426715,0.0750122139338314,0.249989857600714
Kumar2024,BDCNN,1,2,120,2,0.660833333333333,0.873899228227111,0.241571525520833,0.0247457601269565,0.0331742346061231,0.25
Kumar2024,BDCNN,1,3,120,2,0.544444444444444,0.823272408212988,0.290287152083333,0.0568291748753561,0.0165420227920228,0.25
Kumar2024,BDCNN,1,4,118,2,0.580436656133295,0.778649957520418,0.282619087394068,0.0469612189756934,0.0143421315816256,0.25
Kumar2024,BDCNN,1,5,120,2,0.661111111111111,0.840048843214176,0.241016916666667,0.0270667002164502,0.0360497835497835,0.25
Kumar2024,BDCNN,11,0,160,2,0.92796875,0.435912707745095,0.11108530703125,0.0152772262231693,0.154191919191919,0.25
Kumar2024,BDCNN,11,1,158,2,0.894070512820513,0.462619874922052,0.129820670490506,0.0187280883723932,0.138867360198823,0.249959942316936
Kumar2024,BDCNN,11,2,120,2,0.854722222222222,0.525253915457183,0.159282157291667,0.0249665307885401,0.115684373496873,0.25
Kumar2024,BDCNN,11,3,117,2,0.850087668030392,0.522995947325,0.168729372863248,0.0277124705373037,0.10896483483528,0.249981737161224
Kumar2024,BDCNN,11,4,120,2,0.905277777777778,0.567139067847967,0.1221795296875,0.0120288806289562,0.139849350941456,0.25
Kumar2024,BDCNN,11,5,120,2,0.910972222222222,0.524138737706454,0.126686200520833,0.0211101636544739,0.144423963133641,0.25
Kumar2024,BDCNN,12,0,160,2,0.604453125,0.726189462183817,0.278992644140625,0.0523451784741965,0.0233525343335715,0.25
Kumar2024,BDCNN,12,1,160,2,0.603125,0.722623364865431,0.278617383203125,0.0529549073810747,0.0243375241779497,0.25
Kumar2024,BDCNN,12,2,120,2,0.590138888888889,0.791330907262606,0.273243966666667,0.0418387313607631,0.0185947646940964,0.25
Kumar2024,BDCNN,12,3,118,2,0.555587474863545,0.788632883157625,0.289272961334746,0.0519491269770131,0.0126761656422673,0.25
Kumar2024,BDCNN,12,4,119,2,0.548446327683616,0.815811828277935,0.287611476365546,0.0444173600621862,0.00678822957616826,0.249982345879528
Kumar2024,BDCNN,12,5,117,2,0.494009351256575,0.799396407414034,0.311214300213675,0.069950812570097,0.00871824951764619,0.249981737161224
Kumar2024,BDCNN,14,0,80,2,0.48,0.69399712257504,0.35358601875,0.11046101875,0.00687499999999999,0.25
Kumar2024,BDCNN,14,1,80,2,0.6946875,0.697678853696728,0.24353587265625,0.050144399788033,0.0566085271317829,0.25
Kumar2024,BDCNN,14,2,60,2,0.64,0.771914460024418,0.26148066875,0.0466256708067667,0.0351450020567668,0.25
Kumar2024,BDCNN,14,3,60,2,0.762222222222222,0.699203205341168,0.206482184375,0.0433011807907706,0.0868189964157706,0.25
Kumar2024,BDCNN,14,4,60,2,0.735555555555556,0.640517582550251,0.2318299125,0.065699308211501,0.083869395711501,0.25
Kumar2024,BDCNN,14,5,60,2,0.771111111111111,0.656527317593092,0.204665878125,0.0339607499198718,0.0792948717948718,0.25
Kumar2024,BDCNN,2,0,80,2,0.71125,0.438021576081035,0.279134365625,0.0919915084821429,0.0628571428571429,0.25
Kumar2024,BDCNN,2,1,80,2,0.889375,0.552619840500168,0.1342054234375,0.0133274472470238,0.129122023809524,0.25
Kumar2024,BDCNN,2,2,60,2,0.985555555555556,0.45298624916754,0.0629938895833333,0.0274383340277778,0.214444444444444,0.25
Kumar2024,BDCNN,2,3,60,2,0.903333333333333,0.466632286562779,0.123912030208333,0.0224789494002525,0.148566919191919,0.25
Kumar2024,BDCNN,2,4,60,2,0.952222222222222,0.462099312128764,0.0965573416666667,0.0282071733164983,0.181649831649832,0.25
Kumar2024,BDCNN,2,5,60,2,0.902222222222222,0.595723077585245,0.12849559375,0.0282106934650997,0.1497150997151,0.25
Kumar2024,BDCNN,3,0,160,2,0.62421875,0.774432143096986,0.264491558203125,0.0397671337346958,0.0252755755315708,0.25
Kumar2024,BDCNN,3,1,159,2,0.721360759493671,0.684001423633534,0.238975235062893,0.0525039861859838,0.0635188622737572,0.249990111150667
Kumar2024,BDCNN,3,2,120,2,0.808472222222222,0.696029984172604,0.197775844791667,0.035646215162037,0.0878703703703703,0.25
Kumar2024,BDCNN,3,3,118,2,0.779885057471264,0.701020048178085,0.20946575529661,0.0419525055720995,0.0824149318325131,0.249928181557024
Kumar2024,BDCNN,3,4,120,2,0.754583333333333,0.66515474916459,0.210170639583333,0.0433872652999591,0.0832166257166257,0.25
Kumar2024,BDCNN,3,5,118,2,0.715311692042517,0.784649231885637,0.222094921080508,0.0242856681865098,0.0521907471060014,0.25
Kumar2024,BDCNN,4,0,160,2,0.6990625,0.674153231392596,0.23831018828125,0.0335664305902711,0.0452562423090211,0.25
Kumar2024,BDCNN,4,1,158,2,0.720397372215991,0.678109061707793,0.224903857199367,0.0387327283185357,0.0638288711191687,0.25
Kumar2024,BDCNN,4,2,118,2,0.760700948003447,0.677538643827671,0.20432094279661,0.0343402643413555,0.0800193215447453,0.25
Kumar2024,BDCNN,4,3,119,2,0.71271186440678,0.569858501994342,0.241756057247899,0.0628490777894491,0.0710753664210782,0.249982345879528
Kumar2024,BDCNN,4,4,118,2,0.75840275782821,0.619423684194131,0.196408961864407,0.0307320995367361,0.0843231376723293,0.25
Kumar2024,BDCNN,4,5,118,2,0.802873563218391,0.642346886068937,0.180277979872881,0.0236342449565175,0.09328444664066,0.249928181557024
Kumar2024,BDCNN,5,0,160,2,0.705546875,0.595919463988265,0.2781748953125,0.0807679250820262,0.0525930297695262,0.25
Kumar2024,BDCNN,5,1,160,2,0.64390625,0.544587054116475,0.315998029296875,0.109579630626727,0.0435816013298523,0.25
Kumar2024,BDCNN,5,2,119,2,0.76454802259887,0.528953588067277,0.277762788340336,0.119984134356749,0.0922036918959408,0.249982345879528
Kumar2024,BDCNN,5,3,119,2,0.876129943502825,0.49664029746856,0.205507980567227,0.084009381127451,0.128483746439752,0.249982345879528
Kumar2024,BDCNN,5,4,120,2,0.879583333333333,0.49483936706136,0.202831731770833,0.0844123732217413,0.131580641450908,0.25
Kumar2024,BDCNN,5,5,118,2,0.866091954022989,0.47129285352932,0.201170729872881,0.0764769332343925,0.125234384918535,0.249928181557024
Kumar2024,BDCNN,6,0,160,2,0.698203125,0.671500899708951,0.24941366875,0.0507293906032575,0.0513157218532574,0.25
Kumar2024,BDCNN,6,1,160,2,0.739375,0.738677713970295,0.21327190234375,0.0229215999689911,0.0596496976252411,0.25
Kumar2024,BDCNN,6,2,120,2,0.654444444444444,0.694312931056076,0.23809385625,0.0476424673611111,0.0595486111111111,0.25
Kumar2024,BDCNN,6,3,119,2,0.7,0.657210006654347,0.253492096638655,0.0777554918363068,0.0742457410771796,0.249982345879528
Kumar2024,BDCNN,6,4,119,2,0.609463276836158,0.716268853653155,0.291469727941176,0.0810752671265476,0.0395878850648994,0.249982345879528
Kumar2024,BDCNN,6,5,117,2,0.585768556399766,0.730726529665545,0.282258826923077,0.053022014352931,0.0207449245910784,0.249981737161224
Kumar2024,BDCNN,8,0,160,2,0.713359375,0.65573082733756,0.23807905,0.0335374839774557,0.0454584339774557,0.25
Kumar2024,BDCNN,8,1,160,2,0.733203125,0.720028547686734,0.216029769140625,0.0226449248182807,0.0566151556776557,0.25
Kumar2024,BDCNN,8,2,119,2,0.76045197740113,0.599066390930507,0.231166174369748,0.0503188354341737,0.0691350069439541,0.249982345879528
Kumar2024,BDCNN,8,3,118,2,0.666091954022988,0.6180362652095,0.266855739936441,0.052023777223122,0.0350962188437052,0.249928181557024
Kumar2024,BDCNN,8,4,119,2,0.685310734463277,0.621797468329859,0.255439755252101,0.0512511997771143,0.0457937904045417,0.249982345879528
Kumar2024,BDCNN,8,5,119,2,0.745762711864407,0.602712572970566,0.230159643907563,0.0473545920622635,0.0671772940342288,0.249982345879528
Kumar2024,BSCNN,1,0,160,2,0.570546875,0.902966384303505,0.269659115234375,0.0313652368418124,0.0117061216074374,0.25
Kumar2024,BSCNN,1,1,157,2,0.749594287568971,0.901269811066905,0.21100853821656,0.0212371691236094,0.060218488507763,0.249989857600714
Kumar2024,BSCNN,1,2,120,2,0.628472222222222,0.937376316820665,0.249842754166667,0.035164919923615,0.0353221657569483,0.25
Kumar2024,BSCNN,1,3,120,2,0.548611111111111,0.889556525583697,0.273598372395833,0.0401440373789984,0.016545664983165,0.25
Kumar2024,BSCNN,1,4,118,2,0.549267451881643,0.864897701685708,0.280560727754237,0.0382304972884136,0.00766976953417631,0.25
Kumar2024,BSCNN,1,5,120,2,0.680972222222222,0.898645839163416,0.230837327083333,0.0211106955291401,0.0402733684458068,0.25
Kumar2024,BSCNN,11,0,160,2,0.909375,0.549156162413123,0.12417049765625,0.014046940657693,0.139876443001443,0.25
Kumar2024,BSCNN,11,1,158,2,0.905128205128205,0.574625611530549,0.127091820015823,0.0265503691716751,0.149418491472789,0.249959942316936
Kumar2024,BSCNN,11,2,120,2,0.886527777777778,0.641599428710192,0.1380128625,0.0156715926587302,0.12765873015873,0.25
Kumar2024,BSCNN,11,3,117,2,0.829485680888369,0.59200331080664,0.174868256944444,0.0285342366973807,0.103647716914161,0.249981737161224
Kumar2024,BSCNN,11,4,120,2,0.895416666666667,0.691335105327269,0.133100263541667,0.021125862670207,0.13802559912854,0.25
Kumar2024,BSCNN,11,5,120,2,0.880416666666667,0.593732872174548,0.141517890104167,0.0183278162890928,0.126809926184926,0.25
Kumar2024,BSCNN,12,0,160,2,0.623203125,0.8184254637222,0.256135118359375,0.0341129806834545,0.0279778623240794,0.25
Kumar2024,BSCNN,12,1,160,2,0.61515625,0.80666743628886,0.26005700234375,0.035244209616638,0.025187207272888,0.25
Kumar2024,BSCNN,12,2,120,2,0.552222222222222,0.860364919807314,0.273334076041667,0.042934332811041,0.0196002567693744,0.25
Kumar2024,BSCNN,12,3,118,2,0.48879632289572,0.833556283588853,0.304798358050847,0.063946360472155,0.00914800242130748,0.25
Kumar2024,BSCNN,12,4,119,2,0.462570621468927,0.833474285605702,0.318736026260504,0.0835607680384035,0.0148070876574276,0.249982345879528
Kumar2024,BSCNN,12,5,117,2,0.45791934541204,0.84558200058303,0.315141527777778,0.0713090913527487,0.0061493007361953,0.249981737161224
Kumar2024,BSCNN,14,0,80,2,0.526875,0.811887838703837,0.2940271640625,0.060306925967262,0.0162797619047619,0.25
Kumar2024,BSCNN,14,1,80,2,0.6525,0.790526106301426,0.2528289375,0.0489747708333334,0.0461458333333334,0.25
Kumar2024,BSCNN,14,2,60,2,0.645555555555556,0.875717844211875,0.243547153125,0.0328643856001272,0.0393172324751272,0.25
Kumar2024,BSCNN,14,3,60,2,0.757777777777778,0.825064520840762,0.197363041666667,0.0274247700617284,0.0800617283950617,0.25
Kumar2024,BSCNN,14,4,60,2,0.723333333333333,0.768140033667729,0.225950320833333,0.0424314274460189,0.0664811066126856,0.25
Kumar2024,BSCNN,14,5,60,2,0.794444444444444,0.817569359993719,0.192433255208333,0.0302647211280345,0.0878314659197012,0.25
Kumar2024,BSCNN,2,0,80,2,0.6959375,0.647500546158616,0.25206055390625,0.047225180945877,0.045164627039627,0.25
Kumar2024,BSCNN,2,1,80,2,0.89875,0.63541442141198,0.13339427578125,0.0327318333849366,0.149337557603687,0.25
Kumar2024,BSCNN,2,2,60,2,0.982222222222222,0.540945420469091,0.0742209989583333,0.0463363835737179,0.222115384615385,0.25
Kumar2024,BSCNN,2,3,60,2,0.918888888888889,0.528222679512349,0.11049781875,0.0264568597090409,0.165959040959041,0.25
Kumar2024,BSCNN,2,4,60,2,0.951111111111111,0.584138248309093,0.099136315625,0.043902397496345,0.194766081871345,0.25
Kumar2024,BSCNN,2,5,60,2,0.914444444444444,0.674243622214512,0.128187688541667,0.0273543552083333,0.149166666666667,0.25
Kumar2024,BSCNN,3,0,160,2,0.6153125,0.88341215497563,0.25359167421875,0.0255147336934132,0.0219230594746632,0.25
Kumar2024,BSCNN,3,1,159,2,0.704667721518987,0.817149614339176,0.233039717767296,0.0355545420981576,0.0525049354815286,0.249990111150667
Kumar2024,BSCNN,3,2,120,2,0.810277777777778,0.824839239025806,0.192734028125,0.0344912461779498,0.0917572180529498,0.25
Kumar2024,BSCNN,3,3,118,2,0.798706896551724,0.800651926293141,0.212332414194915,0.0572920590698144,0.094887826431923,0.249928181557024
Kumar2024,BSCNN,3,4,120,2,0.739444444444444,0.803862382572681,0.2188068609375,0.0450767022073413,0.0762698412698413,0.25
Kumar2024,BSCNN,3,5,118,2,0.694197069807527,0.889884695624583,0.225542128177966,0.0160037146141288,0.0404615864361627,0.25
Kumar2024,BSCNN,4,0,160,2,0.653046875,0.757733928410814,0.251228368359375,0.0317610388139205,0.0305326704545455,0.25
Kumar2024,BSCNN,4,1,158,2,0.737782406665598,0.804133962632413,0.198976200949367,0.0216007127728828,0.0726245118235157,0.25
Kumar2024,BSCNN,4,2,118,2,0.827779373743177,0.844945159410864,0.173064769067797,0.0215397547388029,0.0984749856710063,0.25
Kumar2024,BSCNN,4,3,119,2,0.750847457627119,0.769902221488839,0.199845774159664,0.0296091480406848,0.0797457197605492,0.249982345879528
Kumar2024,BSCNN,4,4,118,2,0.81241022694628,0.818890938420054,0.173268007944915,0.0215559240628938,0.0982879161179785,0.25
Kumar2024,BSCNN,4,5,118,2,0.7625,0.81881144491943,0.194806736758475,0.019574985596587,0.0746964303951363,0.249928181557024
Kumar2024,BSCNN,5,0,160,2,0.70453125,0.684733102324704,0.26876700234375,0.0679249443413659,0.0491579419976159,0.25
Kumar2024,BSCNN,5,1,160,2,0.64578125,0.633534736343149,0.294152700390625,0.0819475847177673,0.0377948843271424,0.25
Kumar2024,BSCNN,5,2,119,2,0.793785310734463,0.575583975639764,0.255828976365546,0.0945673559678615,0.0887207254818436,0.249982345879528
Kumar2024,BSCNN,5,3,119,2,0.897598870056497,0.546473020143199,0.207234225315126,0.101714676342067,0.144462796906469,0.249982345879528
Kumar2024,BSCNN,5,4,120,2,0.869305555555556,0.48038798672111,0.216278122395833,0.101253755924098,0.134975633528265,0.25
Kumar2024,BSCNN,5,5,118,2,0.898850574712644,0.429737604756155,0.214049737817797,0.123053587075883,0.15893203081511,0.249928181557024
Kumar2024,BSCNN,6,0,160,2,0.655546875,0.703158234566644,0.257906201953125,0.0611782607766544,0.0532720588235294,0.25
Kumar2024,BSCNN,6,1,160,2,0.7596875,0.76489265602947,0.20207402890625,0.0185097424982136,0.0664357135919636,0.25
Kumar2024,BSCNN,6,2,120,2,0.670555555555556,0.703062298796981,0.239504659375,0.0462153075231481,0.0567106481481481,0.25
Kumar2024,BSCNN,6,3,119,2,0.71228813559322,0.672796336049594,0.232287338760504,0.0553563811922917,0.0730513883113158,0.249982345879528
Kumar2024,BSCNN,6,4,119,2,0.616666666666667,0.751190481354894,0.264677183298319,0.0539424883508217,0.0392476509320306,0.249982345879528
Kumar2024,BSCNN,6,5,117,2,0.62843366452367,0.752125220035684,0.266925997863248,0.0560668245981381,0.0391225638961146,0.249981737161224
Kumar2024,BSCNN,8,0,160,2,0.698046875,0.781271474493506,0.231790011328125,0.0226510135651353,0.0408610022370103,0.25
Kumar2024,BSCNN,8,1,160,2,0.716328125,0.822985624595924,0.222316158203125,0.0207215724204543,0.0484054142173293,0.25
Kumar2024,BSCNN,8,2,119,2,0.740112994350282,0.719986182893004,0.228647085609244,0.0488448044909645,0.0701800647612491,0.249982345879528
Kumar2024,BSCNN,8,3,118,2,0.609195402298851,0.70772868550562,0.281054257415254,0.0545777236885744,0.023451647830344,0.249928181557024
Kumar2024,BSCNN,8,4,119,2,0.674858757062147,0.737654794518192,0.248403151260504,0.0394444800727308,0.0410236746917549,0.249982345879528
Kumar2024,BSCNN,8,5,119,2,0.707909604519774,0.764460819639659,0.2326750625,0.0383554095051122,0.0556626928846405,0.249982345879528
Kumar2024,CSPBLDA,1,0,160,2,0.586640625,0.994766812915828,0.24509665,0.0139131182539682,0.0188164682539682,0.25
Kumar2024,CSPBLDA,1,1,157,2,0.668046088932165,0.997333141717361,0.242565702229299,0.0235542912467184,0.0309784466181331,0.249989857600714
Kumar2024,CSPBLDA,1,2,120,2,0.513472222222222,0.992992132979688,0.255900773958333,0.0138705385687229,0.00796976461038962,0.25
Kumar2024,CSPBLDA,1,3,120,2,0.435138888888889,0.989677672743735,0.2626527484375,0.0133474072828226,0.000694658845322604,0.25
Kumar2024,CSPBLDA,1,4,118,2,0.519821890261419,0.996011889799459,0.250637563029661,0.00518622764188492,0.00454866461222392,0.25
Kumar2024,CSPBLDA,1,5,120,2,0.495555555555556,0.995016245756444,0.252818919791667,0.0102866791462184,0.0074677593545518,0.25
Kumar2024,CSPBLDA,11,0,160,2,0.80984375,0.994890521166289,0.229866397265625,0.0696855711472989,0.0898191738816739,0.25
Kumar2024,CSPBLDA,11,1,158,2,0.814102564102564,0.99006877143117,0.236368913370253,0.0781520188814109,0.0917430478280942,0.249959942316936
Kumar2024,CSPBLDA,11,2,120,2,0.752638888888889,0.993879698998887,0.236082192708333,0.048215892342033,0.0621336996336996,0.25
Kumar2024,CSPBLDA,11,3,117,2,0.677673874926943,0.997329798510755,0.242756768162393,0.0329572200220795,0.0401821890209107,0.249981737161224
Kumar2024,CSPBLDA,11,4,120,2,0.737083333333333,0.990866791793138,0.2454779296875,0.053764966724537,0.058287037037037,0.25
Kumar2024,CSPBLDA,11,5,120,2,0.772916666666667,0.997112261581094,0.236736054166667,0.0627885352191477,0.076052481052481,0.25
Kumar2024,CSPBLDA,12,0,160,2,0.498671875,0.992621982808125,0.25249035625,0.00828809280547993,0.00579773655547994,0.25
Kumar2024,CSPBLDA,12,1,160,2,0.48203125,0.994940617417774,0.252978540625,0.00514748993549341,0.00216894931049344,0.25
Kumar2024,CSPBLDA,12,2,120,2,0.523472222222222,0.993874178910586,0.25196844375,0.00839982576048237,0.00643138201048238,0.25
Kumar2024,CSPBLDA,12,3,118,2,0.460930767020971,0.99587328131694,0.253357320974576,0.00695901588983056,0.00360169491525425,0.25
Kumar2024,CSPBLDA,12,4,119,2,0.557909604519774,0.995441094911486,0.248472326155462,0.0126065092404609,0.014116528964527,0.249982345879528
Kumar2024,CSPBLDA,12,5,117,2,0.492402104032729,0.996349999856055,0.253062503739316,0.0084121649713304,0.00533139839323851,0.249981737161224
Kumar2024,CSPBLDA,14,0,80,2,0.5884375,0.997697694754829,0.24697461953125,0.0178627774259868,0.0208881578947368,0.25
Kumar2024,CSPBLDA,14,1,80,2,0.670625,0.996835313881429,0.24118525546875,0.0516656976456207,0.0604804421768707,0.25
Kumar2024,CSPBLDA,14,2,60,2,0.618333333333333,0.998092075453159,0.246127027083333,0.0263218322781385,0.0301948051948052,0.25
Kumar2024,CSPBLDA,14,3,60,2,0.59,0.996982639452315,0.247306101041667,0.0226795837680906,0.0253734827264239,0.25
Kumar2024,CSPBLDA,14,4,60,2,0.608888888888889,0.99661510356148,0.2439934875,0.0287553922619048,0.0347619047619048,0.25
Kumar2024,CSPBLDA,14,5,60,2,0.671111111111111,0.996591840501495,0.244141590625,0.0411323313657407,0.0469907407407407,0.25
Kumar2024,CSPBLDA,2,0,80,2,0.67375,0.995603022965053,0.240005390625,0.0431048804209184,0.0530994897959184,0.25
Kumar2024,CSPBLDA,2,1,80,2,0.7109375,0.993884122676943,0.235157946875,0.0369227415609903,0.0517647946859903,0.25
Kumar2024,CSPBLDA,2,2,60,2,0.690555555555556,0.98662701367887,0.242652408333333,0.0496324653133903,0.056980056980057,0.25
Kumar2024,CSPBLDA,2,3,60,2,0.808333333333333,0.990803521018331,0.224608252083333,0.0701737282738095,0.0955654761904762,0.25
Kumar2024,CSPBLDA,2,4,60,2,0.764444444444444,0.994038855414565,0.23542211875,0.0624002332281145,0.0769781144781145,0.25
Kumar2024,CSPBLDA,2,5,60,2,0.508888888888889,0.99261524062486,0.254202829166667,0.024532499496337,0.0203296703296703,0.25
Kumar2024,CSPBLDA,3,0,160,2,0.501015625,0.995350421397882,0.252043404296875,0.00674478813509913,0.00470138383822413,0.25
Kumar2024,CSPBLDA,3,1,159,2,0.523022151898734,0.997810517482961,0.249289025157233,0.00930114295588952,0.0100022289493233,0.249990111150667
Kumar2024,CSPBLDA,3,2,120,2,0.705138888888889,0.997660592199244,0.241219653645833,0.0345601094862892,0.0433404558404558,0.25
Kumar2024,CSPBLDA,3,3,118,2,0.658764367816092,0.998446410794183,0.244777103283898,0.0320057968685241,0.0371568751416496,0.249928181557024
Kumar2024,CSPBLDA,3,4,120,2,0.650138888888889,0.996488197792004,0.243642957291667,0.0266648428135522,0.0330218855218855,0.25
Kumar2024,CSPBLDA,3,5,118,2,0.759839126687733,0.99624417535425,0.240818598516949,0.0583899492886987,0.0675713507717496,0.25
Kumar2024,CSPBLDA,4,0,160,2,0.710078125,0.99498842270602,0.235711931640625,0.0399025882062816,0.0541906565656566,0.25
Kumar2024,CSPBLDA,4,1,158,2,0.677695882070181,0.990630590370568,0.240886107594937,0.0275273041579501,0.0366411965630134,0.25
Kumar2024,CSPBLDA,4,2,118,2,0.757397299626544,0.991755074935087,0.237203701800847,0.0540504441823984,0.066846742381551,0.25
Kumar2024,CSPBLDA,4,3,119,2,0.67909604519774,0.995728572495859,0.23990281144958,0.0318230391011828,0.0419025735311312,0.249982345879528
Kumar2024,CSPBLDA,4,4,118,2,0.656420568802068,0.991681561541865,0.241852176377119,0.0338315952633172,0.0419794188861985,0.25
Kumar2024,CSPBLDA,4,5,118,2,0.730747126436782,0.989886403566661,0.229792214512712,0.0564325511141488,0.0765685181584608,0.249928181557024
Kumar2024,CSPBLDA,5,0,160,2,0.59046875,0.993798020860457,0.245208856640625,0.0332588566406249,0.0380499999999999,0.25
Kumar2024,CSPBLDA,5,1,160,2,0.648125,0.997841745339595,0.243802187109375,0.0201135516671598,0.0263113645577848,0.25
Kumar2024,CSPBLDA,5,2,119,2,0.640112994350282,0.997552935925037,0.245262771008403,0.0222963492111448,0.0270159240822698,0.249982345879528
Kumar2024,CSPBLDA,5,3,119,2,0.620197740112994,0.99423312098129,0.24684268697479,0.0234512715851047,0.026590930489843,0.249982345879528
Kumar2024,CSPBLDA,5,4,120,2,0.73125,0.993064942241763,0.242344515104167,0.0502366052433076,0.0578920901391409,0.25
Kumar2024,CSPBLDA,5,5,118,2,0.755747126436782,0.994520018211179,0.240795167902542,0.0661172911244445,0.075250304778926,0.249928181557024
Kumar2024,CSPBLDA,6,0,160,2,0.58390625,0.969832596903056,0.249575083203125,0.0174053384559065,0.0178302552527815,0.25
Kumar2024,CSPBLDA,6,1,160,2,0.58390625,0.98402548586787,0.241020535546875,0.0258873312695889,0.0348667957227139,0.25
Kumar2024,CSPBLDA,6,2,120,2,0.584861111111111,0.981460883467503,0.247347810416667,0.0341906288448509,0.0368428184281842,0.25
Kumar2024,CSPBLDA,6,3,119,2,0.599717514124294,0.9769094139497,0.247493661239496,0.0261497613607037,0.0286384460007362,0.249982345879528
Kumar2024,CSPBLDA,6,4,119,2,0.521892655367232,0.977684817618743,0.254390332457983,0.0132428844677981,0.00883489788934319,0.249982345879528
Kumar2024,CSPBLDA,6,5,117,2,0.576125073056692,0.976003145884546,0.249704161858974,0.0247894754058264,0.0250670507080763,0.249981737161224
Kumar2024,CSPBLDA,8,0,160,2,0.646015625,0.973620786442139,0.24019721796875,0.0223439545042733,0.0321467365355233,0.25
Kumar2024,CSPBLDA,8,1,160,2,0.64234375,0.986675926798472,0.240782509375,0.0225272867941195,0.0317447774191195,0.25
Kumar2024,CSPBLDA,8,2,119,2,0.585593220338983,0.975358837738034,0.247498309348739,0.0121533615709078,0.0146373981016966,0.249982345879528
Kumar2024,CSPBLDA,8,3,118,2,0.591522988505747,0.988346981794565,0.240151626588983,0.0222944837318402,0.032071038699881,0.249928181557024
Kumar2024,CSPBLDA,8,4,119,2,0.593220338983051,0.972207630769451,0.244741894432773,0.0243929953794809,0.0296334468262361,0.249982345879528
Kumar2024,CSPBLDA,8,5,119,2,0.620762711864407,0.965229361238556,0.241699620798319,0.0230218271001949,0.0313045521814038,0.249982345879528
Kumar2024,CSPGP,1,0,160,2,0.533515625,0.965857454446875,0.25172574609375,0.0154588717427634,0.0137331256490135,0.25
Kumar2024,CSPGP,1,1,157,2,0.644352482960078,0.980349824567933,0.236290359474522,0.0141073886216376,0.0278068867478294,0.249989857600714
Kumar2024,CSPGP,1,2,120,2,0.559027777777778,0.982290783389984,0.250251994270833,0.0165976536779719,0.0163456594071385,0.25
Kumar2024,CSPGP,1,3,120,2,0.477777777777778,0.979691715440309,0.260612714583333,0.0219182701388889,0.0113055555555555,0.25
Kumar2024,CSPGP,1,4,118,2,0.559896581442114,0.978147020396182,0.247316324682203,0.0151755293109501,0.0178592046287467,0.25
Kumar2024,CSPGP,1,5,120,2,0.540555555555556,0.970148236981264,0.256116546875,0.0119260706845238,0.00580952380952382,0.25
Kumar2024,CSPGP,11,0,160,2,0.807421875,0.955550249910827,0.21771901484375,0.0556501378078098,0.0879311229640598,0.25
Kumar2024,CSPGP,11,1,158,2,0.871875,0.965601894281614,0.203340138449367,0.0708347374519463,0.117454541319516,0.249959942316936
Kumar2024,CSPGP,11,2,120,2,0.794861111111111,0.973635743360469,0.211361906770833,0.0483900311518989,0.0870281243810656,0.25
Kumar2024,CSPGP,11,3,117,2,0.772209234365868,0.959687910219203,0.228040340277778,0.0603106045088263,0.0822520013922729,0.249981737161224
Kumar2024,CSPGP,11,4,120,2,0.818472222222222,0.973152486258974,0.207841172916667,0.0513497594494237,0.093508586532757,0.25
Kumar2024,CSPGP,11,5,120,2,0.756388888888889,0.983082593871286,0.222441972916667,0.036983970271164,0.0645419973544974,0.25
Kumar2024,CSPGP,12,0,160,2,0.4603125,0.904334539787601,0.290931125390625,0.0441315386137655,0.00320041322314049,0.25
Kumar2024,CSPGP,12,1,160,2,0.529296875,0.906415042187625,0.27374596953125,0.0313752069280396,0.00762923739678958,0.25
Kumar2024,CSPGP,12,2,120,2,0.439444444444444,0.952647137974045,0.28509569375,0.0351663964630668,7.07027130668336e-05,0.25
Kumar2024,CSPGP,12,3,118,2,0.394714162596955,0.918486099523373,0.308106271716102,0.0581062717161017,0,0.25
Kumar2024,CSPGP,12,4,119,2,0.432344632768362,0.902715946959782,0.300680831932773,0.050939569966139,0.000241083912894208,0.249982345879528
Kumar2024,CSPGP,12,5,117,2,0.383401519579193,0.944337237042102,0.29908131784188,0.0519492300018279,0.00284964932117188,0.249981737161224
Kumar2024,CSPGP,14,0,80,2,0.5765625,0.980894746296474,0.24343275625,0.0239455767628205,0.0305128205128205,0.25
Kumar2024,CSPGP,14,1,80,2,0.7053125,0.967064758227977,0.23376367421875,0.0458866900917659,0.0621230158730159,0.25
Kumar2024,CSPGP,14,2,60,2,0.551666666666667,0.974952473430519,0.252254515625,0.0185694506899351,0.0163149350649351,0.25
Kumar2024,CSPGP,14,3,60,2,0.611111111111111,0.941342280170786,0.259287485416667,0.0399405068591618,0.0306530214424951,0.25
Kumar2024,CSPGP,14,4,60,2,0.608333333333333,0.965819777496044,0.248874328125,0.0303865658872377,0.0315122377622377,0.25
Kumar2024,CSPGP,14,5,60,2,0.688888888888889,0.97743758930392,0.242662773958333,0.0406786469742063,0.048015873015873,0.25
Kumar2024,CSPGP,2,0,80,2,0.6134375,0.911970994666374,0.25155405859375,0.0285321730718645,0.0269781144781145,0.25
Kumar2024,CSPGP,2,1,80,2,0.7434375,0.934525872565269,0.2105700109375,0.0392939692708333,0.0787239583333333,0.25
Kumar2024,CSPGP,2,2,60,2,0.761111111111111,0.939042892629882,0.212274361458333,0.039420271104243,0.0771459096459096,0.25
Kumar2024,CSPGP,2,3,60,2,0.791111111111111,0.938976776952555,0.196271223958333,0.0368583662846061,0.0905871423262728,0.25
Kumar2024,CSPGP,2,4,60,2,0.848333333333333,0.937614348686036,0.187026426041667,0.053375632390873,0.116349206349206,0.25
Kumar2024,CSPGP,2,5,60,2,0.597222222222222,0.952701534072192,0.238671744791667,0.0231414417613636,0.034469696969697,0.25
Kumar2024,CSPGP,3,0,160,2,0.520859375,0.984184461681801,0.254808251171875,0.0117777979691387,0.00696954679726369,0.25
Kumar2024,CSPGP,3,1,159,2,0.535680379746835,0.986320211341729,0.251137788128931,0.00845124095431485,0.00730356397605053,0.249990111150667
Kumar2024,CSPGP,3,2,120,2,0.574583333333333,0.991680261684029,0.245240517708333,0.0123242805063818,0.0170837627980485,0.25
Kumar2024,CSPGP,3,3,118,2,0.576867816091954,0.985957886297549,0.246095414194915,0.0108412257234633,0.0146739930855719,0.249928181557024
Kumar2024,CSPGP,3,4,120,2,0.678194444444444,0.991188173116654,0.237945684375,0.0285485537278693,0.0406028693528693,0.25
Kumar2024,CSPGP,3,5,118,2,0.544958345303074,0.994836849435882,0.247938621292373,0.0138060246194901,0.0158674033271172,0.25
Kumar2024,CSPGP,4,0,160,2,0.629609375,0.949643313056549,0.235815029296875,0.0142233725983104,0.0284083433014354,0.25
Kumar2024,CSPGP,4,1,158,2,0.657346579073866,0.921815645009533,0.234412734177215,0.025260496463011,0.0408477622857958,0.25
Kumar2024,CSPGP,4,2,118,2,0.799770180982476,0.950282392931899,0.202195867055085,0.0351187704229034,0.0829229033678186,0.25
Kumar2024,CSPGP,4,3,119,2,0.618926553672316,0.934604083673419,0.241062238445378,0.0212418543894491,0.0301619618235993,0.249982345879528
Kumar2024,CSPGP,4,4,118,2,0.628267739155415,0.941313493687575,0.245086737817797,0.0238917369617788,0.0288049991439822,0.25
Kumar2024,CSPGP,4,5,118,2,0.740373563218391,0.917098801710924,0.208812680084746,0.0172691210567978,0.0583846225290759,0.249928181557024
Kumar2024,CSPGP,5,0,160,2,0.628828125,0.890567371397105,0.26563655546875,0.0381909729880042,0.0225544175192542,0.25
Kumar2024,CSPGP,5,1,160,2,0.61453125,0.911107388178867,0.25809445625,0.0320791694534632,0.0239847132034632,0.25
Kumar2024,CSPGP,5,2,119,2,0.545056497175141,0.939021325690547,0.254895430147059,0.0340945007348499,0.0291814164673193,0.249982345879528
Kumar2024,CSPGP,5,3,119,2,0.574011299435028,0.893889523017363,0.275134208508403,0.0468351988040912,0.0216833361752161,0.249982345879528
Kumar2024,CSPGP,5,4,120,2,0.703472222222222,0.944429180072576,0.223451818229167,0.0287332590106074,0.0552814407814408,0.25
Kumar2024,CSPGP,5,5,118,2,0.573850574712644,0.886797491988658,0.269829120762712,0.035558917361836,0.0156579781561479,0.249928181557024
Kumar2024,CSPGP,6,0,160,2,0.5909375,0.888069022143627,0.272105407421875,0.0509867886075853,0.0288813811857103,0.25
Kumar2024,CSPGP,6,1,160,2,0.586796875,0.891286448453932,0.2645383375,0.0456940244369369,0.0311556869369369,0.25
Kumar2024,CSPGP,6,2,120,2,0.59125,0.882767450232761,0.275344958854167,0.0596528037870117,0.034307844932845,0.25
Kumar2024,CSPGP,6,3,119,2,0.594350282485876,0.862112059909593,0.279231342962185,0.0579298812010098,0.0286808841183532,0.249982345879528
Kumar2024,CSPGP,6,4,119,2,0.519915254237288,0.864457954647915,0.285899370798319,0.0492057394229797,0.0132887145041886,0.249982345879528
Kumar2024,CSPGP,6,5,117,2,0.502483927527761,0.914823889849934,0.275155363247863,0.0304910501052893,0.00531742401865032,0.249981737161224
Kumar2024,CSPGP,8,0,160,2,0.636171875,0.896690331797427,0.24980244609375,0.034763723267663,0.034961277173913,0.25
Kumar2024,CSPGP,8,1,160,2,0.619453125,0.931881603615221,0.2480736234375,0.0223887003454561,0.0243150769079561,0.25
Kumar2024,CSPGP,8,2,119,2,0.602824858757062,0.899431699821981,0.257446433298319,0.0271525741000682,0.0196884866812771,0.249982345879528
Kumar2024,CSPGP,8,3,118,2,0.556752873563218,0.916128550100124,0.259839528601695,0.0225937923894436,0.0126824453447725,0.249928181557024
Kumar2024,CSPGP,8,4,119,2,0.521327683615819,0.864248509166531,0.281251131302521,0.040547873255116,0.00927908783212328,0.249982345879528
Kumar2024,CSPGP,8,5,119,2,0.519350282485876,0.905374677450465,0.275494608193277,0.0407571689137681,0.015244906600019,0.249982345879528
Kumar2024,CSPLDA,1,0,160,2,0.56640625,0.984946875810699,0.246462559329624,0.0117925158314554,0.0153299565018315,0.25
Kumar2024,CSPLDA,1,1,157,2,0.666504381694255,0.99220914186528,0.238196593905492,0.0200834357418521,0.0318766994370737,0.249989857600714
Kumar2024,CSPLDA,1,2,120,2,0.488888888888889,0.979337407357616,0.264052921795236,0.0235371875295018,0.00948426573426572,0.25
Kumar2024,CSPLDA,1,3,120,2,0.411388888888889,0.978816201820428,0.272961748136206,0.0230488258094909,8.70776732845857e-05,0.25
Kumar2024,CSPLDA,1,4,118,2,0.507325481183568,0.984453220881301,0.25375874753417,0.0114685290957834,0.00770978156161317,0.25
Kumar2024,CSPLDA,1,5,120,2,0.508888888888889,0.984842824049639,0.255676388153077,0.0111435732597103,0.00546718510663366,0.25
Kumar2024,CSPLDA,11,0,160,2,0.836875,0.984142237687475,0.216683377254304,0.0655253862801369,0.0988420090258326,0.25
Kumar2024,CSPLDA,11,1,158,2,0.814423076923077,0.974566246439393,0.226315240590559,0.0673222495285062,0.0909669512548835,0.249959942316936
Kumar2024,CSPLDA,11,2,120,2,0.752222222222222,0.984375263339528,0.227767163250524,0.0450458567792179,0.0672786935286935,0.25
Kumar2024,CSPLDA,11,3,117,2,0.689362945645821,0.988743098102831,0.240642956258514,0.0315977319355114,0.0409365128382222,0.249981737161224
Kumar2024,CSPLDA,11,4,120,2,0.743888888888889,0.977681893352563,0.240447233783567,0.0568130346493679,0.0663658008658009,0.25
Kumar2024,CSPLDA,11,5,120,2,0.761944444444444,0.988239456534842,0.228606993909191,0.0539021972177872,0.0752952033085962,0.25
Kumar2024,CSPLDA,12,0,160,2,0.49265625,0.962872207193385,0.262992328359425,0.0181987082438443,0.0052063798844196,0.25
Kumar2024,CSPLDA,12,1,160,2,0.47515625,0.979802593199306,0.261771605961294,0.0133366716427393,0.00156506568144499,0.25
Kumar2024,CSPLDA,12,2,120,2,0.488611111111111,0.980524284826244,0.258285019629003,0.0138541534120555,0.00556913378305268,0.25
Kumar2024,CSPLDA,12,3,118,2,0.392990519965527,0.980500649840711,0.27106360614358,0.0217882438247391,0.000724637681159407,0.25
Kumar2024,CSPLDA,12,4,119,2,0.491242937853107,0.969107393541584,0.260916922839948,0.0161536756357481,0.00521909867532808,0.249982345879528
Kumar2024,CSPLDA,12,5,117,2,0.416715371127995,0.983571211441593,0.269215320839182,0.0192628042199984,2.92205420410474e-05,0.249981737161224
Kumar2024,CSPLDA,14,0,80,2,0.540625,0.995557645627897,0.248472017575329,0.0128073350356468,0.0143353174603174,0.25
Kumar2024,CSPLDA,14,1,80,2,0.6575,0.993641546437202,0.240061714387373,0.0467896555638434,0.0567279411764706,0.25
Kumar2024,CSPLDA,14,2,60,2,0.615555555555556,0.996614181532902,0.245851742977827,0.0249756147487576,0.0291238717709306,0.25
Kumar2024,CSPLDA,14,3,60,2,0.641111111111111,0.993893087097802,0.244861950696519,0.0306137622907219,0.0357518115942029,0.25
Kumar2024,CSPLDA,14,4,60,2,0.626666666666667,0.995035356341285,0.243613569136846,0.0342486335490845,0.0406350644122383,0.25
Kumar2024,CSPLDA,14,5,60,2,0.68,0.993193346783412,0.242924643639829,0.0428254372906228,0.0499007936507936,0.25
Kumar2024,CSPLDA,2,0,80,2,0.681875,0.981652402319318,0.233611425990076,0.0390316539103035,0.0554202279202279,0.25
Kumar2024,CSPLDA,2,1,80,2,0.741875,0.981232546628797,0.224010871759933,0.0398762563753172,0.0658653846153846,0.25
Kumar2024,CSPLDA,2,2,60,2,0.694444444444444,0.956861067715316,0.243984935853507,0.0495219913905628,0.0555370555370555,0.25
Kumar2024,CSPLDA,2,3,60,2,0.821111111111111,0.967790895367835,0.207871394900571,0.0583343578635339,0.100462962962963,0.25
Kumar2024,CSPLDA,2,4,60,2,0.78,0.98106329751404,0.223973595095107,0.0619619955835071,0.0879884004884005,0.25
Kumar2024,CSPLDA,2,5,60,2,0.488888888888889,0.973376248721386,0.263862790092002,0.0240337302629423,0.0101709401709402,0.25
Kumar2024,CSPLDA,3,0,160,2,0.50671875,0.992586973331448,0.251633123993598,0.00631835965036814,0.00468523565677031,0.25
Kumar2024,CSPLDA,3,1,159,2,0.520727848101266,0.99632850832202,0.248692528927969,0.00995863296136859,0.0112562151840662,0.249990111150667
Kumar2024,CSPLDA,3,2,120,2,0.720277777777778,0.996332339455874,0.238493386923931,0.0419163577671149,0.0534229708431836,0.25
Kumar2024,CSPLDA,3,3,118,2,0.66235632183908,0.997595862582482,0.243369916167048,0.0285034613808786,0.0350617267708545,0.249928181557024
Kumar2024,CSPLDA,3,4,120,2,0.679444444444444,0.995087708138852,0.240864543756336,0.0334919137657812,0.0426273700094455,0.25
Kumar2024,CSPLDA,3,5,118,2,0.765584602125826,0.995674680365095,0.238205166595076,0.0571068454989854,0.068901678903909,0.25
Kumar2024,CSPLDA,4,0,160,2,0.72390625,0.982770609412624,0.22492449180813,0.0302737872450778,0.0553492954369479,0.25
Kumar2024,CSPLDA,4,1,158,2,0.665278000320461,0.978671628764365,0.233757579212358,0.0224079134594322,0.0386503342470744,0.25
Kumar2024,CSPLDA,4,2,118,2,0.760700948003447,0.97551289244563,0.226503266016263,0.048467460014355,0.0719641939980923,0.25
Kumar2024,CSPLDA,4,3,119,2,0.678531073446328,0.98589041660011,0.233830131197684,0.0242223992160021,0.0403746138978467,0.249982345879528
Kumar2024,CSPLDA,4,4,118,2,0.700373455903476,0.971140089323741,0.233623543013001,0.0311397287333895,0.0475161857203887,0.25
Kumar2024,CSPLDA,4,5,118,2,0.772126436781609,0.96655948384505,0.214446092064696,0.0443849855629118,0.0798670750552394,0.249928181557024
Kumar2024,CSPLDA,5,0,160,2,0.59171875,0.980597344240028,0.243550371539706,0.0310789974939046,0.0375286259541985,0.25
Kumar2024,CSPLDA,5,1,160,2,0.64765625,0.992492535324156,0.242238549489845,0.0218892847839625,0.0296507352941177,0.25
Kumar2024,CSPLDA,5,2,119,2,0.687853107344633,0.990773146992638,0.240222266007292,0.0407118225238494,0.0504719023960857,0.249982345879528
Kumar2024,CSPLDA,5,3,119,2,0.733333333333333,0.969765164674955,0.242808115730321,0.0468798499416566,0.054054080090864,0.249982345879528
Kumar2024,CSPLDA,5,4,120,2,0.786388888888889,0.960916758797585,0.226955872186378,0.0713308721863782,0.094375,0.25
Kumar2024,CSPLDA,5,5,118,2,0.83764367816092,0.964816268265794,0.224885015678504,0.0929155800699858,0.117958745948505,0.249928181557024
Kumar2024,CSPLDA,6,0,160,2,0.59859375,0.931681591419234,0.252270001164789,0.0254185210099801,0.023148519845191,0.25
Kumar2024,CSPLDA,6,1,160,2,0.57796875,0.961012185555106,0.238411403678862,0.0231709082871571,0.0347595046082949,0.25
Kumar2024,CSPLDA,6,2,120,2,0.597222222222222,0.952554387959587,0.246818161503291,0.0381610054063761,0.0413428439030848,0.25
Kumar2024,CSPLDA,6,3,119,2,0.628813559322034,0.942812883387177,0.247734402728007,0.0350375057874129,0.0372854489389339,0.249982345879528
Kumar2024,CSPLDA,6,4,119,2,0.521468926553672,0.94941855945797,0.259760958654695,0.0290050363762814,0.0192264236011147,0.249982345879528
Kumar2024,CSPLDA,6,5,117,2,0.565166569257744,0.950076382077619,0.253386363500497,0.0243574236710575,0.020952797331785,0.249981737161224
Kumar2024,CSPLDA,8,0,160,2,0.65640625,0.922448049483336,0.241963630060529,0.0316082091500969,0.0396445790895679,0.25
Kumar2024,CSPLDA,8,1,160,2,0.6534375,0.962204839530629,0.23582461454792,0.0277219359764913,0.0418973214285714,0.25
Kumar2024,CSPLDA,8,2,119,2,0.598022598870056,0.934694065778568,0.250512329820233,0.0231904360277513,0.0226604520870463,0.249982345879528
Kumar2024,CSPLDA,8,3,118,2,0.60632183908046,0.962022788654009,0.233896744582361,0.0240310883691279,0.0400625253437907,0.249928181557024
Kumar2024,CSPLDA,8,4,119,2,0.588135593220339,0.916755558995807,0.251089012136216,0.0350821947362094,0.033975528479522,0.249982345879528
Kumar2024,CSPLDA,8,5,119,2,0.64406779661017,0.912755861821622,0.242054194235861,0.0319681085195237,0.0398962601631905,0.249982345879528
Kumar2024,CSPSVM,1,0,160,2,0.573671875,0.95940172433765,0.247814083619146,0.0230006813881745,0.0251865977690289,0.25
Kumar2024,CSPSVM,1,1,157,2,0.694904251866277,0.973725709074229,0.230871133169201,0.0209158731864869,0.0400345976179996,0.249989857600714
Kumar2024,CSPSVM,1,2,120,2,0.633611111111111,0.974143592776079,0.240061355370205,0.016313719436399,0.0262523640661939,0.25
Kumar2024,CSPSVM,1,3,120,2,0.547916666666667,0.970377298394254,0.251385486801486,0.0165098951855292,0.0151244083840432,0.25
Kumar2024,CSPSVM,1,4,118,2,0.62424590634875,0.97369889862257,0.240389133075806,0.0172452158202584,0.0268560827444521,0.25
Kumar2024,CSPSVM,1,5,120,2,0.583888888888889,0.965988377926584,0.249534694233209,0.0156682520334337,0.0161335578002245,0.25
Kumar2024,CSPSVM,11,0,160,2,0.79921875,0.963369850229969,0.219584882709206,0.0538891329180619,0.0843042502088555,0.25
Kumar2024,CSPSVM,11,1,158,2,0.879567307692308,0.965244671461671,0.206635908996659,0.0789870576136301,0.122311090933908,0.249959942316936
Kumar2024,CSPSVM,11,2,120,2,0.792222222222222,0.97344630347705,0.212646840833915,0.0503254122624864,0.0876785714285714,0.25
Kumar2024,CSPSVM,11,3,117,2,0.785797779076563,0.960746595950728,0.228430695710687,0.0649411988878568,0.0864922403383941,0.249981737161224
Kumar2024,CSPSVM,11,4,120,2,0.836527777777778,0.972697056127758,0.206556643616064,0.0636399769493977,0.107083333333333,0.25
Kumar2024,CSPSVM,11,5,120,2,0.776111111111111,0.980591513395894,0.222123388500928,0.0468790331830429,0.0747556446821153,0.25
Kumar2024,CSPSVM,12,0,160,2,0.47046875,0.92908852887831,0.279140768165449,0.0316025122657437,0.00246174410029498,0.25
Kumar2024,CSPSVM,12,1,160,2,0.52,0.929953020128553,0.270837966581514,0.0259572847633318,0.00511931818181821,0.25
Kumar2024,CSPSVM,12,2,120,2,0.467916666666667,0.961975121770422,0.273662405133612,0.0251294566006637,0.00146705146705148,0.25
Kumar2024,CSPSVM,12,3,118,2,0.423728813559322,0.940707850233339,0.287046900390545,0.0382538854958353,0.00120698510529019,0.25
Kumar2024,CSPSVM,12,4,119,2,0.487429378531073,0.929739889388025,0.275652520239742,0.0314584789868773,0.00578830462666349,0.249982345879528
Kumar2024,CSPSVM,12,5,117,2,0.414815897136178,0.958705890792384,0.28281199799567,0.0392972281651104,0.00646696733066504,0.249981737161224
Kumar2024,CSPSVM,14,0,80,2,0.545,0.980640936163627,0.24809237824687,0.0201318519310805,0.0220394736842105,0.25
Kumar2024,CSPSVM,14,1,80,2,0.718125,0.976341015749218,0.227092246921631,0.0423910684704521,0.0652988215488215,0.25
Kumar2024,CSPSVM,14,2,60,2,0.555555555555556,0.977620695158859,0.25062072067783,0.0172059872630968,0.0165852665852666,0.25
Kumar2024,CSPSVM,14,3,60,2,0.677777777777778,0.955244783209181,0.246296341280303,0.0452469585642536,0.0489506172839506,0.25
Kumar2024,CSPSVM,14,4,60,2,0.664444444444444,0.967461964966214,0.241783257062784,0.0390054792850061,0.0472222222222222,0.25
Kumar2024,CSPSVM,14,5,60,2,0.665555555555556,0.978875542572363,0.242221187552012,0.0317979071287315,0.0395767195767196,0.25
Kumar2024,CSPSVM,2,0,80,2,0.5975,0.931431569990808,0.251565714470893,0.0237907290396573,0.0222250145687646,0.25
Kumar2024,CSPSVM,2,1,80,2,0.7375,0.940904276416626,0.210088103595601,0.038897335621745,0.0788092320261438,0.25
Kumar2024,CSPSVM,2,2,60,2,0.76,0.952629125827232,0.215638218410244,0.0522397601433645,0.0866015417331207,0.25
Kumar2024,CSPSVM,2,3,60,2,0.773333333333333,0.946456386243008,0.200422717205679,0.0410479983572759,0.0906252811515969,0.25
Kumar2024,CSPSVM,2,4,60,2,0.846666666666667,0.948668031159194,0.190874189124459,0.0599625082127785,0.119088319088319,0.25
Kumar2024,CSPSVM,2,5,60,2,0.587777777777778,0.957092193603437,0.241123227261864,0.0355166096148049,0.0443933823529412,0.25
Kumar2024,CSPSVM,3,0,160,2,0.53796875,0.986979108565512,0.251261742705018,0.0111913963846721,0.00992965367965368,0.25
Kumar2024,CSPSVM,3,1,159,2,0.525158227848101,0.989827229658055,0.250202657479157,0.0105117157904348,0.0102991694619446,0.249990111150667
Kumar2024,CSPSVM,3,2,120,2,0.73,0.989385756687321,0.233307103930185,0.0384173332070807,0.0551102292768959,0.25
Kumar2024,CSPSVM,3,3,118,2,0.674712643678161,0.991204798012504,0.238047083840716,0.024582700717508,0.0364637984338155,0.249928181557024
Kumar2024,CSPSVM,3,4,120,2,0.7225,0.990668341004454,0.231783163321286,0.0336074559268282,0.0518242926055426,0.25
Kumar2024,CSPSVM,3,5,118,2,0.716317150244183,0.992209303373826,0.23372250114987,0.038383518099023,0.0546610169491525,0.25
Kumar2024,CSPSVM,4,0,160,2,0.659296875,0.95427945238386,0.228915845354248,0.0172670073789435,0.0383511620246959,0.25
Kumar2024,CSPSVM,4,1,158,2,0.659910270789937,0.938661512781683,0.231574966550126,0.0202514272202571,0.0386764606701315,0.25
Kumar2024,CSPSVM,4,2,118,2,0.778224648089629,0.952739291373034,0.204898557278563,0.0274785363984618,0.0725799791198989,0.25
Kumar2024,CSPSVM,4,3,119,2,0.629378531073446,0.951462265515901,0.237438928032147,0.0175162840519544,0.0300597018993356,0.249982345879528
Kumar2024,CSPSVM,4,4,118,2,0.679402470554438,0.951694421289798,0.234352958536997,0.0245369873472525,0.0401840288102554,0.25
Kumar2024,CSPSVM,4,5,118,2,0.791954022988506,0.934020076212816,0.196286148930826,0.0255949756972802,0.0792370083234777,0.249928181557024
Kumar2024,CSPSVM,5,0,160,2,0.6321875,0.920939631127831,0.254081815443739,0.0297347198383157,0.0256529043945769,0.25
Kumar2024,CSPSVM,5,1,160,2,0.605625,0.936763144179451,0.252656504612695,0.028888948856215,0.0262324442435202,0.25
Kumar2024,CSPSVM,5,2,119,2,0.552542372881356,0.964765142714767,0.250040924963449,0.0236678267045379,0.0236092476206169,0.249982345879528
Kumar2024,CSPSVM,5,3,119,2,0.574858757062147,0.925331409084675,0.262330501840664,0.0472868064598901,0.0349386504987542,0.249982345879528
Kumar2024,CSPSVM,5,4,120,2,0.731666666666667,0.957606928263238,0.222134383445539,0.0338241982603534,0.0616898148148148,0.25
Kumar2024,CSPSVM,5,5,118,2,0.619827586206897,0.924087282866448,0.250995772293019,0.0352387891631549,0.0341711984271594,0.249928181557024
Kumar2024,CSPSVM,6,0,160,2,0.55625,0.907856814250999,0.275643586404955,0.0379268852413842,0.0122832988364287,0.25
Kumar2024,CSPSVM,6,1,160,2,0.5565625,0.914542977095486,0.261955860962826,0.0403033236852883,0.0283474627224627,0.25
Kumar2024,CSPSVM,6,2,120,2,0.603611111111111,0.899499085882089,0.274499112290988,0.0534319543672128,0.0289328420762244,0.25
Kumar2024,CSPSVM,6,3,119,2,0.53954802259887,0.909509250236006,0.275876161718407,0.040205422834618,0.0143116069957395,0.249982345879528
Kumar2024,CSPSVM,6,4,119,2,0.557909604519774,0.914359436274773,0.27143649921399,0.0358766897046002,0.014422536370139,0.249982345879528
Kumar2024,CSPSVM,6,5,117,2,0.495908825248393,0.915805088560321,0.274860226802565,0.0297220553823428,0.00484356574100164,0.249981737161224
Kumar2024,CSPSVM,8,0,160,2,0.63921875,0.925738571887691,0.240627047394509,0.0290932309693887,0.0384661835748792,0.25
Kumar2024,CSPSVM,8,1,160,2,0.63453125,0.942896658296226,0.239933830124124,0.0139053747527411,0.023971544628617,0.25
Kumar2024,CSPSVM,8,2,119,2,0.614971751412429,0.92799980084101,0.247098997255791,0.0188429889701233,0.0217263375938611,0.249982345879528
Kumar2024,CSPSVM,8,3,118,2,0.58735632183908,0.936395117047001,0.248855871361053,0.0171056956926322,0.0181780058886029,0.249928181557024
Kumar2024,CSPSVM,8,4,119,2,0.534463276836158,0.901502814521586,0.268785899618147,0.0302218073145585,0.0114182535759402,0.249982345879528
Kumar2024,CSPSVM,8,5,119,2,0.530790960451977,0.925996866618021,0.264735198545693,0.0339790580952988,0.019226205429134,0.249982345879528
Kumar2024,DCNN,1,0,160,2,0.5596875,0.954559758973193,0.254506589663634,0.0150953540195215,0.0105887643558877,0.25
Kumar2024,DCNN,1,1,157,2,0.792924375202856,0.936868700497039,0.20992720555847,0.0385929960077,0.078655648049944,0.249989857600714
Kumar2024,DCNN,1,2,120,2,0.635,0.953645198963433,0.246874229677901,0.0316511015515472,0.0347768718736461,0.25
Kumar2024,DCNN,1,3,120,2,0.566111111111111,0.947628122497647,0.254482230192283,0.027513077751432,0.0230308475591494,0.25
Kumar2024,DCNN,1,4,118,2,0.562482045389256,0.918784609963069,0.266808549936132,0.0295447828637268,0.0127362329275943,0.25
Kumar2024,DCNN,1,5,120,2,0.668333333333333,0.941593474974186,0.231385837345694,0.0171170231382398,0.0357311857925462,0.25
Kumar2024,DCNN,11,0,160,2,0.92875,0.805661689820799,0.127567880744185,0.033614325847425,0.15604644510324,0.25
Kumar2024,DCNN,11,1,158,2,0.908814102564103,0.853322008055621,0.145624337014666,0.0458848535726504,0.150220458874921,0.249959942316936
Kumar2024,DCNN,11,2,120,2,0.878611111111111,0.872353343123276,0.160277926672805,0.0352047550778946,0.124926828405089,0.25
Kumar2024,DCNN,11,3,117,2,0.893045002922268,0.862113141332636,0.155978206385376,0.0438089622763325,0.137812493052181,0.249981737161224
Kumar2024,DCNN,11,4,120,2,0.912777777777778,0.90453590749801,0.156059526208386,0.0514532392491582,0.145393713040772,0.25
Kumar2024,DCNN,11,5,120,2,0.905555555555556,0.872138834686946,0.152328855128441,0.041529862454448,0.139201007326007,0.25
Kumar2024,DCNN,12,0,160,2,0.55953125,0.908098488018768,0.266378023231562,0.0307642448962027,0.0143862216646412,0.25
Kumar2024,DCNN,12,1,160,2,0.6075,0.911917148684501,0.247301520753968,0.0195974743624668,0.0222959536084985,0.25
Kumar2024,DCNN,12,2,120,2,0.642222222222222,0.927314805275277,0.241490836575073,0.0232643268140807,0.0317734902390075,0.25
Kumar2024,DCNN,12,3,118,2,0.584314852054007,0.942738536409035,0.250484703701846,0.0131781709192414,0.0126934672173954,0.25
Kumar2024,DCNN,12,4,119,2,0.574011299435028,0.940240273651136,0.25318607537438,0.0180107375707568,0.0148070080759051,0.249982345879528
Kumar2024,DCNN,12,5,117,2,0.533898305084746,0.93800278086756,0.262841581798463,0.0240987342320862,0.0112388895948473,0.249981737161224
Kumar2024,DCNN,14,0,80,2,0.4875,0.907912696460816,0.281317774089553,0.0460308388026179,0.0147130647130647,0.25
Kumar2024,DCNN,14,1,80,2,0.675,0.910733705826094,0.227762568406395,0.0333651054042812,0.0556025369978859,0.25
Kumar2024,DCNN,14,2,60,2,0.665555555555556,0.936243763719479,0.235785136412377,0.0352692633965043,0.049484126984127,0.25
Kumar2024,DCNN,14,3,60,2,0.73,0.90598863072154,0.206345689788452,0.0309872668493841,0.0746415770609319,0.25
Kumar2024,DCNN,14,4,60,2,0.774444444444444,0.901326122994865,0.198112751942981,0.0251582064884352,0.0770454545454546,0.25
Kumar2024,DCNN,14,5,60,2,0.768888888888889,0.901265328140765,0.203105538625709,0.0330170160371867,0.0799114774114774,0.25
Kumar2024,DCNN,2,0,80,2,0.72,0.79672973737527,0.236708867349948,0.043696046837127,0.0569871794871795,0.25
Kumar2024,DCNN,2,1,80,2,0.90375,0.852461915746827,0.151958338129739,0.0480452946514782,0.146086956521739,0.25
Kumar2024,DCNN,2,2,60,2,0.974444444444444,0.81629800281955,0.119047808217231,0.0805629597323827,0.211515151515152,0.25
Kumar2024,DCNN,2,3,60,2,0.902222222222222,0.815917953825875,0.141594486954657,0.0374593859445563,0.145864898989899,0.25
Kumar2024,DCNN,2,4,60,2,0.936666666666667,0.842047311674227,0.13638198192776,0.049979865525644,0.163597883597884,0.25
Kumar2024,DCNN,2,5,60,2,0.935555555555556,0.894674261044728,0.150962752594572,0.0664389430707624,0.16547619047619,0.25
Kumar2024,DCNN,3,0,160,2,0.62921875,0.936771100222278,0.242182885913315,0.0145881343107508,0.0224052483974359,0.25
Kumar2024,DCNN,3,1,159,2,0.678955696202532,0.902890506986393,0.226733262378937,0.0211821749309237,0.0444390237026529,0.249990111150667
Kumar2024,DCNN,3,2,120,2,0.8325,0.915151937134972,0.186827047989653,0.0337651793027844,0.0969381313131313,0.25
Kumar2024,DCNN,3,3,118,2,0.792816091954023,0.920142092446578,0.196129322238153,0.0360628184528053,0.0898616777716766,0.249928181557024
Kumar2024,DCNN,3,4,120,2,0.759444444444444,0.900586341477122,0.207641511447996,0.0385248223195148,0.0808833108715184,0.25
Kumar2024,DCNN,3,5,118,2,0.750646365986785,0.933318932400848,0.219124894666496,0.0388964707428645,0.0697715760763686,0.25
Kumar2024,DCNN,4,0,160,2,0.69125,0.947658870249978,0.225798749789625,0.0172877573142707,0.0414890075246456,0.25
Kumar2024,DCNN,4,1,158,2,0.710302836083961,0.942843682588222,0.212846713411969,0.0247414291041528,0.061894715692184,0.25
Kumar2024,DCNN,4,2,118,2,0.763286411950589,0.9481242913026,0.205528154285052,0.0306476823929829,0.0751195281079313,0.25
Kumar2024,DCNN,4,3,119,2,0.698305084745763,0.932165738233369,0.213818856984012,0.028336206212261,0.0644996951077768,0.249982345879528
Kumar2024,DCNN,4,4,118,2,0.771042803792014,0.939535181540256,0.198810228261877,0.0285244796313759,0.0797142513694984,0.25
Kumar2024,DCNN,4,5,118,2,0.785344827586207,0.93976081737062,0.19799116253536,0.0404228764027666,0.0923598954244306,0.249928181557024
Kumar2024,DCNN,5,0,160,2,0.7265625,0.909116994617437,0.226057835241583,0.0338062250515745,0.0577483898099913,0.25
Kumar2024,DCNN,5,1,160,2,0.65109375,0.885015094651041,0.234045578383983,0.035105812110501,0.0510602337265182,0.25
Kumar2024,DCNN,5,2,119,2,0.799152542372881,0.870114876349265,0.20177345070981,0.0534891369843194,0.101698032154038,0.249982345879528
Kumar2024,DCNN,5,3,119,2,0.87090395480226,0.870904285770596,0.182943078771078,0.0652198944209373,0.132259161529388,0.249982345879528
Kumar2024,DCNN,5,4,120,2,0.880833333333333,0.840013015164578,0.18326988989289,0.0691358238849579,0.135865933992068,0.25
Kumar2024,DCNN,5,5,118,2,0.895689655172414,0.804985276130493,0.172126385168458,0.0637794539125363,0.141581250301102,0.249928181557024
Kumar2024,DCNN,6,0,160,2,0.69421875,0.873358501178635,0.22195879601945,0.0293588942834525,0.0574000982640026,0.25
Kumar2024,DCNN,6,1,160,2,0.74578125,0.902225621888257,0.207652967999173,0.0222847361950579,0.0646317681958846,0.25
Kumar2024,DCNN,6,2,120,2,0.642777777777778,0.867392410408232,0.222614495477011,0.0251528751699739,0.0525383796929624,0.25
Kumar2024,DCNN,6,3,119,2,0.68954802259887,0.809353820100172,0.213823288359127,0.0373527001238333,0.0735117576442342,0.249982345879528
Kumar2024,DCNN,6,4,119,2,0.607627118644068,0.896425677987285,0.246393931426476,0.0347355131184414,0.0383239275714935,0.249982345879528
Kumar2024,DCNN,6,5,117,2,0.614845119812975,0.889290099055247,0.236541178805397,0.0239184327257466,0.0373589910815737,0.249981737161224
Kumar2024,DCNN,8,0,160,2,0.70578125,0.93947791004152,0.219466939245719,0.0154952819024587,0.0460283426567394,0.25
Kumar2024,DCNN,8,1,160,2,0.73234375,0.962267684789525,0.2175866946297,0.0211914564138094,0.0536047617841096,0.25
Kumar2024,DCNN,8,2,119,2,0.74774011299435,0.936057498940819,0.216920354761243,0.0295788884815144,0.0626408795997994,0.249982345879528
Kumar2024,DCNN,8,3,118,2,0.714367816091954,0.938196531379777,0.218780636877975,0.020103847110425,0.0512513917894741,0.249928181557024
Kumar2024,DCNN,8,4,119,2,0.683898305084746,0.94326790670105,0.228116953921442,0.0203366488169441,0.0422020407750303,0.249982345879528
Kumar2024,DCNN,8,5,119,2,0.792937853107345,0.941327443207041,0.20301478599963,0.0380161494392407,0.0849837093191395,0.249982345879528
Kumar2024,SCNN,1,0,160,2,0.5540625,0.932964382507726,0.264269409611876,0.0216867376542035,0.00741732804232803,0.25
Kumar2024,SCNN,1,1,157,2,0.772963323596235,0.961238124355003,0.218082378296328,0.0404817801341575,0.0723892594385438,0.249989857600714
Kumar2024,SCNN,1,2,120,2,0.678611111111111,0.96437257165352,0.24546662692464,0.0477142018805479,0.0522475749559083,0.25
Kumar2024,SCNN,1,3,120,2,0.596388888888889,0.945568584172014,0.253980244311828,0.0324554931684327,0.0284752488566048,0.25
Kumar2024,SCNN,1,4,118,2,0.616202240735421,0.940786312191917,0.247837786513905,0.0202657748205732,0.0224279883066681,0.25
Kumar2024,SCNN,1,5,120,2,0.711111111111111,0.943874313623711,0.228364988296597,0.0265307731290489,0.0481657848324515,0.25
Kumar2024,SCNN,11,0,160,2,0.89421875,0.751271202355048,0.148951885067026,0.0307574406225812,0.131805555555556,0.25
Kumar2024,SCNN,11,1,158,2,0.880288461538462,0.775507908228883,0.16275716329782,0.0415502733688531,0.128753052387969,0.249959942316936
Kumar2024,SCNN,11,2,120,2,0.857777777777778,0.812353522666535,0.169132326135619,0.0323167818400979,0.113184455704479,0.25
Kumar2024,SCNN,11,3,117,2,0.853886616014027,0.80274627007201,0.179827055514204,0.0422989783179516,0.112453659964972,0.249981737161224
Kumar2024,SCNN,11,4,120,2,0.868333333333333,0.87478835579693,0.164420763125247,0.0348439904970039,0.120423227371757,0.25
Kumar2024,SCNN,11,5,120,2,0.914722222222222,0.799486824818096,0.153630398180488,0.0514139629953028,0.147783564814815,0.25
Kumar2024,SCNN,12,0,160,2,0.63640625,0.887572500883638,0.250123691427626,0.0304512190560614,0.0303275276284349,0.25
Kumar2024,SCNN,12,1,160,2,0.6065625,0.897157669062684,0.255574739009236,0.0323729999802912,0.0267982609710551,0.25
Kumar2024,SCNN,12,2,120,2,0.614444444444444,0.923103499901468,0.250264398775114,0.0276389917747075,0.027374592999593,0.25
Kumar2024,SCNN,12,3,118,2,0.496696351623097,0.912129428589384,0.276812875818859,0.036891454955713,0.0100785791368538,0.25
Kumar2024,SCNN,12,4,119,2,0.533333333333333,0.899415114198682,0.27318656275786,0.038603454744481,0.0153992378661492,0.249982345879528
Kumar2024,SCNN,12,5,117,2,0.472822910578609,0.927208033473672,0.282284039835994,0.0354770491484059,0.00317474647363664,0.249981737161224
Kumar2024,SCNN,14,0,80,2,0.525625,0.939812760056082,0.26000867488358,0.029891916641822,0.0198832417582417,0.25
Kumar2024,SCNN,14,1,80,2,0.679375,0.923414112458775,0.2315497667079,0.0347636894721276,0.0532139227642276,0.25
Kumar2024,SCNN,14,2,60,2,0.66,0.953216770314742,0.23481215661868,0.0250069618134848,0.0401948051948052,0.25
Kumar2024,SCNN,14,3,60,2,0.765555555555556,0.937952859642268,0.20273402098402,0.0336125542154946,0.0808785332314744,0.25
Kumar2024,SCNN,14,4,60,2,0.737777777777778,0.914617473505735,0.213764852334167,0.027954667148982,0.0641898148148148,0.25
Kumar2024,SCNN,14,5,60,2,0.78,0.93041068990788,0.206929599246943,0.0448694140617573,0.0879398148148148,0.25
Kumar2024,SCNN,2,0,80,2,0.71375,0.765258809776135,0.243456547061556,0.0459565470615556,0.0525,0.25
Kumar2024,SCNN,2,1,80,2,0.893125,0.788739537272994,0.153689643711283,0.0462902184239267,0.142600574712644,0.25
Kumar2024,SCNN,2,2,60,2,0.97,0.751651286420312,0.108658461528649,0.0618402797104675,0.203181818181818,0.25
Kumar2024,SCNN,2,3,60,2,0.884444444444444,0.735678262244682,0.145768030564129,0.0469694957655947,0.151201465201465,0.25
Kumar2024,SCNN,2,4,60,2,0.932222222222222,0.772676769756502,0.135347067400615,0.0511010356545831,0.165753968253968,0.25
Kumar2024,SCNN,2,5,60,2,0.881111111111111,0.824900957624758,0.165907310297482,0.054827764842937,0.138920454545455,0.25
Kumar2024,SCNN,3,0,160,2,0.58109375,0.885949792383846,0.263766289844416,0.0300309014582928,0.0162646116138763,0.25
Kumar2024,SCNN,3,1,159,2,0.69873417721519,0.861599875917756,0.239105054129254,0.0406831976724657,0.0515682546938781,0.249990111150667
Kumar2024,SCNN,3,2,120,2,0.8025,0.871864460176859,0.205665300441975,0.0403891190882072,0.0847238186462325,0.25
Kumar2024,SCNN,3,3,118,2,0.78764367816092,0.83931411281288,0.227589945992591,0.0656317350125626,0.0879699705769953,0.249928181557024
Kumar2024,SCNN,3,4,120,2,0.75,0.850718675313558,0.218571235506996,0.0421973778831385,0.0736261423761424,0.25
Kumar2024,SCNN,3,5,118,2,0.731973570812985,0.926216250592411,0.217016776249297,0.0287203449030257,0.0617035686537284,0.25
Kumar2024,SCNN,4,0,160,2,0.69734375,0.930175522841558,0.22330574729737,0.0173724006732337,0.0440666533758639,0.25
Kumar2024,SCNN,4,1,158,2,0.69764460823586,0.940531688745728,0.213979204920216,0.0286575043182259,0.06467829939801,0.25
Kumar2024,SCNN,4,2,118,2,0.824475725366274,0.950934062064943,0.196833715025575,0.0401090837246723,0.0932753686990975,0.25
Kumar2024,SCNN,4,3,119,2,0.785593220338983,0.920431963297063,0.198159456747196,0.0363688953509378,0.0881917844832696,0.249982345879528
Kumar2024,SCNN,4,4,118,2,0.793737431772479,0.943021114801927,0.197933034269391,0.0387935695466762,0.090860535277285,0.25
Kumar2024,SCNN,4,5,118,2,0.805747126436782,0.948819212476702,0.196232713606421,0.0403222398993373,0.09401770784994,0.249928181557024
Kumar2024,SCNN,5,0,160,2,0.7559375,0.901255726643268,0.22416982267035,0.0449079989677366,0.0707381762973868,0.25
Kumar2024,SCNN,5,1,160,2,0.68453125,0.890117717845288,0.225659641159196,0.0180616019435099,0.0424019607843137,0.25
Kumar2024,SCNN,5,2,119,2,0.84774011299435,0.846734821349588,0.1868341458632,0.0593292977701168,0.122477497786445,0.249982345879528
Kumar2024,SCNN,5,3,119,2,0.9,0.804506001246017,0.173564273365218,0.0718847838730064,0.148302856387316,0.249982345879528
Kumar2024,SCNN,5,4,120,2,0.884722222222222,0.747664147208462,0.181282382479679,0.0770339398653823,0.145751557385704,0.25
Kumar2024,SCNN,5,5,118,2,0.908908045977011,0.724810223897561,0.169189826493075,0.0863512414558967,0.167089596519846,0.249928181557024
Kumar2024,SCNN,6,0,160,2,0.679375,0.852605274688013,0.23188216942211,0.0238031650931062,0.0419209956709957,0.25
Kumar2024,SCNN,6,1,160,2,0.7684375,0.901185764243389,0.199649834715551,0.0208459852085768,0.0711961504930255,0.25
Kumar2024,SCNN,6,2,120,2,0.698611111111111,0.881971842014166,0.214185519631524,0.0214071296406516,0.0572216100091275,0.25
Kumar2024,SCNN,6,3,119,2,0.718361581920904,0.803644883325993,0.214479617386017,0.0448504754066444,0.0803532039001559,0.249982345879528
Kumar2024,SCNN,6,4,119,2,0.603672316384181,0.896401665772573,0.246320779089908,0.0251371365507663,0.028798703340387,0.249982345879528
Kumar2024,SCNN,6,5,117,2,0.568088836937463,0.863187351109256,0.258567700119887,0.03186847342066,0.0232825104619976,0.249981737161224
Kumar2024,SCNN,8,0,160,2,0.80171875,0.928612746983296,0.200180312284565,0.0339527525413803,0.0837724402568152,0.25
Kumar2024,SCNN,8,1,160,2,0.7371875,0.960320691793694,0.216776648781299,0.0267499537394827,0.059973304958184,0.25
Kumar2024,SCNN,8,2,119,2,0.741242937853107,0.896942130237184,0.217995930523491,0.0312787511592524,0.0632651665152901,0.249982345879528
Kumar2024,SCNN,8,3,118,2,0.642528735632184,0.908274203650866,0.241559424303478,0.0225313405617769,0.0309000978153223,0.249928181557024
Kumar2024,SCNN,8,4,119,2,0.67909604519774,0.913882849652672,0.228576532775226,0.016800434776218,0.0382062478805201,0.249982345879528
Kumar2024,SCNN,8,5,119,2,0.782203389830509,0.913962765072941,0.202901377025499,0.0452704299098108,0.0923513987638399,0.249982345879528
Kumar2024,TSBLR,1,0,160,2,0.57234375,0.89858330912805,0.2657314828125,0.0249041286853652,0.00917264587286526,0.25
Kumar2024,TSBLR,1,1,157,2,0.69620253164557,0.889065693172735,0.229046661226115,0.0196872996877387,0.0406304960623381,0.249989857600714
Kumar2024,TSBLR,1,2,120,2,0.590694444444444,0.867679516451881,0.263030138020833,0.0329469137515625,0.0199167757307292,0.25
Kumar2024,TSBLR,1,3,120,2,0.53125,0.882154585210549,0.277317358854167,0.0333337225146406,0.00601636366047392,0.25
Kumar2024,TSBLR,1,4,118,2,0.521545532892847,0.922484181222802,0.272723342690678,0.0320120929628733,0.00928875027219528,0.25
Kumar2024,TSBLR,1,5,120,2,0.510972222222222,0.91624984168278,0.27674119375,0.0334566206615053,0.00671542691150534,0.25
Kumar2024,TSBLR,11,0,160,2,0.85546875,0.754774700707276,0.174298815625,0.0312578273258595,0.10695901170086,0.25
Kumar2024,TSBLR,11,1,158,2,0.852724358974359,0.77913501407319,0.180157962025316,0.0393962572432484,0.109198237534868,0.249959942316936
Kumar2024,TSBLR,11,2,120,2,0.8175,0.832683635907363,0.190774090625,0.0359158670167764,0.0951417763917764,0.25
Kumar2024,TSBLR,11,3,117,2,0.76125073056692,0.820847781670459,0.205384446047009,0.0343657449001023,0.078963036014318,0.249981737161224
Kumar2024,TSBLR,11,4,120,2,0.829166666666667,0.878838611361503,0.1772486890625,0.0299333481534091,0.102684659090909,0.25
Kumar2024,TSBLR,11,5,120,2,0.887777777777778,0.858788910213492,0.177709772916667,0.057906451238345,0.130196678321678,0.25
Kumar2024,TSBLR,12,0,160,2,0.6515625,0.859009000127472,0.2449136734375,0.0247500131457971,0.0298363397082971,0.25
Kumar2024,TSBLR,12,1,160,2,0.505625,0.82036661549262,0.303861694921875,0.0584326779656153,0.00457098304374032,0.25
Kumar2024,TSBLR,12,2,120,2,0.444722222222222,0.846376139642918,0.3261800140625,0.0824567234642094,0.00627670940170941,0.25
Kumar2024,TSBLR,12,3,118,2,0.384515943694341,0.864927213254359,0.333379475105932,0.0855165421656227,0.0021370670596905,0.25
Kumar2024,TSBLR,12,4,119,2,0.382203389830508,0.857334085700368,0.343397933823529,0.0934155879440011,0,0.249982345879528
Kumar2024,TSBLR,12,5,117,2,0.431911163062537,0.868656932500304,0.31895503525641,0.0754444306346945,0.00647113253950857,0.249981737161224
Kumar2024,TSBLR,14,0,80,2,0.5503125,0.913575496278576,0.26128452421875,0.0312994051711309,0.020014880952381,0.25
Kumar2024,TSBLR,14,1,80,2,0.72625,0.895360643381906,0.222145803125,0.0431706948998918,0.0710248917748918,0.25
Kumar2024,TSBLR,14,2,60,2,0.662222222222222,0.932587265832338,0.23531360625,0.029526569212963,0.044212962962963,0.25
Kumar2024,TSBLR,14,3,60,2,0.762777777777778,0.920183534497839,0.2186573125,0.0442227886904762,0.0755654761904762,0.25
Kumar2024,TSBLR,14,4,60,2,0.758333333333333,0.787333319742704,0.256540360416667,0.0803269904532967,0.07378663003663,0.25
Kumar2024,TSBLR,14,5,60,2,0.773888888888889,0.909137060474595,0.211022547916667,0.0569716219907407,0.0959490740740741,0.25
Kumar2024,TSBLR,2,0,80,2,0.6653125,0.853818894362904,0.2370228984375,0.0292103984375,0.0421875,0.25
Kumar2024,TSBLR,2,1,80,2,0.8021875,0.807578517133786,0.18151944140625,0.0233043012832151,0.0917848598769651,0.25
Kumar2024,TSBLR,2,2,60,2,0.862777777777778,0.840412060237506,0.162334621875,0.043584621875,0.13125,0.25
Kumar2024,TSBLR,2,3,60,2,0.94,0.770337107375738,0.115306682291667,0.0690735173085017,0.203766835016835,0.25
Kumar2024,TSBLR,2,4,60,2,0.955555555555556,0.77512296668806,0.114611429166667,0.0551669847222222,0.190555555555556,0.25
Kumar2024,TSBLR,2,5,60,2,0.771111111111111,0.889388749752286,0.197497821875,0.0240418334190115,0.0765440115440116,0.25
Kumar2024,TSBLR,3,0,160,2,0.5728125,0.929743349251576,0.251140711328125,0.0182599511684733,0.0171192398403484,0.25
Kumar2024,TSBLR,3,1,159,2,0.57871835443038,0.930455980783807,0.248975978773585,0.0190554799851616,0.0200696123622432,0.249990111150667
Kumar2024,TSBLR,3,2,120,2,0.714305555555556,0.932633928733169,0.223764634895833,0.0228155608217593,0.0490509259259259,0.25
Kumar2024,TSBLR,3,3,118,2,0.714798850574713,0.922145391144045,0.21678951059322,0.0407573506627553,0.0738960216265588,0.249928181557024
Kumar2024,TSBLR,3,4,120,2,0.74375,0.919294445208765,0.211795086979167,0.0370293873212256,0.0752343003420589,0.25
Kumar2024,TSBLR,3,5,118,2,0.753662740591784,0.923842018065795,0.212013,0.0273430324910495,0.0653300324910495,0.25
Kumar2024,TSBLR,4,0,160,2,0.753359375,0.8942451316031,0.203990408203125,0.0176298312800481,0.0636394230769231,0.25
Kumar2024,TSBLR,4,1,158,2,0.699727607755167,0.909860113356338,0.217966466376582,0.0170045415222524,0.0490380751456701,0.25
Kumar2024,TSBLR,4,2,118,2,0.787417408790577,0.904293055030137,0.190978126059322,0.0256482229116223,0.0846700968523003,0.25
Kumar2024,TSBLR,4,3,119,2,0.6795197740113,0.904106123537151,0.221394864495798,0.0260069191078529,0.0545944004915829,0.249982345879528
Kumar2024,TSBLR,4,4,118,2,0.763142775064637,0.910790688092242,0.209094069915254,0.03268841248191,0.0735943425666558,0.25
Kumar2024,TSBLR,4,5,118,2,0.831896551724138,0.907050562920213,0.184137651483051,0.0329685757377039,0.0987591058116769,0.249928181557024
Kumar2024,TSBLR,5,0,160,2,0.67578125,0.824298873094582,0.24778919375,0.0387445986392284,0.0409554048892284,0.25
Kumar2024,TSBLR,5,1,160,2,0.671796875,0.794556441109323,0.24529503125,0.0392094190002553,0.0439143877502553,0.25
Kumar2024,TSBLR,5,2,119,2,0.884745762711864,0.867878179815688,0.182773263655462,0.0615187012244292,0.128727783448495,0.249982345879528
Kumar2024,TSBLR,5,3,119,2,0.821327683615819,0.645356781421278,0.247052700630252,0.0996230794311231,0.102552724680399,0.249982345879528
Kumar2024,TSBLR,5,4,120,2,0.779166666666667,0.613811053968417,0.258576599479167,0.106393067062369,0.0978164675832019,0.25
Kumar2024,TSBLR,5,5,118,2,0.884770114942529,0.575600323588706,0.209337967161017,0.11649051367592,0.157080728071927,0.249928181557024
Kumar2024,TSBLR,6,0,160,2,0.665234375,0.852147095640282,0.235867273828125,0.0285913115657497,0.0427240377376247,0.25
Kumar2024,TSBLR,6,1,160,2,0.606328125,0.853052873102215,0.251826740234375,0.0396566013454861,0.0378298611111111,0.25
Kumar2024,TSBLR,6,2,120,2,0.588055555555556,0.859301331969995,0.256215402083333,0.0469950681536971,0.0407796660703637,0.25
Kumar2024,TSBLR,6,3,119,2,0.60635593220339,0.82112983003215,0.269630839810924,0.0468499092568846,0.0272014153254884,0.249982345879528
Kumar2024,TSBLR,6,4,119,2,0.504943502824859,0.793439675107314,0.306861829831933,0.0657201603982018,0.00884067644579734,0.249982345879528
Kumar2024,TSBLR,6,5,117,2,0.514611338398597,0.833980110245183,0.295537653846154,0.0626171021756022,0.0170611854906727,0.249981737161224
Kumar2024,TSBLR,8,0,160,2,0.83890625,0.891795065253514,0.193459239453125,0.0451059919041054,0.10164675245098,0.25
Kumar2024,TSBLR,8,1,160,2,0.76921875,0.947078139476229,0.21161098203125,0.0315822960486166,0.0699713140173666,0.25
Kumar2024,TSBLR,8,2,119,2,0.778672316384181,0.891894903865758,0.215935678571429,0.0458070210478131,0.0798536883559128,0.249982345879528
Kumar2024,TSBLR,8,3,118,2,0.740373563218391,0.941180630766063,0.210619758474576,0.0218639245271432,0.0611723476095908,0.249928181557024
Kumar2024,TSBLR,8,4,119,2,0.697881355932203,0.902854869890674,0.227667366596639,0.0272872145358143,0.049602193818704,0.249982345879528
Kumar2024,TSBLR,8,5,119,2,0.766949152542373,0.876918453239452,0.216473484243697,0.0366759511953904,0.0701848128312212,0.249982345879528
Kumar2024,TSGP,1,0,160,2,0.562734375,0.885463848082119,0.271165405078125,0.0291282274353287,0.00796282235720375,0.25
Kumar2024,TSGP,1,1,157,2,0.69831223628692,0.878890095859642,0.228885898487261,0.0236582416072175,0.0447622007206704,0.249989857600714
Kumar2024,TSGP,1,2,120,2,0.590833333333333,0.854578451413058,0.265095563541667,0.0329625058794328,0.0178669423377661,0.25
Kumar2024,TSGP,1,3,120,2,0.522638888888889,0.873223127433368,0.282794603125,0.037524373656401,0.00472977053140097,0.25
Kumar2024,TSGP,1,4,118,2,0.523843723068084,0.914469990462968,0.27416594279661,0.033720903645059,0.00955496084844881,0.25
Kumar2024,TSGP,1,5,120,2,0.504166666666667,0.910721722054505,0.2791977578125,0.0340151626299048,0.00481740481740481,0.25
Kumar2024,TSGP,11,0,160,2,0.85515625,0.744502639961824,0.175740215234375,0.036026622487694,0.110286407253319,0.25
Kumar2024,TSGP,11,1,158,2,0.85488782051282,0.772130877607059,0.179353507120253,0.0405187915158946,0.111125226712578,0.249959942316936
Kumar2024,TSGP,11,2,120,2,0.810833333333333,0.822507295987732,0.193058455729167,0.0337493586609233,0.0906909029317566,0.25
Kumar2024,TSGP,11,3,117,2,0.766510812390415,0.813310357500747,0.205376891559829,0.0328907176030668,0.0774955632044621,0.249981737161224
Kumar2024,TSGP,11,4,120,2,0.829722222222222,0.873086049603595,0.176835597395833,0.0293227589271125,0.102487161531279,0.25
Kumar2024,TSGP,11,5,120,2,0.882777777777778,0.850582672347869,0.178319034375,0.0568548213060959,0.128535786931096,0.25
Kumar2024,TSGP,12,0,160,2,0.652890625,0.843713940918777,0.24545059609375,0.0245706697720133,0.0291200736782633,0.25
Kumar2024,TSGP,12,1,160,2,0.505234375,0.796251063034356,0.311625742578125,0.0663694973454781,0.00474375476735317,0.25
Kumar2024,TSGP,12,2,120,2,0.441111111111111,0.821799530842295,0.336238649479167,0.0914995922401094,0.00526094276094272,0.25
Kumar2024,TSGP,12,3,118,2,0.385952312553864,0.84845193506544,0.341668064088983,0.0938051311486736,0.0021370670596905,0.25
Kumar2024,TSGP,12,4,119,2,0.380084745762712,0.83418095030385,0.355034490021008,0.10505214414148,0,0.249982345879528
Kumar2024,TSGP,12,5,117,2,0.427235534774985,0.856433013059679,0.325650082264957,0.0804300759338398,0.00476173083010686,0.249981737161224
Kumar2024,TSGP,14,0,80,2,0.55375,0.910420598153876,0.261963084375,0.03201599442791,0.02005291005291,0.25
Kumar2024,TSGP,14,1,80,2,0.72625,0.890034060418942,0.22087915078125,0.04337915078125,0.0725,0.25
Kumar2024,TSGP,14,2,60,2,0.664444444444444,0.931420954633826,0.234640307291667,0.0281761831804837,0.043535875888817,0.25
Kumar2024,TSGP,14,3,60,2,0.749444444444444,0.906981752073284,0.22388176875,0.047375034743266,0.073493265993266,0.25
Kumar2024,TSGP,14,4,60,2,0.766666666666667,0.779289218835095,0.256871889583333,0.0872951700066138,0.0804232804232804,0.25
Kumar2024,TSGP,14,5,60,2,0.775555555555556,0.904804654997238,0.210613351041667,0.0494030335813492,0.0887896825396825,0.25
Kumar2024,TSGP,2,0,80,2,0.6675,0.857232021271522,0.234507634375,0.0266876938988095,0.0421800595238095,0.25
Kumar2024,TSGP,2,1,80,2,0.80125,0.800078652353947,0.18188951640625,0.0236841070495249,0.0917945906432749,0.25
Kumar2024,TSGP,2,2,60,2,0.858888888888889,0.832617687536942,0.161711353125,0.0419494483630952,0.130238095238095,0.25
Kumar2024,TSGP,2,3,60,2,0.934444444444444,0.764208841356151,0.113592601041667,0.0562843999834656,0.192691798941799,0.25
Kumar2024,TSGP,2,4,60,2,0.953333333333333,0.770781983090675,0.113466561458333,0.0484665614583333,0.185,0.25
Kumar2024,TSGP,2,5,60,2,0.783333333333333,0.883932946013976,0.19485694375,0.0287917808427318,0.0839348370927318,0.25
Kumar2024,TSGP,3,0,160,2,0.5653125,0.926262062021997,0.253535590234375,0.0194879711867559,0.0159523809523809,0.25
Kumar2024,TSGP,3,1,159,2,0.577136075949367,0.925276486373838,0.24956361831761,0.0186645841756514,0.0190910770087078,0.249990111150667
Kumar2024,TSGP,3,2,120,2,0.714166666666667,0.929875801976525,0.224030321354167,0.0264430678110308,0.0524127464568641,0.25
Kumar2024,TSGP,3,3,118,2,0.697557471264368,0.91440435816826,0.220555498940678,0.0313555159781268,0.0607281985944726,0.249928181557024
Kumar2024,TSGP,3,4,120,2,0.745138888888889,0.91380078222364,0.210787733854167,0.036095426161859,0.0753076923076924,0.25
Kumar2024,TSGP,3,5,118,2,0.750215455328928,0.921456489261777,0.211633724576271,0.0285710022851813,0.0669372777089101,0.25
Kumar2024,TSGP,4,0,160,2,0.750078125,0.888058603978686,0.20429217109375,0.0169426852467796,0.0626505141530296,0.25
Kumar2024,TSGP,4,1,158,2,0.699807723121295,0.904358854767154,0.217269648338608,0.0175711001391276,0.05030145180052,0.25
Kumar2024,TSGP,4,2,118,2,0.78325193909796,0.902040476707862,0.192093317266949,0.0244095719660553,0.0823162546991061,0.25
Kumar2024,TSGP,4,3,119,2,0.675141242937853,0.898507711285291,0.222236729516807,0.0260260713404927,0.0537716877032142,0.249982345879528
Kumar2024,TSGP,4,4,118,2,0.763860959494398,0.907647694718152,0.207376778072034,0.0342683072497278,0.0768915291776939,0.25
Kumar2024,TSGP,4,5,118,2,0.824425287356322,0.904284322757611,0.185085926377119,0.0296916924123462,0.0945339475922514,0.249928181557024
Kumar2024,TSGP,5,0,160,2,0.678671875,0.805179280278366,0.251342230859375,0.0440207101458264,0.0426784792864514,0.25
Kumar2024,TSGP,5,1,160,2,0.668046875,0.777327828729915,0.249840323046875,0.0415331344897063,0.0416928114428313,0.25
Kumar2024,TSGP,5,2,119,2,0.88728813559322,0.845704775782052,0.18556268592437,0.0647210884158011,0.12914074837096,0.249982345879528
Kumar2024,TSGP,5,3,119,2,0.818361581920904,0.616266782081634,0.254500146533613,0.103597889078907,0.0990800884248223,0.249982345879528
Kumar2024,TSGP,5,4,120,2,0.7825,0.589265014802279,0.263222814583333,0.11354818509017,0.100325370506837,0.25
Kumar2024,TSGP,5,5,118,2,0.885344827586207,0.545739937052052,0.214138395127119,0.118941183395468,0.154730969825373,0.249928181557024
Kumar2024,TSGP,6,0,160,2,0.66171875,0.839479739303965,0.240038356640625,0.033630461903783,0.043592105263158,0.25
Kumar2024,TSGP,6,1,160,2,0.60375,0.841916662872142,0.254566126171875,0.0416612463981834,0.0370951202263083,0.25
Kumar2024,TSGP,6,2,120,2,0.593055555555556,0.849534380088881,0.257098800520833,0.0494810306937613,0.0423822301729279,0.25
Kumar2024,TSGP,6,3,119,2,0.605225988700565,0.807713576003404,0.273244096113445,0.0482676539236662,0.0250059036897491,0.249982345879528
Kumar2024,TSGP,6,4,119,2,0.507203389830508,0.775657307418851,0.311731887605042,0.0723151531693322,0.0105656114438185,0.249982345879528
Kumar2024,TSGP,6,5,117,2,0.519433080070134,0.821900305377167,0.297947774038462,0.0643113552956599,0.0163453184184226,0.249981737161224
Kumar2024,TSGP,8,0,160,2,0.843125,0.889896916309371,0.192282267578125,0.0458377704244248,0.1035555028463,0.25
Kumar2024,TSGP,8,1,160,2,0.780078125,0.945267846477508,0.21000293671875,0.0373197080509388,0.0773167713321888,0.25
Kumar2024,TSGP,8,2,119,2,0.781920903954802,0.8917505294284,0.214245817226891,0.0447257014882876,0.0804622301409252,0.249982345879528
Kumar2024,TSGP,8,3,118,2,0.74051724137931,0.941227849379199,0.21086903654661,0.0253498006036454,0.0644089456140591,0.249928181557024
Kumar2024,TSGP,8,4,119,2,0.696045197740113,0.899402888135645,0.228206134978992,0.0292903070848355,0.0510665179853722,0.249982345879528
Kumar2024,TSGP,8,5,119,2,0.774293785310734,0.87432044119495,0.214475898109244,0.0402958531308794,0.075802300901164,0.249982345879528
Kumar2024,TSLR,1,0,160,2,0.5590625,0.868510344151924,0.277390855292109,0.0346487314539371,0.00725787616182838,0.25
Kumar2024,TSLR,1,1,157,2,0.695553391755923,0.864692413085681,0.230487043598791,0.0276156203956457,0.0471184343975689,0.249989857600714
Kumar2024,TSLR,1,2,120,2,0.591111111111111,0.836757023658752,0.267295644182482,0.0373592842461219,0.0200636400636401,0.25
Kumar2024,TSLR,1,3,120,2,0.523055555555556,0.852463291409541,0.288863758994086,0.0444269458072725,0.00556318681318682,0.25
Kumar2024,TSLR,1,4,118,2,0.520540074691181,0.90353183691708,0.278329035882389,0.0376036759709829,0.00927464008859358,0.25
Kumar2024,TSLR,1,5,120,2,0.501388888888889,0.899146830349041,0.284246502034451,0.0420806867939234,0.00783418475947212,0.25
Kumar2024,TSLR,11,0,160,2,0.85890625,0.698644045248297,0.17895771314618,0.0401983225056529,0.111240609359473,0.25
Kumar2024,TSLR,11,1,158,2,0.855448717948718,0.734225579351864,0.181243839237712,0.0413820461356874,0.110098149214912,0.249959942316936
Kumar2024,TSLR,11,2,120,2,0.8,0.779759119948404,0.197147442644207,0.0307209062176709,0.0835734635734635,0.25
Kumar2024,TSLR,11,3,117,2,0.766218585622443,0.775111704056401,0.209703888011064,0.0349510066690358,0.0752288558191957,0.249981737161224
Kumar2024,TSLR,11,4,120,2,0.81,0.846306658729977,0.18155753408907,0.0216515415090535,0.0900940074199836,0.25
Kumar2024,TSLR,11,5,120,2,0.880555555555556,0.815906061624688,0.179419388780302,0.0544945451054584,0.125075156325156,0.25
Kumar2024,TSLR,12,0,160,2,0.65671875,0.82858930958923,0.2460567378182,0.0273492561116036,0.0312925182934034,0.25
Kumar2024,TSLR,12,1,160,2,0.50265625,0.768583901187623,0.319225146208459,0.0734369436323463,0.00421179742388761,0.25
Kumar2024,TSLR,12,2,120,2,0.438333333333333,0.800035575585991,0.343238360465207,0.0972796780585047,0.00404131759329782,0.25
Kumar2024,TSLR,12,3,118,2,0.388968687158862,0.833250874805201,0.347100175917448,0.099237242977138,0.0021370670596905,0.25
Kumar2024,TSLR,12,4,119,2,0.378248587570621,0.809937073128767,0.366033538533303,0.116051192653774,0,0.249982345879528
Kumar2024,TSLR,12,5,117,2,0.421683226183518,0.842945190913444,0.333823285389981,0.088601840168536,0.00476029193977914,0.249981737161224
Kumar2024,TSLR,14,0,80,2,0.545625,0.899578348977814,0.266017722685449,0.0357842062019322,0.0197664835164835,0.25
Kumar2024,TSLR,14,1,80,2,0.729375,0.875491995014673,0.222264694046796,0.0457161698965279,0.0734514758497316,0.25
Kumar2024,TSLR,14,2,60,2,0.662222222222222,0.927772994450414,0.234222123411086,0.0330605072494699,0.0488383838383838,0.25
Kumar2024,TSLR,14,3,60,2,0.752222222222222,0.875692856486678,0.231472147252506,0.0561045616217623,0.0746324143692565,0.25
Kumar2024,TSLR,14,4,60,2,0.76,0.764647193025097,0.25773915993379,0.083699304861326,0.0759601449275362,0.25
Kumar2024,TSLR,14,5,60,2,0.774444444444444,0.898423727146897,0.209445502067793,0.046178593855233,0.0867330917874396,0.25
Kumar2024,TSLR,2,0,80,2,0.675,0.860307315569387,0.227133363316465,0.0184201494470009,0.0412867861305361,0.25
Kumar2024,TSLR,2,1,80,2,0.804375,0.764912696472667,0.182695782083665,0.025066471738837,0.0923706896551724,0.25
Kumar2024,TSLR,2,2,60,2,0.866666666666667,0.803331345401875,0.157029969834877,0.0399929327978403,0.132962962962963,0.25
Kumar2024,TSLR,2,3,60,2,0.933333333333333,0.728276913502121,0.110428924843024,0.0460013154154149,0.185572390572391,0.25
Kumar2024,TSLR,2,4,60,2,0.956666666666667,0.731037398991274,0.106740858136207,0.046926043321392,0.190185185185185,0.25
Kumar2024,TSLR,2,5,60,2,0.803333333333333,0.863237345523597,0.188337466523407,0.0317718099577506,0.0934343434343435,0.25
Kumar2024,TSLR,3,0,160,2,0.5675,0.917081827693745,0.254889591158131,0.022519737280125,0.017630146121994,0.25
Kumar2024,TSLR,3,1,159,2,0.576898734177215,0.915385753691929,0.251219238410263,0.0225425062129493,0.0213133789533533,0.249990111150667
Kumar2024,TSLR,3,2,120,2,0.724166666666667,0.923377745209341,0.221843556064207,0.0244052000732194,0.0525616440090124,0.25
Kumar2024,TSLR,3,3,118,2,0.696551724137931,0.894469371021358,0.222359949226948,0.0357126041050264,0.0632808364351025,0.249928181557024
Kumar2024,TSLR,3,4,120,2,0.751666666666667,0.904073750218589,0.20784252826368,0.0355722787333689,0.0777297504696886,0.25
Kumar2024,TSLR,3,5,118,2,0.740591783970123,0.912024661634019,0.211836254713676,0.0274930697739255,0.0656568150602495,0.25
Kumar2024,TSLR,4,0,160,2,0.74359375,0.871735164012746,0.206073447702812,0.0144560540838451,0.0583826063810332,0.25
Kumar2024,TSLR,4,1,158,2,0.695721839448806,0.882882908331693,0.217782131568349,0.0156629326817974,0.0478808011134488,0.25
Kumar2024,TSLR,4,2,118,2,0.783682849755817,0.880719684459442,0.189644954970262,0.0266049813239491,0.0869600263536875,0.25
Kumar2024,TSLR,4,3,119,2,0.668926553672316,0.874889792264786,0.225091578918625,0.029360666232695,0.0542514331935983,0.249982345879528
Kumar2024,TSLR,4,4,118,2,0.766733697213444,0.892228562305735,0.204055588465554,0.0284376506124471,0.0743820621468927,0.25
Kumar2024,TSLR,4,5,118,2,0.826149425287356,0.883019614537193,0.18028810827857,0.0251280705761599,0.0947681438546132,0.249928181557024
Kumar2024,TSLR,5,0,160,2,0.67796875,0.778558393615332,0.256714784153594,0.0500084349472452,0.0432936507936508,0.25
Kumar2024,TSLR,5,1,160,2,0.66765625,0.748079802512412,0.255381873910145,0.0466317394198794,0.0412498655097339,0.25
Kumar2024,TSLR,5,2,119,2,0.895197740112994,0.80324182239591,0.193481622593756,0.0787057122296107,0.135206435515383,0.249982345879528
Kumar2024,TSLR,5,3,119,2,0.813559322033898,0.569474130747978,0.266231518017699,0.11270757903034,0.0964584068921686,0.249982345879528
Kumar2024,TSLR,5,4,120,2,0.785833333333333,0.545885467315769,0.274348217396018,0.127186527861447,0.102838310465429,0.25
Kumar2024,TSLR,5,5,118,2,0.884195402298851,0.504534967642563,0.223335016792874,0.128223031320719,0.154816196084869,0.249928181557024
Kumar2024,TSLR,6,0,160,2,0.65625,0.815776108690772,0.245848256558987,0.0403957397313602,0.0445474831723735,0.25
Kumar2024,TSLR,6,1,160,2,0.60125,0.821068025633778,0.259539501182095,0.0462017352246484,0.0366622340425532,0.25
Kumar2024,TSLR,6,2,120,2,0.589444444444444,0.829374486620857,0.261693646509959,0.053466902323912,0.0417732558139535,0.25
Kumar2024,TSLR,6,3,119,2,0.607627118644068,0.784178604992924,0.278703448805149,0.0545277936946198,0.0258066907689992,0.249982345879528
Kumar2024,TSLR,6,4,119,2,0.503672316384181,0.741605393453043,0.322567576280603,0.0831123204940778,0.0105270900930031,0.249982345879528
Kumar2024,TSLR,6,5,117,2,0.512565751022794,0.802681458704293,0.30451987068267,0.0686027429622641,0.0140646094408179,0.249981737161224
Kumar2024,TSLR,8,0,160,2,0.85109375,0.8836877062492,0.186524064320699,0.0445510251050129,0.108026960784314,0.25
Kumar2024,TSLR,8,1,160,2,0.7671875,0.936463205770311,0.211272772266943,0.0316405023629344,0.070367730095991,0.25
Kumar2024,TSLR,8,2,119,2,0.781638418079096,0.891259017010338,0.210259115026554,0.0452977458635045,0.0850209767164784,0.249982345879528
Kumar2024,TSLR,8,3,118,2,0.73735632183908,0.931232919917863,0.211641255597195,0.0215434933284454,0.0598304192882745,0.249928181557024
Kumar2024,TSLR,8,4,119,2,0.701129943502825,0.895143259081173,0.225757765416367,0.0236299912297698,0.0478545716929306,0.249982345879528
Kumar2024,TSLR,8,5,119,2,0.768926553672316,0.86448991151475,0.215564623605909,0.0351763494151138,0.0695940716887331,0.249982345879528
Kumar2024,TSSVM,1,0,160,2,0.55421875,0.888994074642412,0.272099144457705,0.0298620412831017,0.00776289682539683,0.25
Kumar2024,TSSVM,1,1,157,2,0.695715676728335,0.873810984969912,0.230697683309625,0.0231829113325078,0.0424750856235966,0.249989857600714
Kumar2024,TSSVM,1,2,120,2,0.593888888888889,0.85592629372528,0.262760662160076,0.0340652256521399,0.0213045634920635,0.25
Kumar2024,TSSVM,1,3,120,2,0.523055555555556,0.87351640529771,0.283448900550334,0.0393813871813503,0.00593248663101603,0.25
Kumar2024,TSSVM,1,4,118,2,0.536914679689744,0.9142948173262,0.272099985600015,0.0367560175043019,0.0146560319042871,0.25
Kumar2024,TSSVM,1,5,120,2,0.511527777777778,0.907913906613405,0.280106557988831,0.0376065579888305,0.00749999999999998,0.25
Kumar2024,TSSVM,11,0,160,2,0.85140625,0.74072289172025,0.183176281786151,0.0431579932176382,0.109981711431487,0.25
Kumar2024,TSSVM,11,1,158,2,0.857371794871795,0.773774900032806,0.18406157768733,0.0438157194667884,0.109714084096395,0.249959942316936
Kumar2024,TSSVM,11,2,120,2,0.803611111111111,0.823839801388057,0.196313211703977,0.030905955916286,0.0845927442123094,0.25
Kumar2024,TSSVM,11,3,117,2,0.760666277030976,0.822316139096531,0.207649312038516,0.0317301694527064,0.0740625945754151,0.249981737161224
Kumar2024,TSSVM,11,4,120,2,0.820555555555556,0.882977250075788,0.181765880153178,0.0262019187263132,0.0944360385731354,0.25
Kumar2024,TSSVM,11,5,120,2,0.883333333333333,0.853238172857965,0.182046011813954,0.0583126420570332,0.126266630243079,0.25
Kumar2024,TSSVM,12,0,160,2,0.6525,0.849397271640157,0.245156011545406,0.0250643311951051,0.029908319649699,0.25
Kumar2024,TSSVM,12,1,160,2,0.504375,0.81100516920791,0.306225302647573,0.061012806165727,0.00478750351815366,0.25
Kumar2024,TSSVM,12,2,120,2,0.436388888888889,0.839327548621321,0.33070976396157,0.084846379772943,0.00413661581137312,0.25
Kumar2024,TSSVM,12,3,118,2,0.380206837115771,0.868299205212813,0.332318427332974,0.0844554943926648,0.0021370670596905,0.25
Kumar2024,TSSVM,12,4,119,2,0.373728813559322,0.842148405041554,0.354904295344324,0.104976738114536,5.47886497398176e-05,0.249982345879528
Kumar2024,TSSVM,12,5,117,2,0.42343658679135,0.866542987821569,0.320948430351881,0.0760133243056643,0.00504663111500711,0.249981737161224
Kumar2024,TSSVM,14,0,80,2,0.5425,0.907617047706112,0.265711232861703,0.0359836687591388,0.0202724358974359,0.25
Kumar2024,TSSVM,14,1,80,2,0.73,0.890042540489702,0.225083215181057,0.0477155350008768,0.0726323198198198,0.25
Kumar2024,TSSVM,14,2,60,2,0.667777777777778,0.930861239604047,0.238142755315866,0.0392648133344753,0.0511220580186098,0.25
Kumar2024,TSSVM,14,3,60,2,0.758888888888889,0.942652121872075,0.21058785815163,0.0435045248182964,0.0829166666666666,0.25
Kumar2024,TSSVM,14,4,60,2,0.754444444444444,0.75657748794538,0.270257893836167,0.0957441994695316,0.0754863056333644,0.25
Kumar2024,TSSVM,14,5,60,2,0.781111111111111,0.903378513255209,0.212590719004401,0.0521740523377344,0.0895833333333333,0.25
Kumar2024,TSSVM,2,0,80,2,0.670625,0.889649084764738,0.222600184239126,0.0148735358874776,0.0422733516483516,0.25
Kumar2024,TSSVM,2,1,80,2,0.806875,0.808441735656475,0.18064124064553,0.0266472346515238,0.096005994005994,0.25
Kumar2024,TSSVM,2,2,60,2,0.866666666666667,0.837529841782885,0.162317960490466,0.0512068493793548,0.138888888888889,0.25
Kumar2024,TSSVM,2,3,60,2,0.932777777777778,0.7782657224641,0.118657488213282,0.0536743232301171,0.185016835016835,0.25
Kumar2024,TSSVM,2,4,60,2,0.954444444444444,0.775162475266049,0.111072697556667,0.0485726975566669,0.1875,0.25
Kumar2024,TSSVM,2,5,60,2,0.762222222222222,0.896058463941372,0.197128006733621,0.0262477758533897,0.0791197691197691,0.25
Kumar2024,TSSVM,3,0,160,2,0.560625,0.932159889406929,0.252974133069075,0.0182109226062372,0.0152367895371627,0.25
Kumar2024,TSSVM,3,1,159,2,0.584177215189873,0.925362981872337,0.249254656162211,0.0198082767002661,0.0205437316887217,0.249990111150667
Kumar2024,TSSVM,3,2,120,2,0.74,0.930987010850518,0.221459924909703,0.0303852279120409,0.0589253030023379,0.25
Kumar2024,TSSVM,3,3,118,2,0.701149425287356,0.917341166626765,0.219236076529051,0.0316177231917253,0.0623098282196984,0.249928181557024
Kumar2024,TSSVM,3,4,120,2,0.750277777777778,0.91755253545492,0.208709653941408,0.0354206716818373,0.0767110177404295,0.25
Kumar2024,TSSVM,3,5,118,2,0.745619074978454,0.925520144677479,0.21158403384612,0.0314461052838419,0.0698620714377221,0.25
Kumar2024,TSSVM,4,0,160,2,0.74203125,0.898467299468656,0.20927466578586,0.0197118855465806,0.0604372197607208,0.25
Kumar2024,TSSVM,4,1,158,2,0.696522993110078,0.913195822421986,0.218017515995384,0.0162437471982521,0.0482262312028676,0.25
Kumar2024,TSSVM,4,2,118,2,0.79129560471129,0.911347855408753,0.192460206749565,0.0254419848584616,0.0829817781088968,0.25
Kumar2024,TSSVM,4,3,119,2,0.669350282485876,0.903179344449215,0.225453491197353,0.033046225260675,0.0575750799428506,0.249982345879528
Kumar2024,TSSVM,4,4,118,2,0.761419132433209,0.914844371110696,0.210263129647285,0.0347153608791771,0.0744522312318923,0.25
Kumar2024,TSSVM,4,5,118,2,0.826867816091954,0.905161623439966,0.18746274639192,0.0329818042174798,0.0954472393825832,0.249928181557024
Kumar2024,TSSVM,5,0,160,2,0.67984375,0.816956399645992,0.251546544509857,0.0399607587678217,0.0384142142579643,0.25
Kumar2024,TSSVM,5,1,160,2,0.6684375,0.785182757765194,0.249660169039599,0.0410887404681702,0.0414285714285714,0.25
Kumar2024,TSSVM,5,2,119,2,0.885028248587571,0.841723487182174,0.191717547891987,0.0717432423803083,0.13000804036785,0.249982345879528
Kumar2024,TSSVM,5,3,119,2,0.807344632768362,0.632742087050027,0.252904149075036,0.0943891511383875,0.0914673479428793,0.249982345879528
Kumar2024,TSSVM,5,4,120,2,0.786388888888889,0.606593397385834,0.259203839491189,0.113232913701729,0.104029074210541,0.25
Kumar2024,TSSVM,5,5,118,2,0.881896551724138,0.5518118879507,0.21728017921644,0.125220202940362,0.157868205280946,0.249928181557024
Kumar2024,TSSVM,6,0,160,2,0.65203125,0.838036367475008,0.245260437287635,0.0383183445925299,0.0430579073048953,0.25
Kumar2024,TSSVM,6,1,160,2,0.60125,0.853899396319064,0.25276185802168,0.0396602080965767,0.0368983500748965,0.25
Kumar2024,TSSVM,6,2,120,2,0.590833333333333,0.851529676897648,0.257913663578939,0.0496014493074225,0.0416877857284833,0.25
Kumar2024,TSSVM,6,3,119,2,0.59774011299435,0.795537480164909,0.280649246337376,0.0536347399111044,0.0229678394532571,0.249982345879528
Kumar2024,TSSVM,6,4,119,2,0.505084745762712,0.770167635064698,0.314734432624406,0.0742763446273025,0.00952425788242464,0.249982345879528
Kumar2024,TSSVM,6,5,117,2,0.511396843950906,0.833153292283537,0.295948711620214,0.0598342088390444,0.0138672343800549,0.249981737161224
Kumar2024,TSSVM,8,0,160,2,0.84234375,0.90581164739338,0.191995608777017,0.04758170067425,0.105586091897233,0.25
Kumar2024,TSSVM,8,1,160,2,0.75828125,0.946204258271154,0.216308252796863,0.0306926946183581,0.064384441821495,0.25
Kumar2024,TSSVM,8,2,119,2,0.781638418079096,0.904615781129253,0.213646625004651,0.0415606111119148,0.0778963319867917,0.249982345879528
Kumar2024,TSSVM,8,3,118,2,0.714511494252874,0.942077848848334,0.217989141383317,0.0175353828882222,0.0494744230619288,0.249928181557024
Kumar2024,TSSVM,8,4,119,2,0.695762711864407,0.915579661763303,0.225442012779202,0.0279380111785618,0.052478344278888,0.249982345879528
Kumar2024,TSSVM,8,5,119,2,0.764124293785311,0.885253833848792,0.221210379365907,0.0418183932512318,0.0705903597648531,0.249982345879528
Lee2019-MI,BDCNN,1,1,600,2,0.799305555555556,0.557671654266229,0.194538381458333,0.0191153858450397,0.0745770043867063,0.25
Lee2019-MI,BDCNN,1,2,600,2,0.811194444444444,0.540180516746054,0.206097435833333,0.0372901775353887,0.0811927417020554,0.25
Lee2019-MI,BDCNN,10,1,500,2,0.734584,0.615801357495504,0.2271799645,0.0269161586067823,0.0497361941067823,0.25
Lee2019-MI,BDCNN,10,2,500,2,0.730248,0.567528517574219,0.230382767,0.0361162544296218,0.0557334874296218,0.25
Lee2019-MI,BDCNN,2,1,600,2,0.880933333333333,0.563494899776208,0.143650284166667,0.0131023158977575,0.119452031731091,0.25
Lee2019-MI,BDCNN,2,2,600,2,0.868761111111111,0.582240673835052,0.1476910884375,0.00747630400048743,0.109785215562987,0.25
Lee2019-MI,BDCNN,3,1,600,2,0.885022222222222,0.420882116988001,0.142345501979167,0.0136305639864882,0.121285062007322,0.25
Lee2019-MI,BDCNN,3,2,600,2,0.896883333333333,0.406091241261329,0.1408156590625,0.0179627091404661,0.127147050077966,0.25
Lee2019-MI,BDCNN,4,1,600,2,0.7714,0.626108599143228,0.204923505104167,0.0193545292503537,0.064431024146187,0.25
Lee2019-MI,BDCNN,4,2,600,2,0.757994444444444,0.579270912056321,0.223604974166667,0.0314861045804041,0.0578811304137375,0.25
Lee2019-MI,BDCNN,5,1,500,2,0.774056,0.676576870028869,0.195999002625,0.016706755682753,0.070707753057753,0.25
Lee2019-MI,BDCNN,5,2,500,2,0.822992,0.688782376600187,0.174366940875,0.0128190597323546,0.0884521188573547,0.25
Lee2019-MI,BDCNN,6,1,500,2,0.809472,0.422506382966059,0.20971921425,0.0426331092645577,0.0829138950145577,0.25
Lee2019-MI,BDCNN,6,2,500,2,0.893328,0.448260091307643,0.146595871875,0.0195451541232278,0.122949282248228,0.25
Lee2019-MI,BDCNN,7,1,500,2,0.82756,0.519005507466435,0.181283502625,0.0248806277357281,0.0935971251107281,0.25
Lee2019-MI,BDCNN,7,2,500,2,0.881696,0.512413552918252,0.140304714875,0.00659856253527621,0.116293847660276,0.25
Lee2019-MI,BDCNN,8,1,500,2,0.867368,0.420339447686016,0.163798158625,0.0242082546836255,0.110410096058626,0.25
Lee2019-MI,BDCNN,8,2,500,2,0.859056,0.488439348513512,0.1640810115,0.0196133331551964,0.105532321655196,0.25
Lee2019-MI,BDCNN,9,1,500,2,0.846584,0.448306335106929,0.178482298375,0.0264259017351202,0.0979436033601203,0.25
Lee2019-MI,BDCNN,9,2,500,2,0.847336,0.518757617952038,0.1662770365,0.0150080656914192,0.0987310291914193,0.25
Lee2019-MI,BSCNN,1,1,600,2,0.795744444444444,0.601555724974384,0.194301376770833,0.0187535934011261,0.0744522166302928,0.25
Lee2019-MI,BSCNN,1,2,600,2,0.782188888888889,0.610661135700764,0.204735497291667,0.0258398397446485,0.0711043424529819,0.25
Lee2019-MI,BSCNN,10,1,500,2,0.740424,0.714593788124084,0.213464546375,0.0228928580684739,0.0594283116934739,0.25
Lee2019-MI,BSCNN,10,2,500,2,0.741416,0.73278332722421,0.2101388535,0.0162867913699744,0.0561479378699744,0.25
Lee2019-MI,BSCNN,2,1,600,2,0.87775,0.617886492719686,0.1473397165625,0.0136607307478074,0.116321014185307,0.25
Lee2019-MI,BSCNN,2,2,600,2,0.8616,0.629237438047306,0.15368944,0.010591549838683,0.106902109838683,0.25
Lee2019-MI,BSCNN,3,1,600,2,0.879694444444444,0.572120699381564,0.141921000416667,0.00797958222990275,0.116058581813236,0.25
Lee2019-MI,BSCNN,3,2,600,2,0.898788888888889,0.580388537740915,0.132562615,0.0115231101351603,0.12896049513516,0.25
Lee2019-MI,BSCNN,4,1,600,2,0.749655555555556,0.724385719186465,0.209303862916667,0.0168479350612895,0.0575440721446229,0.25
Lee2019-MI,BSCNN,4,2,600,2,0.733127777777778,0.680327801236488,0.22507898125,0.0264483686768363,0.0513693874268363,0.25
Lee2019-MI,BSCNN,5,1,500,2,0.764952,0.731576179873279,0.201240474,0.0150290569914764,0.0637885829914764,0.25
Lee2019-MI,BSCNN,5,2,500,2,0.803856,0.747785639102147,0.18085446025,0.00640438677098287,0.0755499265209829,0.25
Lee2019-MI,BSCNN,6,1,500,2,0.798856,0.590489724833786,0.199648568375,0.02798453127414,0.07833596289914,0.25
Lee2019-MI,BSCNN,6,2,500,2,0.87968,0.587698371044016,0.14267388925,0.00834500045191786,0.115671111201918,0.25
Lee2019-MI,BSCNN,7,1,500,2,0.804208,0.612185871899346,0.19158349075,0.0185507431006243,0.0769672523506243,0.25
Lee2019-MI,BSCNN,7,2,500,2,0.880784,0.610784732320656,0.14085609575,0.00620985578656735,0.115353760036567,0.25
Lee2019-MI,BSCNN,8,1,500,2,0.843256,0.518642667007122,0.16664458475,0.0138192045896199,0.0971746198396199,0.25
Lee2019-MI,BSCNN,8,2,500,2,0.862544,0.611536807712224,0.154599066875,0.0123589698488004,0.1077599029738,0.25
Lee2019-MI,BSCNN,9,1,500,2,0.816952,0.56640248048461,0.18603201975,0.0199119198669558,0.0838799001169558,0.25
Lee2019-MI,BSCNN,9,2,500,2,0.858792,0.64154265726521,0.1581520285,0.0109781324604663,0.102826103960466,0.25
Lee2019-MI,CSPBLDA,1,1,600,2,0.666038888888889,0.919462014477323,0.2304032125,0.0139109034974953,0.0335076909974953,0.25
Lee2019-MI,CSPBLDA,1,2,600,2,0.706605555555556,0.929123682756043,0.219316570625,0.0116303721010222,0.0423138014760223,0.25
Lee2019-MI,CSPBLDA,10,1,500,2,0.649888,0.954656411448571,0.23210613975,0.00795350998419611,0.0258473702341961,0.25
Lee2019-MI,CSPBLDA,10,2,500,2,0.653592,0.953672502901481,0.23412780125,0.014494162948465,0.030366361698465,0.25
Lee2019-MI,CSPBLDA,2,1,600,2,0.721561111111111,0.891003484637504,0.224291210208333,0.0221749106864537,0.0478837004781204,0.25
Lee2019-MI,CSPBLDA,2,2,600,2,0.779705555555556,0.947753802487175,0.205309743125,0.0202511780329671,0.0649414349079671,0.25
Lee2019-MI,CSPBLDA,3,1,600,2,0.804388888888889,0.939171316037691,0.1993165428125,0.0281264281132936,0.0788098853007936,0.25
Lee2019-MI,CSPBLDA,3,2,600,2,0.835994444444444,0.943456439372609,0.1939899875,0.0343595923130799,0.0903696048130799,0.25
Lee2019-MI,CSPBLDA,4,1,600,2,0.638811111111111,0.872538537672025,0.244518776770833,0.0215791246395655,0.0270603478687322,0.25
Lee2019-MI,CSPBLDA,4,2,600,2,0.626294444444444,0.837036215572406,0.255531680104167,0.0249408865741556,0.019409206469989,0.25
Lee2019-MI,CSPBLDA,5,1,500,2,0.675704,0.91946250331112,0.227905741875,0.00766013064202622,0.0297543887670262,0.25
Lee2019-MI,CSPBLDA,5,2,500,2,0.681664,0.932460704602433,0.228441297375,0.0188753895249045,0.0404340921499045,0.25
Lee2019-MI,CSPBLDA,6,1,500,2,0.74872,0.882177876858585,0.213605450875,0.0208945969406628,0.0572891460656628,0.25
Lee2019-MI,CSPBLDA,6,2,500,2,0.823416,0.894706051069845,0.189288691875,0.0236871609668779,0.0843984690918778,0.25
Lee2019-MI,CSPBLDA,7,1,500,2,0.660096,0.869578340090997,0.243629170375,0.0268387028459157,0.0332095324709157,0.25
Lee2019-MI,CSPBLDA,7,2,500,2,0.679504,0.864039840323798,0.23313559975,0.0173643145833934,0.0342287148333934,0.25
Lee2019-MI,CSPBLDA,8,1,500,2,0.750512,0.919439081481457,0.2053598425,0.0193231829300618,0.0639633404300618,0.25
Lee2019-MI,CSPBLDA,8,2,500,2,0.702752,0.93057207341128,0.218058956875,0.01771211867788,0.04965316180288,0.25
Lee2019-MI,CSPBLDA,9,1,500,2,0.819448,0.91575389070296,0.187109868,0.0218914013277899,0.0847815333277899,0.25
Lee2019-MI,CSPBLDA,9,2,500,2,0.856096,0.926886164391468,0.1820193555,0.0347082980389425,0.102688942538943,0.25
Lee2019-MI,CSPGP,1,1,600,2,0.653111111111111,0.82373085858871,0.2383385446875,0.0185046527526552,0.0301661080651552,0.25
Lee2019-MI,CSPGP,1,2,600,2,0.730433333333333,0.876368589344935,0.208205516979167,0.0108407687855991,0.0526352518064324,0.25
Lee2019-MI,CSPGP,10,1,500,2,0.625648,0.881451371751838,0.249486325,0.0176968610115528,0.0182105360115528,0.25
Lee2019-MI,CSPGP,10,2,500,2,0.60468,0.905765412046791,0.2474095005,0.0128124301784359,0.015402929678436,0.25
Lee2019-MI,CSPGP,2,1,600,2,0.707627777777778,0.878829487948344,0.220796271770833,0.016072242812709,0.0452759710418757,0.25
Lee2019-MI,CSPGP,2,2,600,2,0.730694444444444,0.89102804611659,0.2138767753125,0.0106929395436238,0.0468161642311238,0.25
Lee2019-MI,CSPGP,3,1,600,2,0.779533333333333,0.835195993490959,0.197658714479167,0.013019974477584,0.0653612599984173,0.25
Lee2019-MI,CSPGP,3,2,600,2,0.819683333333333,0.826426854952028,0.186740613229167,0.0210705490308513,0.0843299358016846,0.25
Lee2019-MI,CSPGP,4,1,600,2,0.612438888888889,0.823169428375455,0.259680176354167,0.0321939191865259,0.0225137428323592,0.25
Lee2019-MI,CSPGP,4,2,600,2,0.619605555555556,0.807828434502791,0.263645169479167,0.0343393491634682,0.0206941796843016,0.25
Lee2019-MI,CSPGP,5,1,500,2,0.61984,0.903554243856984,0.244616172125,0.0117375581709591,0.0171213860459591,0.25
Lee2019-MI,CSPGP,5,2,500,2,0.69052,0.886787258389625,0.237715632375,0.0250375857558865,0.0373219533808865,0.25
Lee2019-MI,CSPGP,6,1,500,2,0.720536,0.773705341896951,0.22738686575,0.0246494566535156,0.0472625909035156,0.25
Lee2019-MI,CSPGP,6,2,500,2,0.792504,0.793536681379831,0.191787426375,0.0131821351935181,0.0713947088185181,0.25
Lee2019-MI,CSPGP,7,1,500,2,0.669872,0.787334639502497,0.242708513875,0.0265520327905985,0.0338435189155985,0.25
Lee2019-MI,CSPGP,7,2,500,2,0.707368,0.845269811154997,0.22239089875,0.0142367750627919,0.0418458763127919,0.25
Lee2019-MI,CSPGP,8,1,500,2,0.76944,0.788769446079013,0.204911152125,0.024895859573632,0.069984707448632,0.25
Lee2019-MI,CSPGP,8,2,500,2,0.72316,0.84552901767918,0.21572952775,0.0123312962713338,0.0466017685213337,0.25
Lee2019-MI,CSPGP,9,1,500,2,0.779128,0.8586412917295,0.192035417,0.010704452759096,0.068669035759096,0.25
Lee2019-MI,CSPGP,9,2,500,2,0.8214,0.872280968038132,0.1814079445,0.0156016101462268,0.0841936656462268,0.25
Lee2019-MI,CSPLDA,1,1,600,2,0.678777777777778,0.913574494780307,0.227869063710469,0.0128676227289974,0.0349985590185279,0.25
Lee2019-MI,CSPLDA,1,2,600,2,0.716722222222222,0.923677789247889,0.216782413312966,0.0115906229923607,0.0448082096793945,0.25
Lee2019-MI,CSPLDA,10,1,500,2,0.647056,0.952374913613789,0.232362578627717,0.00829251710599213,0.0259299384782756,0.25
Lee2019-MI,CSPLDA,10,2,500,2,0.660208,0.954001108838031,0.231361146918799,0.0116557453285916,0.0302945984097928,0.25
Lee2019-MI,CSPLDA,2,1,600,2,0.719222222222222,0.879398183318177,0.224853187234517,0.0215882856049917,0.0467350983704745,0.25
Lee2019-MI,CSPLDA,2,2,600,2,0.784511111111111,0.942711206557402,0.203307468516643,0.0216980934104009,0.0683906248937576,0.25
Lee2019-MI,CSPLDA,3,1,600,2,0.798777777777778,0.926889646201229,0.198812138710852,0.0226616335131468,0.0738494948022949,0.25
Lee2019-MI,CSPLDA,3,2,600,2,0.834833333333333,0.932832142324662,0.191996454036183,0.0318069506265154,0.0898104965903319,0.25
Lee2019-MI,CSPLDA,4,1,600,2,0.637888888888889,0.87311731978952,0.244575821996757,0.021095927829245,0.0265201058324881,0.25
Lee2019-MI,CSPLDA,4,2,600,2,0.626022222222222,0.837492666163609,0.255720958163271,0.0251080609417446,0.0193871027784738,0.25
Lee2019-MI,CSPLDA,5,1,500,2,0.67512,0.908975450649587,0.228125611694242,0.00925475414052229,0.0311291424462803,0.25
Lee2019-MI,CSPLDA,5,2,500,2,0.68624,0.926458632686103,0.227132887277664,0.0213064943140644,0.0441736070364008,0.25
Lee2019-MI,CSPLDA,6,1,500,2,0.749952,0.867880053304838,0.212541872513714,0.020444288621579,0.0579024161078652,0.25
Lee2019-MI,CSPLDA,6,2,500,2,0.828736,0.883517296181157,0.185565574322204,0.024089002206945,0.0885234278847406,0.25
Lee2019-MI,CSPLDA,7,1,500,2,0.652528,0.855687536671212,0.245760747546451,0.025262226712446,0.0295014791659953,0.25
Lee2019-MI,CSPLDA,7,2,500,2,0.683968,0.85293894143051,0.232242697323409,0.0162847673110617,0.0340420699876522,0.25
Lee2019-MI,CSPLDA,8,1,500,2,0.749056,0.910292590845873,0.205524498963925,0.0172829863886662,0.0617584874247413,0.25
Lee2019-MI,CSPLDA,8,2,500,2,0.698368,0.91924131073585,0.21889419184414,0.0176966722061554,0.0488024803620152,0.25
Lee2019-MI,CSPLDA,9,1,500,2,0.815264,0.90747746192525,0.186439841862491,0.0201027752459799,0.0836629333834887,0.25
Lee2019-MI,CSPLDA,9,2,500,2,0.858304,0.920422699224287,0.179086223359673,0.0319957867147604,0.102909563355088,0.25
Lee2019-MI,CSPSVM,1,1,600,2,0.6459,0.83493459336442,0.241685114912152,0.0222004725454604,0.0305153576333085,0.25
Lee2019-MI,CSPSVM,1,2,600,2,0.699944444444444,0.871218492952487,0.221740956192251,0.0178798192167019,0.0461388630244509,0.25
Lee2019-MI,CSPSVM,10,1,500,2,0.621056,0.885875475085786,0.248439988893069,0.0153141417010456,0.0168741528079763,0.25
Lee2019-MI,CSPSVM,10,2,500,2,0.60744,0.84492563705258,0.264482490396957,0.0337048745226263,0.0192223841256697,0.25
Lee2019-MI,CSPSVM,2,1,600,2,0.716038888888889,0.869457823610876,0.217319224990985,0.0168982456534206,0.0495790206624357,0.25
Lee2019-MI,CSPSVM,2,2,600,2,0.746133333333333,0.874007270173292,0.209641780990897,0.0112738653265686,0.0516320843356721,0.25
Lee2019-MI,CSPSVM,3,1,600,2,0.7999,0.856320193591319,0.189006954863709,0.0152043268889378,0.0761973720252286,0.25
Lee2019-MI,CSPSVM,3,2,600,2,0.819611111111111,0.840751628478291,0.185207746752685,0.0174430936497864,0.0822353468971011,0.25
Lee2019-MI,CSPSVM,4,1,600,2,0.617366666666667,0.823383936091991,0.256732171089914,0.0286087942691964,0.0218766231792819,0.25
Lee2019-MI,CSPSVM,4,2,600,2,0.595255555555556,0.808407198741187,0.271696263109121,0.0353219101329397,0.0136256470238187,0.25
Lee2019-MI,CSPSVM,5,1,500,2,0.66112,0.881128264393137,0.233470619645645,0.0102124214841796,0.0267418018385351,0.25
Lee2019-MI,CSPSVM,5,2,500,2,0.701472,0.81765241097269,0.249259690976828,0.040061299096986,0.0408016081201577,0.25
Lee2019-MI,CSPSVM,6,1,500,2,0.714912,0.80338705395616,0.228574330402866,0.0239664205060846,0.0453920901032182,0.25
Lee2019-MI,CSPSVM,6,2,500,2,0.78168,0.792973818239142,0.203377370716235,0.0223654830757394,0.068988112359504,0.25
Lee2019-MI,CSPSVM,7,1,500,2,0.679512,0.82746972472494,0.235352405549826,0.0273267981744313,0.0419743926246049,0.25
Lee2019-MI,CSPSVM,7,2,500,2,0.720856,0.866212876532224,0.214391545827193,0.0121201158813304,0.0477285700541369,0.25
Lee2019-MI,CSPSVM,8,1,500,2,0.767552,0.818161462602135,0.208828283617264,0.0276622360439575,0.0688339524266931,0.25
Lee2019-MI,CSPSVM,8,2,500,2,0.724848,0.832224782576585,0.217393126221256,0.0179791694303982,0.0505860432091422,0.25
Lee2019-MI,CSPSVM,9,1,500,2,0.80052,0.875509140254795,0.18607056612956,0.0140494640432405,0.0779788979136806,0.25
Lee2019-MI,CSPSVM,9,2,500,2,0.826128,0.875398984049043,0.183780072167373,0.0205242448180222,0.0867441726506493,0.25
Lee2019-MI,DCNN,1,1,600,2,0.792555555555556,0.595045700909263,0.198582265475235,0.0207871367639524,0.0722048712887172,0.25
Lee2019-MI,DCNN,1,2,600,2,0.793777777777778,0.627504399572724,0.193601025074953,0.0186186139800373,0.0750175889050847,0.25
Lee2019-MI,DCNN,10,1,500,2,0.73608,0.716982815142247,0.215731161244476,0.0186551017617023,0.0529239405172262,0.25
Lee2019-MI,DCNN,10,2,500,2,0.73528,0.718248721150662,0.213221142466916,0.0198860657682525,0.0566649233013365,0.25
Lee2019-MI,DCNN,2,1,600,2,0.853177777777778,0.639159301888601,0.157296423350147,0.00757146009340168,0.100275036743255,0.25
Lee2019-MI,DCNN,2,2,600,2,0.873677777777778,0.69425195248212,0.145820920750801,0.00989719447609125,0.114076273725291,0.25
Lee2019-MI,DCNN,3,1,600,2,0.883255555555556,0.540168769068748,0.141249051462053,0.0105387494427729,0.11928969798072,0.25
Lee2019-MI,DCNN,3,2,600,2,0.898844444444444,0.505575850337208,0.141225822105748,0.0186214058926463,0.127395583786898,0.25
Lee2019-MI,DCNN,4,1,600,2,0.770977777777778,0.729337032400668,0.197540849133536,0.0129712715253163,0.0654304223917798,0.25
Lee2019-MI,DCNN,4,2,600,2,0.740144444444444,0.663426447942838,0.220824578841127,0.0231709060312341,0.052346327190107,0.25
Lee2019-MI,DCNN,5,1,500,2,0.760144,0.678782954655905,0.205469689356843,0.0203458503092054,0.0648761609523624,0.25
Lee2019-MI,DCNN,5,2,500,2,0.790416,0.698717774155905,0.193694087699295,0.0198516911440513,0.0761576034447565,0.25
Lee2019-MI,DCNN,6,1,500,2,0.814256,0.566208496699902,0.193773557594437,0.0298441541334474,0.0860705965390109,0.25
Lee2019-MI,DCNN,6,2,500,2,0.900784,0.585415063415268,0.142080701847598,0.021425589288588,0.12934488744099,0.25
Lee2019-MI,DCNN,7,1,500,2,0.826848,0.622209089066184,0.17506961556073,0.0145610163671945,0.089491400806464,0.25
Lee2019-MI,DCNN,7,2,500,2,0.884368,0.614136032548298,0.140796521191739,0.0103850123830874,0.119588491191348,0.25
Lee2019-MI,DCNN,8,1,500,2,0.875584,0.625713203743515,0.144293276674879,0.00609497760790964,0.111801700933031,0.25
Lee2019-MI,DCNN,8,2,500,2,0.865344,0.696529810987944,0.151500161457415,0.00765049283603902,0.106150331378624,0.25
Lee2019-MI,DCNN,9,1,500,2,0.844864,0.537279022842672,0.169302131957208,0.0152988851083225,0.0959967531511145,0.25
Lee2019-MI,DCNN,9,2,500,2,0.851408,0.602690116548342,0.15940855573974,0.00876027456866915,0.0993517188289287,0.25
Lee2019-MI,SCNN,1,1,600,2,0.774611111111111,0.59348908540464,0.208185160668293,0.0238570559441696,0.0656718952758766,0.25
Lee2019-MI,SCNN,1,2,600,2,0.759255555555556,0.576404064228734,0.227856696381754,0.0385662114507288,0.0607095150689752,0.25
Lee2019-MI,SCNN,10,1,500,2,0.756096,0.677744036186583,0.210234992525743,0.0234824599939049,0.0632474674681621,0.25
Lee2019-MI,SCNN,10,2,500,2,0.741856,0.681034983361438,0.217451358556613,0.0276912666602051,0.0602399081035923,0.25
Lee2019-MI,SCNN,2,1,600,2,0.855077777777778,0.563847897483993,0.167780382506986,0.0184201501377972,0.100639767630811,0.25
Lee2019-MI,SCNN,2,2,600,2,0.859833333333333,0.597310892965907,0.152866286999711,0.00755307827651125,0.1046867912768,0.25
Lee2019-MI,SCNN,3,1,600,2,0.878033333333333,0.603911902787344,0.141974847624126,0.00520174339685697,0.113226895772731,0.25
Lee2019-MI,SCNN,3,2,600,2,0.889022222222222,0.592337971508606,0.137196518427244,0.00808689627373918,0.120890377846495,0.25
Lee2019-MI,SCNN,4,1,600,2,0.7541,0.70324730722926,0.210575217362691,0.0174535258938603,0.0568783085311697,0.25
Lee2019-MI,SCNN,4,2,600,2,0.712955555555556,0.646216492718597,0.242285018508251,0.0365360768437411,0.0442510583354905,0.25
Lee2019-MI,SCNN,5,1,500,2,0.783472,0.736989952994352,0.191625173858041,0.0124206030459146,0.0707954291878735,0.25
Lee2019-MI,SCNN,5,2,500,2,0.805264,0.762041297290371,0.178610712159215,0.00819288601746548,0.0795821738582509,0.25
Lee2019-MI,SCNN,6,1,500,2,0.79792,0.60348561101311,0.195254922789471,0.0226876848222367,0.0774327620327653,0.25
Lee2019-MI,SCNN,6,2,500,2,0.866528,0.606458649522791,0.15029515145606,0.00945326453805037,0.10915811308199,0.25
Lee2019-MI,SCNN,7,1,500,2,0.814768,0.590343554431731,0.186608469086421,0.018354239489324,0.0817457704029031,0.25
Lee2019-MI,SCNN,7,2,500,2,0.892912,0.588584769319194,0.13327535652637,0.00602825288926656,0.122752896362896,0.25
Lee2019-MI,SCNN,8,1,500,2,0.82976,0.493860555920084,0.177047366479767,0.0173258189344222,0.0902784524546553,0.25
Lee2019-MI,SCNN,8,2,500,2,0.861696,0.620964844051867,0.152915614190308,0.0103024363877181,0.10738682219741,0.25
Lee2019-MI,SCNN,9,1,500,2,0.839152,0.562514080973068,0.170602744450672,0.0157309091146379,0.0951281646639663,0.25
Lee2019-MI,SCNN,9,2,500,2,0.864288,0.607705123391846,0.153996305501066,0.0100757750491186,0.106079469548053,0.25
Lee2019-MI,TSBLR,1,1,600,2,0.696138888888889,0.760962337027418,0.231821715,0.0204357127647309,0.0386139977647309,0.25
Lee2019-MI,TSBLR,1,2,600,2,0.687166666666667,0.766338478825697,0.230953050416667,0.0271181092453933,0.0461650588287267,0.25
Lee2019-MI,TSBLR,10,1,500,2,0.71932,0.850051748424146,0.21440564975,0.0125525951503623,0.0481469454003624,0.25
Lee2019-MI,TSBLR,10,2,500,2,0.678528,0.84952589902194,0.232541792,0.0192289800442726,0.0366871880442726,0.25
Lee2019-MI,TSBLR,2,1,600,2,0.772533333333333,0.660297681253181,0.235633965520833,0.05822764920703,0.0725936836861967,0.25
Lee2019-MI,TSBLR,2,2,600,2,0.842538888888889,0.799256972691128,0.170616009270833,0.0155332549115231,0.0949172456406897,0.25
Lee2019-MI,TSBLR,3,1,600,2,0.851433333333333,0.732410081117386,0.160920902083333,0.0125307294317278,0.101609827348394,0.25
Lee2019-MI,TSBLR,3,2,600,2,0.8814,0.752090493382502,0.156590293541667,0.0229357671968538,0.116345473655187,0.25
Lee2019-MI,TSBLR,4,1,600,2,0.749211111111111,0.838083372942715,0.2024454990625,0.0094137430073242,0.0569682439448242,0.25
Lee2019-MI,TSBLR,4,2,600,2,0.670194444444444,0.801651670583177,0.2362020971875,0.020793284109044,0.0345911869215441,0.25
Lee2019-MI,TSBLR,5,1,500,2,0.678328,0.632406267503658,0.25147740375,0.0447045026579182,0.0432270989079182,0.25
Lee2019-MI,TSBLR,5,2,500,2,0.809824,0.837053150008058,0.181291898375,0.0099064725609449,0.0786145741859449,0.25
Lee2019-MI,TSBLR,6,1,500,2,0.766056,0.702563694783864,0.21537941025,0.0319628317667548,0.0665834215167548,0.25
Lee2019-MI,TSBLR,6,2,500,2,0.799352,0.706941730982951,0.187738661625,0.0141104707167243,0.0763718090917243,0.25
Lee2019-MI,TSBLR,7,1,500,2,0.77812,0.793605877608657,0.192204540375,0.00960293711702509,0.0673983967420251,0.25
Lee2019-MI,TSBLR,7,2,500,2,0.8224,0.772801202556281,0.17530442875,0.0176396304521174,0.0923352017021174,0.25
Lee2019-MI,TSBLR,8,1,500,2,0.831528,0.788249755046251,0.170880060125,0.00938549177087802,0.088505431645878,0.25
Lee2019-MI,TSBLR,8,2,500,2,0.715616,0.768365156390064,0.221216092375,0.0217408763827301,0.0505247840077302,0.25
Lee2019-MI,TSBLR,9,1,500,2,0.751376,0.752942043482376,0.206451226625,0.014386144125729,0.057934917500729,0.25
Lee2019-MI,TSBLR,9,2,500,2,0.83952,0.830038122215667,0.172203687125,0.0158475669992575,0.0936438798742575,0.25
Lee2019-MI,TSGP,1,1,600,2,0.672877777777778,0.748040705774398,0.246309137083333,0.0304679627809521,0.0341588256976187,0.25
Lee2019-MI,TSGP,1,2,600,2,0.680177777777778,0.768573025190209,0.2343845859375,0.0222234108696735,0.0378388249321735,0.25
Lee2019-MI,TSGP,10,1,500,2,0.73252,0.870486631724124,0.210730158375,0.00924671989177514,0.0485165615167751,0.25
Lee2019-MI,TSGP,10,2,500,2,0.66872,0.84255363542509,0.23624749675,0.0184769045145676,0.0322294077645676,0.25
Lee2019-MI,TSGP,2,1,600,2,0.715777777777778,0.63653092565401,0.258826315,0.0582495003529719,0.049423185352972,0.25
Lee2019-MI,TSGP,2,2,600,2,0.782961111111111,0.814028994543333,0.195938126666667,0.0126572499181865,0.0667191232515199,0.25
Lee2019-MI,TSGP,3,1,600,2,0.820138888888889,0.723356799902337,0.172593269791667,0.0149162651103401,0.0923229953186734,0.25
Lee2019-MI,TSGP,3,2,600,2,0.865633333333333,0.761931417770315,0.162186985416667,0.0182777646074472,0.10609077919078,0.25
Lee2019-MI,TSGP,4,1,600,2,0.723383333333333,0.806516126695004,0.213989033125,0.00939111540610771,0.0454020822811077,0.25
Lee2019-MI,TSGP,4,2,600,2,0.654494444444444,0.76857907920926,0.248493569791667,0.0326284806843797,0.034134910892713,0.25
Lee2019-MI,TSGP,5,1,500,2,0.673568,0.655310718161234,0.257840178875,0.0428117007499535,0.0349715218749535,0.25
Lee2019-MI,TSGP,5,2,500,2,0.784136,0.83385092146016,0.190101382,0.00951076892902694,0.0694093869290269,0.25
Lee2019-MI,TSGP,6,1,500,2,0.762384,0.748019614133149,0.200262919375,0.0165361867817092,0.0662732674067093,0.25
Lee2019-MI,TSGP,6,2,500,2,0.786336,0.725617693544173,0.188521559,0.0100494391768059,0.0715278801768059,0.25
Lee2019-MI,TSGP,7,1,500,2,0.736744,0.787404468674861,0.21078828975,0.0124914706609324,0.0517031809109324,0.25
Lee2019-MI,TSGP,7,2,500,2,0.802816,0.801223721292794,0.181326920375,0.00999306834258482,0.0786661479675848,0.25
Lee2019-MI,TSGP,8,1,500,2,0.803944,0.787119378169387,0.182285359125,0.0109331722278491,0.0786478131028491,0.25
Lee2019-MI,TSGP,8,2,500,2,0.710984,0.774877049965207,0.221419479,0.0165086813908268,0.0450892023908268,0.25
Lee2019-MI,TSGP,9,1,500,2,0.75264,0.776952797402379,0.203592856375,0.0131410905915652,0.0595482342165652,0.25
Lee2019-MI,TSGP,9,2,500,2,0.799232,0.808344389553009,0.186683476125,0.0120727822390191,0.0753893061140191,0.25
Lee2019-MI,TSLR,1,1,600,2,0.708822222222222,0.686876551898183,0.233934869935366,0.0256384068255321,0.0417035368901664,0.25
Lee2019-MI,TSLR,1,2,600,2,0.692066666666667,0.658522573027418,0.251155633542051,0.0489074530825543,0.0477518195405038,0.25
Lee2019-MI,TSLR,10,1,500,2,0.69032,0.724246316172323,0.239880916899567,0.0273586998577384,0.0374777829581719,0.25
Lee2019-MI,TSLR,10,2,500,2,0.672576,0.770564479991987,0.242942991959164,0.0274850855321552,0.0345420935729907,0.25
Lee2019-MI,TSLR,2,1,600,2,0.810322222222222,0.615381340444994,0.223887421323224,0.0557486261739081,0.0818612048506836,0.25
Lee2019-MI,TSLR,2,2,600,2,0.837833333333333,0.713163720628025,0.166147182740748,0.0114192889429651,0.0952721062022168,0.25
Lee2019-MI,TSLR,3,1,600,2,0.858411111111111,0.630868632281585,0.157795203927168,0.0127033975640057,0.104908193636837,0.25
Lee2019-MI,TSLR,3,2,600,2,0.867366666666667,0.643892718518207,0.157854767702701,0.0169537335022879,0.109098965799586,0.25
Lee2019-MI,TSLR,4,1,600,2,0.749433333333333,0.777269996273966,0.204460139021917,0.0107184691401064,0.0562583301181898,0.25
Lee2019-MI,TSLR,4,2,600,2,0.675077777777778,0.709136139124009,0.249463269865662,0.0340676864613229,0.0346044165956605,0.25
Lee2019-MI,TSLR,5,1,500,2,0.670432,0.531503608940767,0.266115381078992,0.0567507921748563,0.0406354110958647,0.25
Lee2019-MI,TSLR,5,2,500,2,0.810304,0.774050619411588,0.178210474599837,0.00915707494919252,0.0809466003493555,0.25
Lee2019-MI,TSLR,6,1,500,2,0.763136,0.613532843001339,0.230130575355483,0.0441592108196357,0.0640286354641527,0.25
Lee2019-MI,TSLR,6,2,500,2,0.799344,0.610769268063415,0.198224196829404,0.0250533093252082,0.0768291124958047,0.25
Lee2019-MI,TSLR,7,1,500,2,0.7844,0.706968463666074,0.191712005563603,0.0123399210987231,0.0706279155351205,0.25
Lee2019-MI,TSLR,7,2,500,2,0.814832,0.663414016716515,0.190095481081834,0.0311638925742825,0.0910684114924481,0.25
Lee2019-MI,TSLR,8,1,500,2,0.829104,0.697662835632922,0.17722422731763,0.017206525648666,0.0899822983310356,0.25
Lee2019-MI,TSLR,8,2,500,2,0.72216,0.67431984887672,0.232337979704551,0.0315601130127627,0.0492221333082113,0.25
Lee2019-MI,TSLR,9,1,500,2,0.755424,0.666294624201502,0.211681278201162,0.0210566581501666,0.0593753799490049,0.25
Lee2019-MI,TSLR,9,2,500,2,0.854272,0.759860896602562,0.162294366058248,0.0131173283457784,0.10082296228753,0.25
Lee2019-MI,TSSVM,1,1,600,2,0.7132,0.737461389322473,0.226137384511261,0.0194443501798472,0.0433069656685862,0.25
Lee2019-MI,TSSVM,1,2,600,2,0.690805555555556,0.708570675312568,0.241005166867113,0.0375227930108004,0.0465176261436872,0.25
Lee2019-MI,TSSVM,10,1,500,2,0.683856,0.758188662149036,0.238243425911773,0.0270700384897378,0.0388266125779651,0.25
Lee2019-MI,TSSVM,10,2,500,2,0.674728,0.811735334218168,0.235632946039187,0.0200488396890256,0.0344158936498384,0.25
Lee2019-MI,TSSVM,2,1,600,2,0.804844444444444,0.66317607790895,0.217459595546089,0.0461232213163016,0.0786636257702129,0.25
Lee2019-MI,TSSVM,2,2,600,2,0.833277777777778,0.758777847024895,0.169068307556392,0.00951577313720131,0.090447465580809,0.25
Lee2019-MI,TSSVM,3,1,600,2,0.853488888888889,0.68535192633653,0.15979044381372,0.0107270503723051,0.100936606558585,0.25
Lee2019-MI,TSSVM,3,2,600,2,0.863472222222222,0.698472675784827,0.158287153552644,0.0142730198604085,0.105985866307764,0.25
Lee2019-MI,TSSVM,4,1,600,2,0.744161111111111,0.812230557694731,0.20526344457762,0.00959496490212422,0.054331520324504,0.25
Lee2019-MI,TSSVM,4,2,600,2,0.675688888888889,0.755077948381571,0.241006215597629,0.0257370417204882,0.034730826122859,0.25
Lee2019-MI,TSSVM,5,1,500,2,0.668992,0.56778610092976,0.262351639402871,0.0512019199208755,0.0388502805180043,0.25
Lee2019-MI,TSSVM,5,2,500,2,0.805672,0.805459508903131,0.180742159150271,0.00941028220115889,0.078668123050888,0.25
Lee2019-MI,TSSVM,6,1,500,2,0.75808,0.665773815082143,0.22432249532885,0.039376527024963,0.0650540316961132,0.25
Lee2019-MI,TSSVM,6,2,500,2,0.798568,0.650254969305196,0.195662371993229,0.0228643362125849,0.0772019642193556,0.25
Lee2019-MI,TSSVM,7,1,500,2,0.792736,0.764307606906607,0.186198034656184,0.0116770868963351,0.075479052240151,0.25
Lee2019-MI,TSSVM,7,2,500,2,0.829296,0.740577885078429,0.174080236315335,0.0195584685350925,0.0954782322197576,0.25
Lee2019-MI,TSSVM,8,1,500,2,0.824344,0.740685914611647,0.177773060407725,0.0138911990492336,0.0861181386415082,0.25
Lee2019-MI,TSSVM,8,2,500,2,0.719552,0.724466348670258,0.225907078889707,0.0248482128142613,0.0489411339245541,0.25
Lee2019-MI,TSSVM,9,1,500,2,0.75216,0.716010078783125,0.208296195932343,0.018733843800917,0.0604376478685744,0.25
Lee2019-MI,TSSVM,9,2,500,2,0.8576,0.79223295771833,0.165086512493026,0.0177065322719935,0.102620019778967,0.25
Liu2024,BDCNN,1,0,200,2,0.4771,0.999785882449758,0.2503441975,0.00298900624316939,0.00264480874316941,0.25
Liu2024,BDCNN,10,0,200,2,0.5911,0.755237241639302,0.281725913125,0.0470157458148327,0.0152898326898327,0.25
Liu2024,BDCNN,2,0,200,2,0.52785,0.99982138198207,0.249956895,0.00575095741906242,0.00579406241906241,0.25
Liu2024,BDCNN,3,0,200,2,0.5414,0.817599761266576,0.2914962103125,0.0486169719655718,0.00712076165307177,0.25
Liu2024,BDCNN,4,0,200,2,0.61145,0.948973910499006,0.237889685625,0.0119196835396588,0.0240299979146588,0.25
Liu2024,BDCNN,5,0,200,2,0.60435,0.862174458057986,0.2601481203125,0.0280714667533147,0.0179233464408147,0.25
Liu2024,BDCNN,6,0,200,2,0.54135,0.671042570922256,0.3246460209375,0.0834091601287617,0.00876313919126173,0.25
Liu2024,BDCNN,7,0,200,2,0.5654,0.957941989694348,0.254863986875,0.0139286381524172,0.00906465127741723,0.25
Liu2024,BDCNN,8,0,200,2,0.5229,0.959693364701942,0.256349376875,0.0165076309207099,0.0101582540457099,0.25
Liu2024,BDCNN,9,0,200,2,0.5969,0.926207842842819,0.25024800875,0.0135002320701581,0.0132522233201581,0.25
Liu2024,BSCNN,1,0,200,2,0.58345,0.983291145101172,0.244656343125,0.0110960565816007,0.0164397134566007,0.25
Liu2024,BSCNN,10,0,200,2,0.58255,0.964651898977754,0.2416475284375,0.0112967161813373,0.0196491877438373,0.25
Liu2024,BSCNN,2,0,200,2,0.57945,0.972111873523075,0.2457645853125,0.00654895279686749,0.0107843674843675,0.25
Liu2024,BSCNN,3,0,200,2,0.49175,0.939346396263955,0.2713209440625,0.0249776322019468,0.00365668813944678,0.25
Liu2024,BSCNN,4,0,200,2,0.63525,0.972036200786593,0.2379866740625,0.0116006580168204,0.0236139839543204,0.25
Liu2024,BSCNN,5,0,200,2,0.5611,0.993737427607622,0.2482666959375,0.00782943301356767,0.00956273707606767,0.25
Liu2024,BSCNN,6,0,200,2,0.51765,0.971828398110283,0.257367130625,0.0118019636307524,0.00443483300575245,0.25
Liu2024,BSCNN,7,0,200,2,0.5813,0.960206300339527,0.24734289875,0.00743575589285717,0.0100928571428572,0.25
Liu2024,BSCNN,8,0,200,2,0.5509,0.9719698113895,0.2491597165625,0.0199650967090016,0.0208053801465016,0.25
Liu2024,BSCNN,9,0,200,2,0.5784,0.975718111747782,0.2466038059375,0.00787496359721523,0.0112711576597152,0.25
Liu2024,CSPBLDA,1,0,200,2,0.5464,0.998274165338156,0.248310010625,0.0210658585782163,0.0227558479532163,0.25
Liu2024,CSPBLDA,10,0,200,2,0.5634,0.99739036596056,0.2483827434375,0.00947429445184514,0.0110915510143451,0.25
Liu2024,CSPBLDA,2,0,200,2,0.52285,0.99830911641658,0.250274711875,0.00287628033419146,0.00260156845919146,0.25
Liu2024,CSPBLDA,3,0,200,2,0.5191,0.990192893103558,0.25292499375,0.0062894041888123,0.0033644104388123,0.25
Liu2024,CSPBLDA,4,0,200,2,0.5154,0.99757672862134,0.249580660625,0.00474731035743922,0.00516664973243922,0.25
Liu2024,CSPBLDA,5,0,200,2,0.51775,0.997583782863555,0.249145646875,0.0108297250707061,0.0116840781957061,0.25
Liu2024,CSPBLDA,6,0,200,2,0.5158,0.994314147354043,0.2507527153125,0.00409619387549073,0.00334347856299075,0.25
Liu2024,CSPBLDA,7,0,200,2,0.53965,0.996867336978304,0.2488484325,0.00870061952865764,0.00985218702865764,0.25
Liu2024,CSPBLDA,8,0,200,2,0.52095,0.997463528189637,0.252073025,0.0084385113654864,0.0063654863654864,0.25
Liu2024,CSPBLDA,9,0,200,2,0.5476,0.997641756484291,0.24926810125,0.00769736446370337,0.00842926321370338,0.25
Liu2024,CSPGP,1,0,200,2,0.5681,0.999749355438278,0.24896185125,0.00828281343212436,0.00932096218212436,0.25
Liu2024,CSPGP,10,0,200,2,0.5276,0.997763352395263,0.2494574265625,0.0108093357472266,0.0113519091847266,0.25
Liu2024,CSPGP,2,0,200,2,0.4602,0.998624516118579,0.2510800409375,0.00739432665178572,0.00631428571428569,0.25
Liu2024,CSPGP,3,0,200,2,0.5236,0.999665521386751,0.2494671446875,0.0113293241746795,0.0118621794871795,0.25
Liu2024,CSPGP,4,0,200,2,0.48925,0.998828819930513,0.251120524375,0.00231377039624492,0.00119324602124493,0.25
Liu2024,CSPGP,5,0,200,2,0.57005,0.99977389299258,0.2491946009375,0.0103008377239693,0.0111062367864693,0.25
Liu2024,CSPGP,6,0,200,2,0.52665,0.999584557752338,0.2496026946875,0.00711332732971159,0.00751063264221161,0.25
Liu2024,CSPGP,7,0,200,2,0.5575,0.9988455291579,0.2486560303125,0.00956840740908763,0.0109123770965876,0.25
Liu2024,CSPGP,8,0,200,2,0.5455,0.999163394488677,0.2488909815625,0.00473614424295679,0.00584516268045679,0.25
Liu2024,CSPGP,9,0,200,2,0.5548,0.999214215249559,0.2491109240625,0.012428168467941,0.013317244405441,0.25
Liu2024,CSPLDA,1,0,200,2,0.5595,0.996604618627234,0.246972133588761,0.0210538435454707,0.0240817099567099,0.25
Liu2024,CSPLDA,10,0,200,2,0.5709,0.996112618115146,0.247439784029949,0.00981028978620058,0.0123705057562517,0.25
Liu2024,CSPLDA,2,0,200,2,0.5135,0.997403192169381,0.250619057406218,0.00381469172355367,0.00319563431733519,0.25
Liu2024,CSPLDA,3,0,200,2,0.5092,0.983222807663713,0.255769777738931,0.0116176230754124,0.00584784533648169,0.25
Liu2024,CSPLDA,4,0,200,2,0.5149,0.996334330670523,0.249455240280714,0.00757319726329594,0.0081179569825823,0.25
Liu2024,CSPLDA,5,0,200,2,0.509,0.995759465880894,0.249655575752479,0.00922193202471727,0.00956635627223862,0.25
Liu2024,CSPLDA,6,0,200,2,0.5188,0.992037776195013,0.250981031468784,0.00423011158863662,0.00324908011985281,0.25
Liu2024,CSPLDA,7,0,200,2,0.5385,0.994573463063369,0.249249251008441,0.010558625322231,0.0113093743137901,0.25
Liu2024,CSPLDA,8,0,200,2,0.5575,0.995979334260558,0.251603497840994,0.0116635626471888,0.0100600648061948,0.25
Liu2024,CSPLDA,9,0,200,2,0.5325,0.995969488846808,0.249607347566238,0.00577544531236557,0.00616809774612712,0.25
Liu2024,CSPSVM,1,0,200,2,0.5908,0.999901753654227,0.24902767708089,0.0191492457083409,0.020121568627451,0.25
Liu2024,CSPSVM,10,0,200,2,0.53815,0.998684756389487,0.249150660974093,0.00527289073438231,0.00612222976028948,0.25
Liu2024,CSPSVM,2,0,200,2,0.4963,0.995395519076143,0.251775331576722,0.00612190326550677,0.00434657168878477,0.25
Liu2024,CSPSVM,3,0,200,2,0.50415,0.999762844434834,0.250032448435965,0.00308017401389235,0.00304772557792696,0.25
Liu2024,CSPSVM,4,0,200,2,0.5357,0.999201574610694,0.249432912772,0.00603798729517754,0.00660507452317796,0.25
Liu2024,CSPSVM,5,0,200,2,0.592,0.999933823670401,0.249064184592586,0.023568903799759,0.0245047192071732,0.25
Liu2024,CSPSVM,6,0,200,2,0.5,1,0.25,0,0,0.25
Liu2024,CSPSVM,7,0,200,2,0.5497,0.998813478660214,0.248543568190486,0.0128202480323829,0.0142766798418972,0.25
Liu2024,CSPSVM,8,0,200,2,0.5428,0.998988196720118,0.24987997874342,0.00607597681477923,0.00619599807135968,0.25
Liu2024,CSPSVM,9,0,200,2,0.5478,0.999816326401936,0.249440891363105,0.00776021909419786,0.00831932773109242,0.25
Liu2024,DCNN,1,0,200,2,0.4883,0.999548407071922,0.249451544801736,0.00355566290585452,0.00410411810411809,0.25
Liu2024,DCNN,10,0,200,2,0.5295,0.968967296935235,0.25225129496585,0.00960190812081146,0.00735061315496099,0.25
Liu2024,DCNN,2,0,200,2,0.588,0.996339386391762,0.2473897136164,0.0121804014003236,0.0147906877839235,0.25
Liu2024,DCNN,3,0,200,2,0.4969,0.776427863192566,0.321187899012362,0.0737041704221115,0.00251627140974969,0.25
Liu2024,DCNN,4,0,200,2,0.5538,0.999166858517029,0.249321369040623,0.0134031872224413,0.0140818181818182,0.25
Liu2024,DCNN,5,0,200,2,0.5815,0.992499111913878,0.24849642866375,0.00919335999146392,0.0106969313277135,0.25
Liu2024,DCNN,6,0,200,2,0.5234,0.976899583956532,0.250915088734207,0.0136270711961891,0.0127119824619825,0.25
Liu2024,DCNN,7,0,200,2,0.5165,0.993534985684505,0.251503976890389,0.00486156103893279,0.0033575841485434,0.25
Liu2024,DCNN,8,0,200,2,0.5096,0.996583683819162,0.250667873233921,0.0065115253066225,0.00584365207270124,0.25
Liu2024,DCNN,9,0,200,2,0.5862,0.984330540988472,0.248618466869849,0.0179168496317308,0.0192983827618814,0.25
Liu2024,SCNN,1,0,200,2,0.6144,0.930366116008215,0.242705796598915,0.0236598285210506,0.0309540319221352,0.25
Liu2024,SCNN,10,0,200,2,0.592,0.92155196307239,0.248729125364533,0.0191054135189594,0.020376288154426,0.25
Liu2024,SCNN,2,0,200,2,0.5954,0.93604361249534,0.246727574794359,0.0148091098062738,0.0180815350119148,0.25
Liu2024,SCNN,3,0,200,2,0.501,0.885920116219454,0.286847116688357,0.0400971166883569,0.00324999999999998,0.25
Liu2024,SCNN,4,0,200,2,0.6058,0.901049888008028,0.250776615841145,0.0233400598790468,0.0225634440379022,0.25
Liu2024,SCNN,5,0,200,2,0.6147,0.944279307644243,0.242622350602884,0.0157156105937616,0.023093259990878,0.25
Liu2024,SCNN,6,0,200,2,0.5466,0.873413860367821,0.275079875574243,0.0326048007985695,0.00752492522432702,0.25
Liu2024,SCNN,7,0,200,2,0.6026,0.873148418311141,0.255997275147065,0.0238793857265442,0.017882110579479,0.25
Liu2024,SCNN,8,0,200,2,0.5147,0.921729576180912,0.270132789770121,0.0305042352907962,0.0103714455206753,0.25
Liu2024,SCNN,9,0,200,2,0.5872,0.926433768993689,0.251521027703949,0.0160522966713881,0.0145312689674392,0.25
Liu2024,TSBLR,1,0,200,2,0.5092,0.981285907810261,0.25601361,0.00992909927263214,0.00391548927263213,0.25
Liu2024,TSBLR,10,0,200,2,0.5894,0.98718684341402,0.2426336740625,0.0176822167160229,0.0250485426535229,0.25
Liu2024,TSBLR,2,0,200,2,0.50365,0.989385157132793,0.2539492321875,0.00706844909003412,0.00311921690253414,0.25
Liu2024,TSBLR,3,0,200,2,0.52825,0.958376212525599,0.25810517625,0.0168452622509556,0.00874008600095558,0.25
Liu2024,TSBLR,4,0,200,2,0.57645,0.992007256835146,0.247351688125,0.0145080192336392,0.0171563311086392,0.25
Liu2024,TSBLR,5,0,200,2,0.52605,0.975883226387916,0.25442396875,0.0133007277403954,0.00887675899039536,0.25
Liu2024,TSBLR,6,0,200,2,0.51825,0.983231545085829,0.2542708728125,0.00787966900779646,0.00360879619529647,0.25
Liu2024,TSBLR,7,0,200,2,0.5801,0.988951096779253,0.2459886571875,0.013481112906039,0.017492455718539,0.25
Liu2024,TSBLR,8,0,200,2,0.5375,0.95892130474874,0.25958989375,0.0188927395835836,0.00930284583358354,0.25
Liu2024,TSBLR,9,0,200,2,0.55945,0.990939998436523,0.245475588125,0.0120512701900438,0.0165756820650438,0.25
Liu2024,TSGP,1,0,200,2,0.5356,0.999073894834238,0.24937574375,0.00663144338556232,0.00725569963556233,0.25
Liu2024,TSGP,10,0,200,2,0.5754,0.999751226420645,0.248813703125,0.0122516493453969,0.0134379462203969,0.25
Liu2024,TSGP,2,0,200,2,0.5302,0.999599765319046,0.249516175,0.00524207369281046,0.00572589869281045,0.25
Liu2024,TSGP,3,0,200,2,0.5487,0.998283227277229,0.2486931778125,0.00902870912900958,0.0103355313165096,0.25
Liu2024,TSGP,4,0,200,2,0.55445,0.999648861795326,0.2490279184375,0.0110300848355467,0.0120021663980467,0.25
Liu2024,TSGP,5,0,200,2,0.54885,0.999420738415374,0.2488119309375,0.00726351444171508,0.00845158350421507,0.25
Liu2024,TSGP,6,0,200,2,0.52765,0.998750701956097,0.2499387734375,0.00290984652629253,0.00297107308879252,0.25
Liu2024,TSGP,7,0,200,2,0.56405,0.999638216488736,0.248852859375,0.0125170140500324,0.0136641546750324,0.25
Liu2024,TSGP,8,0,200,2,0.52665,0.99816746205187,0.250156679375,0.00427516906558018,0.00411848969058015,0.25
Liu2024,TSGP,9,0,200,2,0.5611,0.999631795285095,0.2490963296875,0.00783540768267554,0.00873907799517554,0.25
Liu2024,TSLR,1,0,200,2,0.5145,0.974579764325016,0.257105403447616,0.011631918599131,0.00452651515151517,0.25
Liu2024,TSLR,10,0,200,2,0.5843,0.976868847983376,0.244155402873056,0.0174244282402118,0.0232690253671562,0.25
Liu2024,TSLR,2,0,200,2,0.504,0.981594452121979,0.255938180587864,0.00780544471532219,0.0018672641274583,0.25
Liu2024,TSLR,3,0,200,2,0.5328,0.944547943208981,0.261409572311957,0.018194264236947,0.00678469192499043,0.25
Liu2024,TSLR,4,0,200,2,0.5608,0.987296014137714,0.24882177922906,0.0195745264818074,0.0207527472527473,0.25
Liu2024,TSLR,5,0,200,2,0.5243,0.962705457611809,0.258276752841663,0.0155934573012245,0.00731670445956159,0.25
Liu2024,TSLR,6,0,200,2,0.5121,0.977367883795289,0.256197908283431,0.0112044369850814,0.00500652870165066,0.25
Liu2024,TSLR,7,0,200,2,0.5855,0.984426540363494,0.245838953361338,0.0162315766279018,0.0203926232665639,0.25
Liu2024,TSLR,8,0,200,2,0.5309,0.942100284181721,0.264884893231035,0.022291559897702,0.00740666666666667,0.25
Liu2024,TSLR,9,0,200,2,0.5701,0.985176325116288,0.244733331334718,0.0101632717646582,0.0154299404299404,0.25
Liu2024,TSSVM,1,0,200,2,0.51475,0.998427026746642,0.250078085154802,0.00463320109149701,0.00455511593669489,0.25
Liu2024,TSSVM,10,0,200,2,0.5,1,0.25,0,0,0.25
Liu2024,TSSVM,2,0,200,2,0.49365,0.998833715372183,0.250622143724161,0.00267724891620866,0.00205510519204785,0.25
Liu2024,TSSVM,3,0,200,2,0.5265,0.997643007278554,0.249359156380668,0.00697270949422094,0.00761355311355311,0.25
Liu2024,TSSVM,4,0,200,2,0.5332,0.999761293954697,0.249560398830602,0.0158723237116959,0.0163119248810944,0.25
Liu2024,TSSVM,5,0,200,2,0.526,0.998638823805161,0.249655526531389,0.00756301311757271,0.00790748658618379,0.25
Liu2024,TSSVM,6,0,200,2,0.5101,0.998787753961502,0.250003985128509,0.00533833705109618,0.00533435192258722,0.25
Liu2024,TSSVM,7,0,200,2,0.577,0.999273142706419,0.248421606499336,0.0120544267664445,0.0136328202671082,0.25
Liu2024,TSSVM,8,0,200,2,0.5355,0.995501851875911,0.250389697326897,0.00738201683534506,0.00699231950844853,0.25
Liu2024,TSSVM,9,0,200,2,0.5832,0.999932067135564,0.249171315974807,0.0138006089040994,0.0146292929292929,0.25
PhysionetMotorImagery,BDCNN,1,0,495,2,0.766994253624135,0.844425508698015,0.196233166287879,0.00742565689676122,0.0611914703048318,0.249998979695949
PhysionetMotorImagery,BDCNN,10,0,462,2,0.702822497516727,0.89308762280739,0.21600320995671,0.00977369562482633,0.0437517453896358,0.249981259721519
PhysionetMotorImagery,BDCNN,11,0,498,2,0.686396115941094,0.828716858772002,0.224949015562249,0.011479055710752,0.0365139113763864,0.249983871227883
PhysionetMotorImagery,BDCNN,12,0,493,2,0.749267634376749,0.829865826847483,0.203207192444219,0.00708703772307204,0.0538788166796816,0.249998971400829
PhysionetMotorImagery,BDCNN,2,0,495,2,0.7388,0.727247380807027,0.213192075757576,0.0179670866291201,0.0547495032702791,0.249974492398735
PhysionetMotorImagery,BDCNN,3,0,495,2,0.604391924999183,0.79813245231288,0.266639625252525,0.0316049561441116,0.0148418741014629,0.249876543209877
PhysionetMotorImagery,BDCNN,4,0,495,2,0.670743256482268,0.869901809973495,0.228090792045455,0.00950085309169643,0.0313600661477621,0.24995000510152
PhysionetMotorImagery,BDCNN,5,0,495,2,0.801400724850622,0.855250165879434,0.188462335732323,0.0176413586265164,0.0791698401577378,0.249990817263545
PhysionetMotorImagery,BDCNN,6,0,495,2,0.712465306122449,0.890627929015851,0.214237694570707,0.00885252416569055,0.0445893219937183,0.249974492398735
PhysionetMotorImagery,BDCNN,9,0,495,2,0.728687238493724,0.862867607728828,0.213697671590909,0.0107960862173971,0.0468035467558625,0.249705132129375
PhysionetMotorImagery,BSCNN,1,0,495,2,0.791220451874102,0.801407172454326,0.18896134280303,0.0127744843726094,0.0738121212655285,0.249998979695949
PhysionetMotorImagery,BSCNN,10,0,462,2,0.752197462376071,0.818781598440802,0.204721552083333,0.012810000625232,0.0580697082634181,0.249981259721519
PhysionetMotorImagery,BSCNN,11,0,498,2,0.71216349178186,0.806236608800385,0.219144018448795,0.0144676224560267,0.0453074752351149,0.249983871227883
PhysionetMotorImagery,BSCNN,12,0,493,2,0.798747572495968,0.749829778177705,0.183581883493915,0.00652619266915444,0.0729432805760683,0.249998971400829
PhysionetMotorImagery,BSCNN,2,0,495,2,0.837159183673469,0.749189746850704,0.167233222853535,0.00940106685768657,0.092142336402886,0.249974492398735
PhysionetMotorImagery,BSCNN,3,0,495,2,0.607756508672786,0.739930663814289,0.279234000378788,0.0453537700405413,0.0159963128716299,0.249876543209877
PhysionetMotorImagery,BSCNN,4,0,495,2,0.650953562797988,0.824575186333024,0.241025488762626,0.0176009649626084,0.0265254813015024,0.24995000510152
PhysionetMotorImagery,BSCNN,5,0,495,2,0.843895908838606,0.815919747155898,0.167902447979798,0.0140069563804639,0.0960953256642104,0.249990817263545
PhysionetMotorImagery,BSCNN,6,0,495,2,0.715191836734694,0.859029682118013,0.214352293181818,0.00882955696437898,0.0444517561812956,0.249974492398735
PhysionetMotorImagery,BSCNN,9,0,495,2,0.732103164225941,0.789010465607576,0.213962238888889,0.0149426223754169,0.0506855156159026,0.249705132129375
PhysionetMotorImagery,CSPBLDA,1,0,495,2,0.732205824735536,0.937053435320346,0.214864281186869,0.0175990095337182,0.052733708042799,0.249998979695949
PhysionetMotorImagery,CSPBLDA,10,0,462,2,0.719896171074086,0.967037332713454,0.220003917478355,0.016346181024266,0.0463235232674304,0.249981259721519
PhysionetMotorImagery,CSPBLDA,11,0,498,2,0.605464780553898,0.880974407156122,0.254538387926707,0.0258929883150781,0.0213384716162547,0.249983871227883
PhysionetMotorImagery,CSPBLDA,12,0,493,2,0.67479674796748,0.918730044854497,0.226158146424949,0.00981263203867452,0.0336534570145539,0.249998971400829
PhysionetMotorImagery,CSPBLDA,2,0,495,2,0.736914285714286,0.93718746522717,0.215298816540404,0.0213498968862605,0.0560255727445913,0.249974492398735
PhysionetMotorImagery,CSPBLDA,3,0,495,2,0.547438996504753,0.808515982040843,0.290853151893939,0.0459935961273079,0.005016987443245,0.249876543209877
PhysionetMotorImagery,CSPBLDA,4,0,495,2,0.632021095944093,0.952153145686443,0.240076629292929,0.00881009946035105,0.018683475268942,0.24995000510152
PhysionetMotorImagery,CSPBLDA,5,0,495,2,0.728662617951481,0.946315800780453,0.217021688131313,0.0194781689917235,0.0524472981239549,0.249990817263545
PhysionetMotorImagery,CSPBLDA,6,0,495,2,0.681722448979592,0.965430935223159,0.229490428787879,0.0141820347538812,0.0346660983647372,0.249974492398735
PhysionetMotorImagery,CSPBLDA,9,0,495,2,0.670779942468619,0.942267186934397,0.231565406565657,0.0113771339584249,0.0295168595221429,0.249705132129375
PhysionetMotorImagery,CSPGP,1,0,495,2,0.732369074049889,0.900723840063143,0.215061568308081,0.0155427573624878,0.0504801687503564,0.249998979695949
PhysionetMotorImagery,CSPGP,10,0,462,2,0.712971119065914,0.93661220883341,0.216438688717532,0.0115039755328381,0.0450465465368251,0.249981259721519
PhysionetMotorImagery,CSPGP,11,0,498,2,0.593431940255174,0.867974016833298,0.255623881526104,0.0223715674073142,0.0167315571090932,0.249983871227883
PhysionetMotorImagery,CSPGP,12,0,493,2,0.680400579309437,0.896110035971083,0.227864062626775,0.0106694957703677,0.0328044045444215,0.249998971400829
PhysionetMotorImagery,CSPGP,2,0,495,2,0.745885714285714,0.897920262410306,0.205207209469697,0.0143524276943771,0.0591197106234149,0.249974492398735
PhysionetMotorImagery,CSPGP,3,0,495,2,0.563731094632999,0.8934155596049,0.262731969949495,0.0264462456398193,0.0135908189002009,0.249876543209877
PhysionetMotorImagery,CSPGP,4,0,495,2,0.642879302462282,0.941101624178949,0.234597282828283,0.00673020682512349,0.0220829290983609,0.24995000510152
PhysionetMotorImagery,CSPGP,5,0,495,2,0.761615567962909,0.927612639304943,0.208024301515151,0.0169788189709827,0.0589453347193758,0.249990817263545
PhysionetMotorImagery,CSPGP,6,0,495,2,0.641983673469388,0.948831333133992,0.232481005681818,0.00957930258789541,0.027072789304812,0.249974492398735
PhysionetMotorImagery,CSPGP,9,0,495,2,0.653430635460251,0.896532326276891,0.237919253282828,0.012320282134182,0.0241061609807283,0.249705132129375
PhysionetMotorImagery,CSPLDA,1,0,495,2,0.732107875146924,0.944482556854432,0.215481397912577,0.0179673180404651,0.0524848998238373,0.249998979695949
PhysionetMotorImagery,CSPLDA,10,0,462,2,0.719062166163765,0.966601156228603,0.219870397256573,0.0154832050956442,0.0455940675605907,0.249981259721519
PhysionetMotorImagery,CSPLDA,11,0,498,2,0.607981031340226,0.876398612599027,0.254714402851192,0.0263946296934981,0.0216640980701897,0.249983871227883
PhysionetMotorImagery,CSPLDA,12,0,493,2,0.674121984134821,0.922614035626862,0.225819815713569,0.0101790381547235,0.0343581938419834,0.249998971400829
PhysionetMotorImagery,CSPLDA,2,0,495,2,0.739314285714286,0.946608961034517,0.215572320314981,0.0234879853964847,0.0578901574802388,0.249974492398735
PhysionetMotorImagery,CSPLDA,3,0,495,2,0.548443471727697,0.809554236621349,0.291456518537313,0.0468574654970697,0.00527749016963311,0.249876543209877
PhysionetMotorImagery,CSPLDA,4,0,495,2,0.635360198550062,0.957676576523279,0.23986672075114,0.00919594223288894,0.0192792265832689,0.24995000510152
PhysionetMotorImagery,CSPLDA,5,0,495,2,0.724622065497763,0.941740533771925,0.217001203080442,0.0194813550866058,0.0524709692697082,0.249990817263545
PhysionetMotorImagery,CSPLDA,6,0,495,2,0.67970612244898,0.965277544511476,0.230066777777771,0.0116814131513737,0.0315891277723372,0.249974492398735
PhysionetMotorImagery,CSPLDA,9,0,495,2,0.66991370292887,0.950041958486375,0.232351163771381,0.0113215327134956,0.028675501071489,0.249705132129375
PhysionetMotorImagery,CSPSVM,1,0,495,2,0.741119237299203,0.920743845208591,0.214078472479309,0.0172361293843874,0.0531566366010283,0.249998979695949
PhysionetMotorImagery,CSPSVM,10,0,462,2,0.710272316659482,0.941472028334184,0.217542175750798,0.0103033551965989,0.0427424391673201,0.249981259721519
PhysionetMotorImagery,CSPSVM,11,0,498,2,0.593472264787006,0.886419797918801,0.252886364718398,0.0214188781085912,0.0185163846180764,0.249983871227883
PhysionetMotorImagery,CSPSVM,12,0,493,2,0.675224646983312,0.892666458031382,0.22996697242056,0.0092278601622284,0.0292598591424967,0.249998971400829
PhysionetMotorImagery,CSPSVM,2,0,495,2,0.7408,0.920698992899556,0.208550849093809,0.018587190895969,0.0600108342008947,0.249974492398735
PhysionetMotorImagery,CSPSVM,3,0,495,2,0.55616894783262,0.892818740878626,0.266882959032866,0.0270207290001518,0.0100143131771624,0.249876543209877
PhysionetMotorImagery,CSPSVM,4,0,495,2,0.632421135131605,0.948602084011809,0.236427908171187,0.00683540767530955,0.0203575046056429,0.24995000510152
PhysionetMotorImagery,CSPSVM,5,0,495,2,0.738106899141281,0.935292203147829,0.212367921199179,0.0164093900158153,0.0540322860801808,0.249990817263545
PhysionetMotorImagery,CSPSVM,6,0,495,2,0.655551020408163,0.952562198191576,0.231700688180444,0.0104418643938787,0.02871566861217,0.249974492398735
PhysionetMotorImagery,CSPSVM,9,0,495,2,0.652981171548117,0.907316248137106,0.237630167174534,0.0115291042261939,0.0236040691810345,0.249705132129375
PhysionetMotorImagery,DCNN,1,0,495,2,0.737315528274781,0.811227073555494,0.209348116121619,0.0109935872269052,0.051644450801236,0.249998979695949
PhysionetMotorImagery,DCNN,10,0,462,2,0.704818486796484,0.876262107139371,0.219355464929697,0.00930366202319316,0.0399294568150161,0.249981259721519
PhysionetMotorImagery,DCNN,11,0,498,2,0.668580737777634,0.816756918373481,0.235113024328573,0.0173100273222317,0.0321808742215419,0.249983871227883
PhysionetMotorImagery,DCNN,12,0,493,2,0.729683025575195,0.790071878683945,0.214115611215917,0.0116521151120435,0.0475354752969555,0.249998971400829
PhysionetMotorImagery,DCNN,2,0,495,2,0.752163265306122,0.757562988520365,0.206851725598553,0.0130279389686489,0.0561507057688308,0.249974492398735
PhysionetMotorImagery,DCNN,3,0,495,2,0.617392937640872,0.751789430301744,0.268097829935565,0.0343828924502685,0.0161616057245797,0.249876543209877
PhysionetMotorImagery,DCNN,4,0,495,2,0.654366141989419,0.861084397569442,0.231592783354598,0.0116855315701953,0.030042753317118,0.24995000510152
PhysionetMotorImagery,DCNN,5,0,495,2,0.786462924870213,0.834193212443539,0.193010522590171,0.0137615077103681,0.0707418023837412,0.249990817263545
PhysionetMotorImagery,DCNN,6,0,495,2,0.689632653061224,0.913793259898773,0.224664336710499,0.0107835994978064,0.0360937551860422,0.249974492398735
PhysionetMotorImagery,DCNN,9,0,495,2,0.697715088912134,0.839010191254,0.2290198116221,0.0184198378830824,0.0391051583903566,0.249705132129375
PhysionetMotorImagery,SCNN,1,0,495,2,0.76954094292804,0.794820808715437,0.197486551574973,0.00983412438216005,0.062346552503136,0.249998979695949
PhysionetMotorImagery,SCNN,10,0,462,2,0.768202859980883,0.812246452729108,0.198488233839308,0.0124874549108826,0.0639804807930938,0.249981259721519
PhysionetMotorImagery,SCNN,11,0,498,2,0.738406697098247,0.798954412993913,0.209966668191759,0.0092923600740539,0.0493095631101788,0.249983871227883
PhysionetMotorImagery,SCNN,12,0,493,2,0.802294197031039,0.723963402400303,0.182227008421294,0.0080393760087088,0.0758113389882436,0.249998971400829
PhysionetMotorImagery,SCNN,2,0,495,2,0.828734693877551,0.656899343100249,0.173264704410403,0.012150642950187,0.0888604309385184,0.249974492398735
PhysionetMotorImagery,SCNN,3,0,495,2,0.612321562734786,0.741863446941077,0.276071134544707,0.0432970458523187,0.0171024545174878,0.249876543209876
PhysionetMotorImagery,SCNN,4,0,495,2,0.656439814512442,0.827770519549607,0.240201687641015,0.0168713490116469,0.0266196664721525,0.24995000510152
PhysionetMotorImagery,SCNN,5,0,495,2,0.855176804780096,0.802621754217328,0.163364966373386,0.0156378079005003,0.102263658790658,0.249990817263545
PhysionetMotorImagery,SCNN,6,0,495,2,0.736702040816327,0.851454910502443,0.208170312201678,0.00978016931171047,0.0515843495087676,0.249974492398735
PhysionetMotorImagery,SCNN,9,0,495,2,0.734276935146444,0.737827052223358,0.219158151685232,0.0219505910009893,0.0524975714451316,0.249705132129375
PhysionetMotorImagery,TSBLR,1,0,495,2,0.743168016194332,0.886482306622386,0.206082993434343,0.00781302618533888,0.0517290124469448,0.249998979695949
PhysionetMotorImagery,TSBLR,10,0,462,2,0.708201360646213,0.8971861883628,0.214521881087662,0.00818019887155508,0.0436395775054122,0.249981259721519
PhysionetMotorImagery,TSBLR,11,0,498,2,0.648184589576915,0.858678754195839,0.243230824548193,0.0213847996629141,0.0281378463426048,0.249983871227883
PhysionetMotorImagery,TSBLR,12,0,493,2,0.699400941377835,0.850639776637237,0.22192647046146,0.0110176185231581,0.0390901194625263,0.249998971400829
PhysionetMotorImagery,TSBLR,2,0,495,2,0.792987755102041,0.890135262603595,0.190222935858586,0.0116622808914828,0.0714138374316317,0.249974492398735
PhysionetMotorImagery,TSBLR,3,0,495,2,0.561215823343024,0.883925025241052,0.264798230176768,0.0271979836782376,0.0122762967113464,0.249876543209877
PhysionetMotorImagery,TSBLR,4,0,495,2,0.6021814381817,0.912757318241375,0.247035519823232,0.0126466953001123,0.0155611805784002,0.24995000510152
PhysionetMotorImagery,TSBLR,5,0,495,2,0.746783883501486,0.892282256327205,0.205777200378788,0.0114891641565094,0.055702781041266,0.249990817263545
PhysionetMotorImagery,TSBLR,6,0,495,2,0.6792,0.927001282326268,0.22639317020202,0.00742234350892335,0.031003665705638,0.249974492398735
PhysionetMotorImagery,TSBLR,9,0,495,2,0.673305112447699,0.885670797062189,0.233666689015152,0.0186289305445439,0.0346673736587669,0.249705132129375
PhysionetMotorImagery,TSGP,1,0,495,2,0.730140720908972,0.907409713077197,0.210215062373737,0.0123377770088005,0.0521216943310125,0.249998979695949
PhysionetMotorImagery,TSGP,10,0,462,2,0.698137076672227,0.919478089077055,0.218295142316017,0.00818797984733072,0.0398740972528328,0.249981259721519
PhysionetMotorImagery,TSGP,11,0,498,2,0.621384905721245,0.88413879456168,0.246139653488956,0.0200659598778983,0.023910177616826,0.249983871227883
PhysionetMotorImagery,TSGP,12,0,493,2,0.681807708765347,0.858392916157258,0.228127217925963,0.0134164507953672,0.0352882042702324,0.249998971400829
PhysionetMotorImagery,TSGP,2,0,495,2,0.747142857142857,0.91973219600931,0.205097223863636,0.0124235838883562,0.0573008524234546,0.249974492398735
PhysionetMotorImagery,TSGP,3,0,495,2,0.554151830921504,0.865008253713205,0.273685124116162,0.0314188148974294,0.00761023399114424,0.249876543209877
PhysionetMotorImagery,TSGP,4,0,495,2,0.567704591470185,0.909572124728634,0.258528348737374,0.0182145685196551,0.00963622488380159,0.24995000510152
PhysionetMotorImagery,TSGP,5,0,495,2,0.705594736670258,0.925596752774088,0.217111949368687,0.0148696903878923,0.04774855828275,0.249990817263545
PhysionetMotorImagery,TSGP,6,0,495,2,0.659689795918367,0.929203519457008,0.231870231439394,0.00808814091725082,0.0261924018765917,0.249974492398735
PhysionetMotorImagery,TSGP,9,0,495,2,0.657533015167364,0.904285779577998,0.237891170959596,0.015557158214084,0.0273711193838627,0.249705132129375
PhysionetMotorImagery,TSLR,1,0,495,2,0.753330286012799,0.764836209696405,0.205100651666967,0.01080868029704,0.0557070083260224,0.249998979695949
PhysionetMotorImagery,TSLR,10,0,462,2,0.69351725171955,0.785784186560141,0.22709031623636,0.0153585964172941,0.0382495399024533,0.249981259721519
PhysionetMotorImagery,TSLR,11,0,498,2,0.645998999951611,0.730627389707088,0.259993927975145,0.0359595064652183,0.025949449717957,0.249983871227883
PhysionetMotorImagery,TSLR,12,0,493,2,0.72125670649419,0.6991197260746,0.227093980995669,0.0244620132180234,0.0473670036231829,0.249998971400829
PhysionetMotorImagery,TSLR,2,0,495,2,0.776408163265306,0.736582249697606,0.194796908490148,0.00949456230475393,0.0646721462133407,0.249974492398735
PhysionetMotorImagery,TSLR,3,0,495,2,0.562669454153464,0.745769149416932,0.294934096868912,0.0563043780725686,0.0112468244135327,0.249876543209877
PhysionetMotorImagery,TSLR,4,0,495,2,0.601250734765855,0.785099116779327,0.269734067577591,0.0369985496979254,0.0172144872218547,0.24995000510152
PhysionetMotorImagery,TSLR,5,0,495,2,0.797466287915891,0.798395768066246,0.186791114503897,0.0105766869483132,0.0737763897079612,0.249990817263545
PhysionetMotorImagery,TSLR,6,0,495,2,0.66269387755102,0.798962558326894,0.243806265919194,0.0210843220834103,0.0272525485629514,0.249974492398735
PhysionetMotorImagery,TSLR,9,0,495,2,0.671842311715481,0.760943127320324,0.247662053688843,0.0287268369225617,0.0307699153630929,0.249705132129375
PhysionetMotorImagery,TSSVM,1,0,495,2,0.761149928170302,0.875123626673108,0.20095441977127,0.010775029449073,0.059819589373752,0.249998979695949
PhysionetMotorImagery,TSSVM,10,0,462,2,0.701454354630133,0.872490817014572,0.217861205203472,0.00815096059415865,0.0402710151122065,0.249981259721519
PhysionetMotorImagery,TSSVM,11,0,498,2,0.646369985644467,0.854491139723732,0.242247105526968,0.0170449957262061,0.0247817614271219,0.249983871227883
PhysionetMotorImagery,TSSVM,12,0,493,2,0.717109377571508,0.822665541196944,0.216547870581987,0.0124376561886378,0.0458887570074798,0.249998971400829
PhysionetMotorImagery,TSSVM,2,0,495,2,0.771412244897959,0.854855394505998,0.194903890380205,0.00637051268732405,0.0614411147058539,0.249974492398735
PhysionetMotorImagery,TSSVM,3,0,495,2,0.563682095841636,0.846885270991225,0.274554611286842,0.0351101296442219,0.0104320615672564,0.249876543209877
PhysionetMotorImagery,TSSVM,4,0,495,2,0.595095029717197,0.889215068761936,0.252663863615467,0.0179553275517672,0.0152414690378204,0.24995000510152
PhysionetMotorImagery,TSSVM,5,0,495,2,0.79048715185947,0.889789404396337,0.194380140440953,0.0170384713989002,0.0726491482214917,0.249990817263545
PhysionetMotorImagery,TSSVM,6,0,495,2,0.673844897959184,0.909049535134144,0.226871211262449,0.00798311284700651,0.0310863939832927,0.249974492398735
PhysionetMotorImagery,TSSVM,9,0,495,2,0.674212212343096,0.869281784045386,0.231023176292844,0.0142234721828928,0.0329054280194235,0.249705132129375
Schirrmeister2017,BDCNN,1,0,760,2,0.740322022160665,0.650448603286716,0.228358729440789,0.029848139406818,0.0514894099660285,0.25
Schirrmeister2017,BDCNN,12,0,520,2,0.998084319526627,0.0718912478200555,0.0173081106971154,0.00527489391389857,0.237966783216783,0.25
Schirrmeister2017,BDCNN,2,0,966,2,0.810316004252255,0.386536900112109,0.208282654114907,0.0388648335240924,0.080581107777004,0.249998928367818
Schirrmeister2017,BDCNN,3,0,520,2,0.953239644970414,0.206465140942583,0.334415424519231,0.266449384715308,0.182033960196077,0.25
Schirrmeister2017,BDCNN,4,0,528,2,0.997331267217631,0.0645705097039138,0.0177008494318182,0.0032207693267381,0.23551991989492,0.25
Schirrmeister2017,BDCNN,5,0,960,2,0.905525173611111,0.284822975032809,0.144156998632812,0.0247440487090523,0.13058705007624,0.25
Schirrmeister2017,BDCNN,6,0,520,2,0.697692307692308,0.435885878528857,0.332584178966346,0.11838889647543,0.0358047175090841,0.25
Schirrmeister2017,BDCNN,7,0,520,2,0.758587278106509,0.572878985682289,0.223822590865385,0.0324212161093416,0.058598625243957,0.25
Schirrmeister2017,BDCNN,8,0,928,2,0.810806982015458,0.272568846360241,0.221364812365302,0.0499085820360075,0.0785437696707058,0.25
Schirrmeister2017,BDCNN,9,0,520,2,0.633276627218935,0.638040546269458,0.282057505168269,0.0535465222165603,0.0214890170482911,0.25
Schirrmeister2017,BSCNN,1,0,760,2,0.67845567867036,0.664935932657835,0.266470702055921,0.049360154219099,0.0328894521631779,0.25
Schirrmeister2017,BSCNN,12,0,520,2,0.998890532544379,0.232236711719745,0.0250223063701923,0.0145308533787393,0.239508547008547,0.25
Schirrmeister2017,BSCNN,2,0,966,2,0.81087111210178,0.635858931322142,0.180099385351967,0.0100363852214548,0.0799359282373064,0.249998928367818
Schirrmeister2017,BSCNN,3,0,520,2,0.977019230769231,0.399874775344366,0.166637879206731,0.118393046989784,0.201755167783053,0.25
Schirrmeister2017,BSCNN,4,0,528,2,0.996470385674931,0.218543835960847,0.0228056434659091,0.00566349760644294,0.232857854140534,0.25
Schirrmeister2017,BSCNN,5,0,960,2,0.862957899305556,0.517055378037214,0.215271612174479,0.0712641708567821,0.105992558682303,0.25
Schirrmeister2017,BSCNN,6,0,520,2,0.675532544378698,0.72917967322332,0.264239969471154,0.0447744481702582,0.0305344786991043,0.25
Schirrmeister2017,BSCNN,7,0,520,2,0.714238165680473,0.750505580525317,0.224335717908654,0.0212400222526379,0.0469043043439841,0.25
Schirrmeister2017,BSCNN,8,0,928,2,0.766804771105826,0.464130303653078,0.241640661839978,0.0606977365711941,0.0690570747312156,0.25
Schirrmeister2017,BSCNN,9,0,520,2,0.662492603550296,0.680670358632001,0.28319089375,0.0610444234395025,0.0278535296895026,0.25
Schirrmeister2017,CSPBLDA,1,0,760,2,0.555921052631579,0.845567428053403,0.286940195230263,0.0495999430174186,0.0126597477871555,0.25
Schirrmeister2017,CSPBLDA,12,0,520,2,0.92551775147929,0.8165430969156,0.155300271754808,0.0532687762426832,0.147968504487875,0.25
Schirrmeister2017,CSPBLDA,2,0,966,2,0.646934261513666,0.905241115856982,0.245672878623188,0.0188525881220413,0.0231786378666713,0.249998928367818
Schirrmeister2017,CSPBLDA,3,0,520,2,0.858520710059172,0.982296571805379,0.213829200721154,0.0679996050357252,0.104170404314571,0.25
Schirrmeister2017,CSPBLDA,4,0,528,2,0.883343376951331,0.735813854113746,0.277695052320076,0.147284035182489,0.119588982862413,0.25
Schirrmeister2017,CSPBLDA,5,0,960,2,0.640399305555556,0.959145351024966,0.236626270507813,0.0251831522527009,0.0385568817448884,0.25
Schirrmeister2017,CSPBLDA,6,0,520,2,0.632855029585799,0.526398396288645,0.378532872836538,0.149661731744317,0.0211288589077785,0.25
Schirrmeister2017,CSPBLDA,7,0,520,2,0.54685650887574,0.857666798396439,0.284436215625,0.0415770084148313,0.00714079278983126,0.25
Schirrmeister2017,CSPBLDA,8,0,928,2,0.707655971313912,0.796903897395501,0.225336753569504,0.02163085741679,0.0462941038472857,0.25
Schirrmeister2017,CSPBLDA,9,0,520,2,0.572906804733728,0.980371700454018,0.248488533293269,0.0100115010336179,0.0115229677403486,0.25
Schirrmeister2017,CSPGP,1,0,760,2,0.564875346260388,0.955079805897771,0.249739549588816,0.00886847278352842,0.00912892319471265,0.25
Schirrmeister2017,CSPGP,12,0,520,2,0.966153846153846,0.551472800080351,0.0782060055288462,0.0126924646027386,0.184486459073892,0.25
Schirrmeister2017,CSPGP,2,0,966,2,0.64815164089023,0.848397959790867,0.248211459692029,0.0200532433880455,0.021840712063835,0.249998928367818
Schirrmeister2017,CSPGP,3,0,520,2,0.837403846153846,0.818313045319309,0.186332135216346,0.0303964088858941,0.0940642736695479,0.25
Schirrmeister2017,CSPGP,4,0,528,2,0.388523014233241,0.68627004218554,0.370695976207386,0.12340777400348,0.00271179779609368,0.25
Schirrmeister2017,CSPGP,5,0,960,2,0.715772569444444,0.819195720150173,0.213625686653646,0.0107919498701241,0.0471662632164783,0.25
Schirrmeister2017,CSPGP,6,0,520,2,0.487226331360947,0.585722586049993,0.375570216105769,0.127254474170661,0.00168425806489128,0.25
Schirrmeister2017,CSPGP,7,0,520,2,0.580961538461538,0.910023939013363,0.257339358774038,0.0166719479140727,0.00933258914003421,0.25
Schirrmeister2017,CSPGP,8,0,928,2,0.685686218043995,0.714398005706401,0.240561525996767,0.0265226255099555,0.0359610995131883,0.25
Schirrmeister2017,CSPGP,9,0,520,2,0.568587278106509,0.735832334093381,0.316242303125,0.0766006523003935,0.0103583491753936,0.25
Schirrmeister2017,CSPLDA,1,0,760,2,0.568227146814404,0.853381128448873,0.283240374513632,0.0464860422432072,0.0132456677295755,0.25
Schirrmeister2017,CSPLDA,12,0,520,2,0.933210059171598,0.800260598857485,0.152275784728181,0.0554532263797608,0.15317744165158,0.25
Schirrmeister2017,CSPLDA,2,0,966,2,0.65221528754158,0.869846363404262,0.255327637535341,0.0291305364197525,0.0238018272522297,0.249998928367818
Schirrmeister2017,CSPLDA,3,0,520,2,0.884289940828402,0.979062746363528,0.207356405270056,0.0785943788887183,0.121237973618662,0.25
Schirrmeister2017,CSPLDA,4,0,528,2,0.878257001836547,0.700426247175486,0.288207106360247,0.155929696033256,0.117722589673009,0.25
Schirrmeister2017,CSPLDA,5,0,960,2,0.642000868055556,0.956395519245156,0.237154454558825,0.0239620009020919,0.0368075463432674,0.25
Schirrmeister2017,CSPLDA,6,0,520,2,0.628609467455621,0.420873900711498,0.407599019161816,0.177754229173552,0.0201552100117361,0.25
Schirrmeister2017,CSPLDA,7,0,520,2,0.546568047337278,0.86574141827858,0.282141402207323,0.0393096923562969,0.0071682901489741,0.25
Schirrmeister2017,CSPLDA,8,0,928,2,0.688029503567182,0.718274185082915,0.238422291384066,0.0334016073260435,0.0449793159419775,0.25
Schirrmeister2017,CSPLDA,9,0,520,2,0.572751479289941,0.981263474765781,0.247989701042204,0.00979986255824811,0.0118101615160439,0.25
Schirrmeister2017,CSPSVM,1,0,760,2,0.550581717451524,0.890251610387081,0.271409278412712,0.0268496120051394,0.00544033359242752,0.25
Schirrmeister2017,CSPSVM,12,0,520,2,0.961087278106509,0.652616301161915,0.090333787887056,0.0170407340288657,0.17670694614181,0.25
Schirrmeister2017,CSPSVM,2,0,966,2,0.647058571379582,0.807350262642212,0.260926581835533,0.032158965914325,0.0212313124466103,0.249998928367818
Schirrmeister2017,CSPSVM,3,0,520,2,0.878461538461539,0.837369868872091,0.177983967456372,0.0424295440745912,0.114445576618219,0.25
Schirrmeister2017,CSPSVM,4,0,528,2,0.654384756657484,0.390281271619235,0.41332033656415,0.191240644835105,0.0279203082709541,0.25
Schirrmeister2017,CSPSVM,5,0,960,2,0.706907552083333,0.8343015313307,0.215790897586971,0.014881629561201,0.0490907319742304,0.25
Schirrmeister2017,CSPSVM,6,0,520,2,0.478076923076923,0.524704953501893,0.39501112862021,0.145670562053396,0.000659433433185835,0.25
Schirrmeister2017,CSPSVM,7,0,520,2,0.578565088757396,0.877094979044834,0.263593345765602,0.0216987833281825,0.00810543756258031,0.25
Schirrmeister2017,CSPSVM,8,0,928,2,0.699729674494649,0.656997844427815,0.243852215062415,0.0447999874389003,0.0509477723764856,0.25
Schirrmeister2017,CSPSVM,9,0,520,2,0.603328402366864,0.707925734808145,0.313894678353199,0.0781924725989661,0.014297794245767,0.25
Schirrmeister2017,DCNN,1,0,760,2,0.721481994459834,0.690583398810454,0.234558376166515,0.0296666084878707,0.0451082323213553,0.25
Schirrmeister2017,DCNN,12,0,520,2,0.996065088757396,0.149352017806192,0.03210393291789,0.0136247094252843,0.231520776507394,0.25
Schirrmeister2017,DCNN,2,0,966,2,0.786641404615754,0.55210743784115,0.206973069371125,0.0299307492632312,0.0729566082599243,0.249998928367818
Schirrmeister2017,DCNN,3,0,520,2,0.975665680473373,0.293572272096449,0.231095101352334,0.180635237471259,0.199540136118924,0.25
Schirrmeister2017,DCNN,4,0,528,2,0.997259527089073,0.07780317605785,0.0206145917547545,0.00638833891480485,0.23577374716005,0.25
Schirrmeister2017,DCNN,5,0,960,2,0.890347222222222,0.355672415813742,0.163437761352644,0.034902978826868,0.121465217474224,0.25
Schirrmeister2017,DCNN,6,0,520,2,0.723313609467456,0.473290166852485,0.315713509614767,0.109633980279349,0.0439204706645818,0.25
Schirrmeister2017,DCNN,7,0,520,2,0.762559171597633,0.613927701997753,0.211230887150948,0.0234492775037952,0.062218390352847,0.25
Schirrmeister2017,DCNN,8,0,928,2,0.781763246878716,0.287447760125294,0.238874718290294,0.0612381800386377,0.0723634617483437,0.25
Schirrmeister2017,DCNN,9,0,520,2,0.631997041420118,0.738213970071016,0.265141976060915,0.0360534325260798,0.0209114564651653,0.25
Schirrmeister2017,SCNN,1,0,760,2,0.675124653739612,0.548373017099715,0.290211300711684,0.0703402212805755,0.0301289205688919,0.25
Schirrmeister2017,SCNN,12,0,520,2,0.994245562130178,0.199730372026191,0.0359908404501283,0.0123289086319465,0.226338068181818,0.25
Schirrmeister2017,SCNN,2,0,966,2,0.747582387435273,0.490144808258197,0.23742808059879,0.0487828993069478,0.0613537470759759,0.249998928367818
Schirrmeister2017,SCNN,3,0,520,2,0.975251479289941,0.311190657123531,0.238730373146406,0.184704108684834,0.195973735538427,0.25
Schirrmeister2017,SCNN,4,0,528,2,0.995580808080808,0.181451897656135,0.0232881525357443,0.00535734527826031,0.232069192742516,0.25
Schirrmeister2017,SCNN,5,0,960,2,0.880876736111111,0.506206251154984,0.160152831443,0.0267891125664672,0.116636281123467,0.25
Schirrmeister2017,SCNN,6,0,520,2,0.686775147928994,0.631806440102661,0.281039388756712,0.0661445352516413,0.035105146494929,0.25
Schirrmeister2017,SCNN,7,0,520,2,0.705710059171598,0.743710270675098,0.229099567807651,0.0224990957955603,0.0433995279879091,0.25
Schirrmeister2017,SCNN,8,0,928,2,0.817558152497027,0.396797805844399,0.214179979163214,0.0490459301370491,0.0848659509738348,0.25
Schirrmeister2017,SCNN,9,0,520,2,0.646730769230769,0.544037631671257,0.320955102526264,0.0954997860310483,0.0245446835047845,0.25
Schirrmeister2017,TSBLR,1,0,760,2,0.654404432132964,0.656388886725653,0.3148513796875,0.0889052897759497,0.0240539100884497,0.25
Schirrmeister2017,TSBLR,12,0,520,2,0.987211538461538,0.646599028901534,0.112746579927885,0.0738147430546068,0.211068163126722,0.25
Schirrmeister2017,TSBLR,2,0,966,2,0.627136843729639,0.505325967183878,0.323664548524845,0.108132581452431,0.0344669612954051,0.249998928367818
Schirrmeister2017,TSBLR,3,0,520,2,0.975687869822485,0.753580186392642,0.136752746033654,0.0820862396093117,0.195333493575658,0.25
Schirrmeister2017,TSBLR,4,0,528,2,0.940785697887971,0.628047841663529,0.185263054805871,0.094270452992748,0.159007398186877,0.25
Schirrmeister2017,TSBLR,5,0,960,2,0.857345920138889,0.79019628906275,0.162501013606771,0.0151205146586945,0.102619501051924,0.25
Schirrmeister2017,TSBLR,6,0,520,2,0.684504437869823,0.904057559772667,0.236451917788462,0.0237763269056184,0.0373244091171569,0.25
Schirrmeister2017,TSBLR,7,0,520,2,0.653772189349112,0.843016655481678,0.246277474879808,0.0214984971539974,0.0252210222741897,0.25
Schirrmeister2017,TSBLR,8,0,928,2,0.790397870838288,0.614140100163845,0.255519069100215,0.0847308403771776,0.0792117712769622,0.25
Schirrmeister2017,TSBLR,9,0,520,2,0.57344674556213,0.90413475968431,0.261365424399038,0.0232882382893767,0.0119228138903382,0.25
Schirrmeister2017,TSGP,1,0,760,2,0.632641966759003,0.500032238849528,0.346640710855263,0.115783981659384,0.0191432708041209,0.25
Schirrmeister2017,TSGP,12,0,520,2,0.968949704142012,0.601065264311198,0.118407940144231,0.0560983385924814,0.187690398448251,0.25
Schirrmeister2017,TSGP,2,0,966,2,0.64149677651658,0.458358176284555,0.31300897800207,0.0934617813868844,0.0304517317526325,0.249998928367818
Schirrmeister2017,TSGP,3,0,520,2,0.941235207100592,0.674247464952748,0.140812407091346,0.0498937517314907,0.159081344640145,0.25
Schirrmeister2017,TSGP,4,0,528,2,0.90081209825528,0.542571793459565,0.227315774147727,0.104592774680075,0.127277000532348,0.25
Schirrmeister2017,TSGP,5,0,960,2,0.832927517361111,0.720315154614163,0.179496690104167,0.0167370119307458,0.0872403218265791,0.25
Schirrmeister2017,TSGP,6,0,520,2,0.662122781065089,0.802361876758218,0.259621630408654,0.0391033158428497,0.0294816854341959,0.25
Schirrmeister2017,TSGP,7,0,520,2,0.632951183431953,0.716870569034272,0.277832606610577,0.0480500698948948,0.0202174632843179,0.25
Schirrmeister2017,TSGP,8,0,928,2,0.834943519619501,0.461192852492326,0.29880849063847,0.146683194504023,0.0978747038655531,0.25
Schirrmeister2017,TSGP,9,0,520,2,0.588365384615385,0.837861009384932,0.267784646514423,0.029963285328884,0.012178638814461,0.25
Schirrmeister2017,TSLR,1,0,760,2,0.58882271468144,0.422724571408776,0.363802762736544,0.130451929948446,0.0166491672119023,0.25
Schirrmeister2017,TSLR,12,0,520,2,0.982647928994083,0.339994401602984,0.166747311434479,0.121415875025982,0.204668563591503,0.25
Schirrmeister2017,TSLR,2,0,966,2,0.621827955145571,0.0853915719837742,0.465017334987583,0.248422964575337,0.0334045579555728,0.249998928367818
Schirrmeister2017,TSLR,3,0,520,2,0.987307692307692,0.293885739652901,0.328593569450614,0.295848370330981,0.217254800880367,0.25
Schirrmeister2017,TSLR,4,0,528,2,0.963068181818182,0.283531258883441,0.246285044040169,0.175387463183588,0.179102419143418,0.25
Schirrmeister2017,TSLR,5,0,960,2,0.873051215277778,0.458295761973873,0.185075470937079,0.0472444489418015,0.112168978004722,0.25
Schirrmeister2017,TSLR,6,0,520,2,0.639926035502959,0.552086042535919,0.318772774020299,0.0916860985069843,0.0229133244866852,0.25
Schirrmeister2017,TSLR,7,0,520,2,0.694511834319527,0.601529493470352,0.25559344584686,0.0411725152713571,0.0355790694244976,0.25
Schirrmeister2017,TSLR,8,0,928,2,0.700561087990488,0.158639007792877,0.427352104616476,0.243035598199468,0.0656834935829924,0.25
Schirrmeister2017,TSLR,9,0,520,2,0.538505917159763,0.32243475795089,0.425814211317781,0.18120365983223,0.0053894485144485,0.25
Schirrmeister2017,TSSVM,1,0,760,2,0.594903047091413,0.599066370423512,0.326969259071865,0.093783920121355,0.0168146610494898,0.25
Schirrmeister2017,TSSVM,12,0,520,2,0.97457100591716,0.469491822293118,0.19117651193759,0.133547134973974,0.192370623036384,0.25
Schirrmeister2017,TSSVM,2,0,966,2,0.613794965879085,0.253837131410616,0.417680062578813,0.199522973456059,0.0318418392450639,0.249998928367818
Schirrmeister2017,TSSVM,3,0,520,2,0.981849112426035,0.480670634752876,0.247424318431404,0.20740032013438,0.209976001702975,0.25
Schirrmeister2017,TSSVM,4,0,528,2,0.956726354453627,0.469038522077449,0.190595732369686,0.111855047968924,0.171259315599238,0.25
Schirrmeister2017,TSSVM,5,0,960,2,0.846605902777778,0.632236808945399,0.200635798124963,0.0500682956157662,0.0994324974908028,0.25
Schirrmeister2017,TSSVM,6,0,520,2,0.613150887573965,0.789002365720206,0.275168158349509,0.040871109082218,0.0157029507327087,0.25
Schirrmeister2017,TSSVM,7,0,520,2,0.684585798816568,0.758264842100852,0.245165668230114,0.0300264120629269,0.0348607438328127,0.25
Schirrmeister2017,TSSVM,8,0,928,2,0.690765271997622,0.250702468398396,0.411870297273633,0.218986029529011,0.0571157322553782,0.25
Schirrmeister2017,TSSVM,9,0,520,2,0.549497041420118,0.549856551496091,0.36893834363111,0.125634104955916,0.00669576132480598,0.25
Shin2017A,BDCNN,1,0imagery,60,2,0.738888888888889,0.901828300934127,0.206789026041667,0.029843055345696,0.0730540293040293,0.25
Shin2017A,BDCNN,1,2imagery,60,2,0.846666666666667,0.926428700589028,0.190346755208333,0.0727300080263688,0.132383252818035,0.25
Shin2017A,BDCNN,1,4imagery,60,2,0.69,0.914543568897546,0.223234365625,0.030194072584707,0.056959706959707,0.25
Shin2017A,BDCNN,10,0imagery,40,2,0.4225,0.806083180977763,0.325783284375,0.0962378298295454,0.0204545454545454,0.25
Shin2017A,BDCNN,10,2imagery,40,2,0.6125,0.801794896343735,0.2657046546875,0.0548713213541666,0.0391666666666667,0.25
Shin2017A,BDCNN,10,4imagery,40,2,0.67,0.674449999473252,0.2909695703125,0.0935536039259454,0.0525840336134454,0.25
Shin2017A,BDCNN,2,0imagery,60,2,0.592222222222222,0.736491572795229,0.27205119375,0.0616463961488006,0.0395952023988006,0.25
Shin2017A,BDCNN,2,2imagery,60,2,0.758888888888889,0.904042308924448,0.208934253125,0.0561564753472222,0.0972222222222222,0.25
Shin2017A,BDCNN,2,4imagery,60,2,0.628333333333333,0.916856773341258,0.23600233125,0.0326658050686462,0.0466634738186462,0.25
Shin2017A,BDCNN,3,0imagery,60,2,0.895555555555556,0.554235495997794,0.125159813541667,0.0215883849702381,0.146428571428571,0.25
Shin2017A,BDCNN,3,2imagery,60,2,0.773333333333333,0.633530706793704,0.200337901041667,0.0478545421066948,0.0975166410650282,0.25
Shin2017A,BDCNN,3,4imagery,60,2,0.731111111111111,0.747858376416165,0.222762826041667,0.0465128260416667,0.07375,0.25
Shin2017A,BDCNN,4,0imagery,60,2,0.567777777777778,0.645137217115933,0.324505197916667,0.107788673700142,0.0332834757834758,0.25
Shin2017A,BDCNN,4,2imagery,60,2,0.585,0.804300089796604,0.274299077083333,0.0644369422211985,0.0401378651378651,0.25
Shin2017A,BDCNN,4,4imagery,60,2,0.635555555555556,0.821567504046445,0.254988607291667,0.045400793671595,0.0404121863799283,0.25
Shin2017A,BDCNN,5,0imagery,60,2,0.752222222222222,0.437993835037201,0.267130258333333,0.094857531060606,0.0777272727272727,0.25
Shin2017A,BDCNN,5,2imagery,60,2,0.696666666666667,0.530039663992314,0.238666223958333,0.0504478331537356,0.0617816091954023,0.25
Shin2017A,BDCNN,5,4imagery,60,2,0.821111111111111,0.495471623489901,0.167401533333333,0.0335126444444444,0.116111111111111,0.25
Shin2017A,BDCNN,6,0imagery,60,2,0.823333333333333,0.82120843933288,0.173959590625,0.0318594685248779,0.107899877899878,0.25
Shin2017A,BDCNN,6,2imagery,60,2,0.878888888888889,0.7438865388053,0.150066070833333,0.0315719187865497,0.131505847953216,0.25
Shin2017A,BDCNN,6,4imagery,60,2,0.902222222222222,0.741669912101272,0.140693255208333,0.0386989532140313,0.148005698005698,0.25
Shin2017A,BDCNN,7,0imagery,60,2,0.69,0.789635783951403,0.227676792708333,0.029408394439935,0.0517316017316017,0.25
Shin2017A,BDCNN,7,2imagery,60,2,0.913333333333333,0.794780238360038,0.139268638541667,0.0454194321924603,0.156150793650794,0.25
Shin2017A,BDCNN,7,4imagery,60,2,0.846666666666667,0.726321406119135,0.166088153125,0.0363863734232203,0.12029822029822,0.25
Shin2017A,BDCNN,8,0imagery,60,2,0.654444444444444,0.899066270072423,0.236282257291667,0.0248093040752924,0.0385270467836257,0.25
Shin2017A,BDCNN,8,2imagery,60,2,0.694444444444444,0.856448455510905,0.222460251041667,0.0296535609523679,0.0571933099107012,0.25
Shin2017A,BDCNN,8,4imagery,60,2,0.698888888888889,0.815734596861407,0.221458094791667,0.0445004228339947,0.073042328042328,0.25
Shin2017A,BDCNN,9,0imagery,60,2,0.93,0.879683168329419,0.147936282291667,0.0702577108630952,0.172321428571429,0.25
Shin2017A,BDCNN,9,2imagery,60,2,0.836666666666667,0.860670088851418,0.179073594791667,0.0368513725694444,0.107777777777778,0.25
Shin2017A,BDCNN,9,4imagery,60,2,0.854444444444444,0.898674475484269,0.1758744,0.0508744,0.125,0.25
Shin2017A,BSCNN,1,0imagery,60,2,0.785555555555556,0.905012107005073,0.195103523958333,0.0322662223710317,0.0871626984126984,0.25
Shin2017A,BSCNN,1,2imagery,60,2,0.82,0.915632185551193,0.186062664583333,0.0376093817550505,0.101546717171717,0.25
Shin2017A,BSCNN,1,4imagery,60,2,0.683333333333333,0.950809886040546,0.225675619791667,0.0238200192518556,0.048144399460189,0.25
Shin2017A,BSCNN,10,0imagery,40,2,0.525,0.857672281353626,0.281178171875,0.0596630203598484,0.0284848484848484,0.25
Shin2017A,BSCNN,10,2imagery,40,2,0.7125,0.817588276238294,0.253601578125,0.073914078125,0.0703125,0.25
Shin2017A,BSCNN,10,4imagery,40,2,0.63,0.744293876879504,0.28910541875,0.0766378862824675,0.0375324675324675,0.25
Shin2017A,BSCNN,2,0imagery,60,2,0.577777777777778,0.706451226057932,0.284905898958333,0.0702169588661674,0.0353110599078341,0.25
Shin2017A,BSCNN,2,2imagery,60,2,0.686666666666667,0.924621058979883,0.231348363541667,0.0450074544507576,0.0636590909090909,0.25
Shin2017A,BSCNN,2,4imagery,60,2,0.557777777777778,0.912261818503313,0.255230716666667,0.034141535380117,0.0289108187134503,0.25
Shin2017A,BSCNN,3,0imagery,60,2,0.923333333333333,0.816740662414486,0.132161915625,0.0453563600694445,0.163194444444444,0.25
Shin2017A,BSCNN,3,2imagery,60,2,0.845555555555556,0.860344385932405,0.171463970833333,0.0341763891339869,0.112712418300654,0.25
Shin2017A,BSCNN,3,4imagery,60,2,0.841111111111111,0.916252266317191,0.190173491666667,0.050304210620915,0.110130718954248,0.25
Shin2017A,BSCNN,4,0imagery,60,2,0.601111111111111,0.84264090542708,0.260297638541667,0.0440197480751352,0.0337221095334686,0.25
Shin2017A,BSCNN,4,2imagery,60,2,0.608333333333333,0.896330242275307,0.248305470833333,0.0357741425125313,0.037468671679198,0.25
Shin2017A,BSCNN,4,4imagery,60,2,0.567222222222222,0.899472424948932,0.2604332,0.0333446971050455,0.0229114971050455,0.25
Shin2017A,BSCNN,5,0imagery,60,2,0.761111111111111,0.740597089147379,0.206376158333333,0.0286777456349206,0.0723015873015873,0.25
Shin2017A,BSCNN,5,2imagery,60,2,0.73,0.750143958088853,0.20822535625,0.025038221747076,0.066812865497076,0.25
Shin2017A,BSCNN,5,4imagery,60,2,0.867777777777778,0.743212554222017,0.146713563541667,0.0327567966243734,0.136043233082707,0.25
Shin2017A,BSCNN,6,0imagery,60,2,0.79,0.941020967980712,0.206412110416667,0.03972139372595,0.0833092833092833,0.25
Shin2017A,BSCNN,6,2imagery,60,2,0.87,0.90532238422401,0.178901146875,0.0583455913194444,0.129444444444444,0.25
Shin2017A,BSCNN,6,4imagery,60,2,0.877777777777778,0.883626490610486,0.173192978125,0.051942978125,0.12875,0.25
Shin2017A,BSCNN,7,0imagery,60,2,0.704444444444444,0.916597880708646,0.212478978125,0.0408519939980158,0.0783730158730158,0.25
Shin2017A,BSCNN,7,2imagery,60,2,0.918888888888889,0.926382466041615,0.163952233333333,0.0620077888888889,0.148055555555556,0.25
Shin2017A,BSCNN,7,4imagery,60,2,0.862222222222222,0.88421146957692,0.167668596875,0.0421394963458995,0.124470899470899,0.25
Shin2017A,BSCNN,8,0imagery,60,2,0.612777777777778,0.955118552049878,0.24223568125,0.0259453586693549,0.0337096774193548,0.25
Shin2017A,BSCNN,8,2imagery,60,2,0.583333333333333,0.928084659057521,0.25799846875,0.0372408929924242,0.0292424242424242,0.25
Shin2017A,BSCNN,8,4imagery,60,2,0.656111111111111,0.925695456871876,0.234033110416667,0.0308684278769841,0.0468353174603175,0.25
Shin2017A,BSCNN,9,0imagery,60,2,0.756666666666667,0.966029289897802,0.21388143125,0.033854976223545,0.069973544973545,0.25
Shin2017A,BSCNN,9,2imagery,60,2,0.731111111111111,0.962350876386739,0.2222600625,0.0446674699074074,0.0724074074074074,0.25
Shin2017A,BSCNN,9,4imagery,60,2,0.78,0.969587716627143,0.210636098958333,0.0494932418154762,0.0888571428571429,0.25
Shin2017A,CSPBLDA,1,0imagery,60,2,0.635,0.93950256370042,0.241483573958333,0.0303297278044872,0.0388461538461538,0.25
Shin2017A,CSPBLDA,1,2imagery,60,2,0.782222222222222,0.960516773570027,0.22031825,0.0654372976190476,0.0951190476190476,0.25
Shin2017A,CSPBLDA,1,4imagery,60,2,0.666666666666667,0.958680027707741,0.244311019791667,0.0479882684689154,0.0536772486772487,0.25
Shin2017A,CSPBLDA,10,0imagery,40,2,0.5,0.872101618677172,0.2892927890625,0.0601261223958333,0.0208333333333333,0.25
Shin2017A,CSPBLDA,10,2imagery,40,2,0.5525,0.952125947172385,0.253808696875,0.0201620803336466,0.0163533834586466,0.25
Shin2017A,CSPBLDA,10,4imagery,40,2,0.7375,0.956998668090826,0.221778525,0.0443975726190476,0.0726190476190476,0.25
Shin2017A,CSPBLDA,2,0imagery,60,2,0.595,0.816129626731996,0.277360359375,0.0580583650730057,0.0306980056980057,0.25
Shin2017A,CSPBLDA,2,2imagery,60,2,0.655555555555556,0.966173757555313,0.239302314583333,0.0334491399801587,0.0441468253968254,0.25
Shin2017A,CSPBLDA,2,4imagery,60,2,0.613333333333333,0.930796098518735,0.248322122916667,0.0386936957882395,0.0403715728715728,0.25
Shin2017A,CSPBLDA,3,0imagery,60,2,0.917777777777778,0.965942573604976,0.1924604375,0.105238215277778,0.162777777777778,0.25
Shin2017A,CSPBLDA,3,2imagery,60,2,0.765,0.967660995849085,0.215734770833333,0.0427486597222222,0.0770138888888889,0.25
Shin2017A,CSPBLDA,3,4imagery,60,2,0.757222222222222,0.979405676222664,0.224973584375,0.0546958065972222,0.0797222222222222,0.25
Shin2017A,CSPBLDA,4,0imagery,60,2,0.566666666666667,0.941661552701354,0.25786986875,0.0303301862103175,0.0224603174603175,0.25
Shin2017A,CSPBLDA,4,2imagery,60,2,0.56,0.94554515814,0.257853589583333,0.0290827897980408,0.0212292002147074,0.25
Shin2017A,CSPBLDA,4,4imagery,60,2,0.489444444444444,0.948397917990929,0.264587238541667,0.0408692898237179,0.0262820512820513,0.25
Shin2017A,CSPBLDA,5,0imagery,60,2,0.671111111111111,0.68520713771521,0.286677754166667,0.0920501595390721,0.0553724053724054,0.25
Shin2017A,CSPBLDA,5,2imagery,60,2,0.638888888888889,0.910843072228568,0.235240115625,0.0373746185489766,0.0521345029239766,0.25
Shin2017A,CSPBLDA,5,4imagery,60,2,0.758888888888889,0.912606932497107,0.208447623958333,0.045928770263009,0.0874811463046757,0.25
Shin2017A,CSPBLDA,6,0imagery,60,2,0.719444444444444,0.966371281791759,0.222391886458333,0.0408014725149782,0.0684095860566449,0.25
Shin2017A,CSPBLDA,6,2imagery,60,2,0.708333333333333,0.961401345418971,0.2228183375,0.0342758762744724,0.0614575387744724,0.25
Shin2017A,CSPBLDA,6,4imagery,60,2,0.828888888888889,0.958595523065009,0.2060470375,0.0586564651094276,0.102609427609428,0.25
Shin2017A,CSPBLDA,7,0imagery,60,2,0.642777777777778,0.844442113399962,0.24583083125,0.0462609387768817,0.0504301075268817,0.25
Shin2017A,CSPBLDA,7,2imagery,60,2,0.786666666666667,0.910249452348315,0.192116744791667,0.0317596019345238,0.0896428571428571,0.25
Shin2017A,CSPBLDA,7,4imagery,60,2,0.896666666666667,0.898370899894417,0.169758071875,0.0685748106917388,0.148816738816739,0.25
Shin2017A,CSPBLDA,8,0imagery,60,2,0.627222222222222,0.982140971235257,0.241634922916667,0.0274362131297216,0.035801290213055,0.25
Shin2017A,CSPBLDA,8,2imagery,60,2,0.652222222222222,0.962660433328055,0.231578428125,0.0277829852166539,0.0462045570916539,0.25
Shin2017A,CSPBLDA,8,4imagery,60,2,0.590555555555556,0.92520967828649,0.251268222916667,0.0262682229166667,0.025,0.25
Shin2017A,CSPBLDA,9,0imagery,60,2,0.882222222222222,0.867699940987386,0.152730430208333,0.042522096875,0.139791666666667,0.25
Shin2017A,CSPBLDA,9,2imagery,60,2,0.924444444444444,0.846795367705679,0.14756503125,0.0636131644033963,0.166048133153396,0.25
Shin2017A,CSPBLDA,9,4imagery,60,2,0.837777777777778,0.832060991028251,0.186625255208333,0.06547863866698,0.128853383458647,0.25
Shin2017A,CSPGP,1,0imagery,60,2,0.695555555555556,0.830949868399457,0.248584719791667,0.0557192227156433,0.0571345029239766,0.25
Shin2017A,CSPGP,1,2imagery,60,2,0.8,0.84416797749361,0.228913920833333,0.073995991540404,0.0950820707070707,0.25
Shin2017A,CSPGP,1,4imagery,60,2,0.612222222222222,0.817493559761341,0.286851082291667,0.073105069532496,0.0362539872408294,0.25
Shin2017A,CSPGP,10,0imagery,40,2,0.55,0.788306468148147,0.296284196875,0.0902235908143939,0.0439393939393939,0.25
Shin2017A,CSPGP,10,2imagery,40,2,0.4925,0.82079831110967,0.3113421,0.0752309888888889,0.0138888888888889,0.25
Shin2017A,CSPGP,10,4imagery,40,2,0.7175,0.787717478297466,0.2412244203125,0.0609057928615196,0.0696813725490196,0.25
Shin2017A,CSPGP,2,0imagery,60,2,0.701666666666667,0.876892238750491,0.248079430208333,0.0772296278367918,0.0791501976284585,0.25
Shin2017A,CSPGP,2,2imagery,60,2,0.632222222222222,0.904503095680835,0.236844421875,0.0349606649509205,0.0481162430759205,0.25
Shin2017A,CSPGP,2,4imagery,60,2,0.613333333333333,0.734087715346769,0.275848879166667,0.069617818560606,0.0437689393939394,0.25
Shin2017A,CSPGP,3,0imagery,60,2,0.823333333333333,0.905174909985036,0.190690088541667,0.0666821520337302,0.125992063492063,0.25
Shin2017A,CSPGP,3,2imagery,60,2,0.735555555555556,0.701655300243445,0.2462696,0.0785345572649573,0.0822649572649573,0.25
Shin2017A,CSPGP,3,4imagery,60,2,0.652222222222222,0.807732910245975,0.254504363541667,0.0469351136194756,0.0424307500778089,0.25
Shin2017A,CSPGP,4,0imagery,60,2,0.554444444444444,0.905597716522452,0.26373874375,0.0279163753289474,0.0141776315789474,0.25
Shin2017A,CSPGP,4,2imagery,60,2,0.505555555555556,0.895125927988052,0.271498583333333,0.0430972227891157,0.0215986394557823,0.25
Shin2017A,CSPGP,4,4imagery,60,2,0.500555555555556,0.889446747207595,0.282792984375,0.0543838934659091,0.0215909090909091,0.25
Shin2017A,CSPGP,5,0imagery,60,2,0.596666666666667,0.724523020540878,0.286121096875,0.0890972873511904,0.0529761904761905,0.25
Shin2017A,CSPGP,5,2imagery,60,2,0.613333333333333,0.841917440082513,0.256072051041667,0.0447161549156556,0.0386441038739889,0.25
Shin2017A,CSPGP,5,4imagery,60,2,0.724444444444444,0.861903364681127,0.217399695833333,0.0685708670045045,0.101171171171171,0.25
Shin2017A,CSPGP,6,0imagery,60,2,0.705555555555556,0.912640834642622,0.212704157291667,0.0227041572916667,0.06,0.25
Shin2017A,CSPGP,6,2imagery,60,2,0.641666666666667,0.902126665930045,0.245804055208333,0.0338583306819636,0.0380542754736303,0.25
Shin2017A,CSPGP,6,4imagery,60,2,0.727777777777778,0.894923427575714,0.208570333333333,0.0299337418546366,0.0713634085213033,0.25
Shin2017A,CSPGP,7,0imagery,60,2,0.688333333333333,0.965953291343951,0.22447169375,0.0404312897095959,0.0659595959595959,0.25
Shin2017A,CSPGP,7,2imagery,60,2,0.863333333333333,0.945662972564301,0.187875633333333,0.0683534888111888,0.130477855477856,0.25
Shin2017A,CSPGP,7,4imagery,60,2,0.763333333333333,0.906644966655977,0.199821617708333,0.0269438201246534,0.0771222024163201,0.25
Shin2017A,CSPGP,8,0imagery,60,2,0.546666666666667,0.734069526642445,0.312917178125,0.100795966003788,0.0378787878787879,0.25
Shin2017A,CSPGP,8,2imagery,60,2,0.585555555555556,0.818262162678772,0.274103210416667,0.0481121912019632,0.0240089807852966,0.25
Shin2017A,CSPGP,8,4imagery,60,2,0.594444444444444,0.746547503396759,0.284928086458333,0.0603138889274691,0.0253858024691358,0.25
Shin2017A,CSPGP,9,0imagery,60,2,0.895555555555556,0.8410717717794,0.146992407291667,0.0507291797784391,0.153736772486772,0.25
Shin2017A,CSPGP,9,2imagery,60,2,0.918888888888889,0.859765172199496,0.154737826041667,0.0597477466765873,0.155009920634921,0.25
Shin2017A,CSPGP,9,4imagery,60,2,0.875,0.866968862368208,0.166518797916667,0.0430002793981482,0.126481481481482,0.25
Shin2017A,CSPLDA,1,0imagery,60,2,0.631111111111111,0.941054673619151,0.241434740838697,0.0281557975597537,0.0367210567210567,0.25
Shin2017A,CSPLDA,1,2imagery,60,2,0.796666666666667,0.962328497874015,0.22087368286298,0.066707016196313,0.0958333333333334,0.25
Shin2017A,CSPLDA,1,4imagery,60,2,0.671111111111111,0.96075678454562,0.243258590861059,0.0523657337182017,0.0591071428571428,0.25
Shin2017A,CSPLDA,10,0imagery,40,2,0.505,0.892728769344588,0.283674249803593,0.0617387659326256,0.0280645161290323,0.25
Shin2017A,CSPLDA,10,2imagery,40,2,0.55,0.963692342324787,0.252256138575804,0.0153116941313594,0.0130555555555555,0.25
Shin2017A,CSPLDA,10,4imagery,40,2,0.745,0.966276823049727,0.225097560310626,0.0536346482227138,0.0785370879120879,0.25
Shin2017A,CSPLDA,2,0imagery,60,2,0.597777777777778,0.837585083920215,0.274151277878159,0.0545048132316939,0.0303535353535354,0.25
Shin2017A,CSPLDA,2,2imagery,60,2,0.632222222222222,0.968548455015984,0.242024302061317,0.0283273558915444,0.0363030538302277,0.25
Shin2017A,CSPLDA,2,4imagery,60,2,0.612222222222222,0.936849814249852,0.249811673147384,0.0394942128299239,0.0396825396825397,0.25
Shin2017A,CSPLDA,3,0imagery,60,2,0.905555555555556,0.968699429410613,0.195230479319084,0.0918375759261809,0.146607096607097,0.25
Shin2017A,CSPLDA,3,2imagery,60,2,0.764444444444444,0.971143848054616,0.217147382801048,0.0444489701026349,0.0773015873015873,0.25
Shin2017A,CSPLDA,3,4imagery,60,2,0.752222222222222,0.982546293538765,0.22603479503005,0.0501482035513533,0.0741134085213033,0.25
Shin2017A,CSPLDA,4,0imagery,60,2,0.576666666666667,0.952996002423901,0.25454928713892,0.0301445252341586,0.0255952380952381,0.25
Shin2017A,CSPLDA,4,2imagery,60,2,0.555555555555556,0.956124224322588,0.2560536104258,0.0259742453464345,0.0199206349206349,0.25
Shin2017A,CSPLDA,4,4imagery,60,2,0.485555555555556,0.95756001530639,0.26236901405292,0.0422432278893982,0.029874213836478,0.25
Shin2017A,CSPLDA,5,0imagery,60,2,0.668888888888889,0.723102123834107,0.284645558425739,0.093970955251136,0.0593253968253969,0.25
Shin2017A,CSPLDA,5,2imagery,60,2,0.628888888888889,0.921251585111902,0.238427987635292,0.0417108159181205,0.0532828282828283,0.25
Shin2017A,CSPLDA,5,4imagery,60,2,0.73,0.926302094126627,0.213666944287199,0.0305187961390505,0.0668518518518518,0.25
Shin2017A,CSPLDA,6,0imagery,60,2,0.716666666666667,0.96943948731232,0.223409306422801,0.0432009730894677,0.0697916666666666,0.25
Shin2017A,CSPLDA,6,2imagery,60,2,0.704444444444444,0.96446193851661,0.224580487123224,0.0333464360865411,0.0587659489633174,0.25
Shin2017A,CSPLDA,6,4imagery,60,2,0.833333333333333,0.962303320610856,0.206773865840811,0.0630559171228619,0.106282051282051,0.25
Shin2017A,CSPLDA,7,0imagery,60,2,0.64,0.882306299450509,0.24225653830412,0.0458755859231677,0.0536190476190476,0.25
Shin2017A,CSPLDA,7,2imagery,60,2,0.8,0.934594188003029,0.192906254857533,0.0426681596194382,0.0997619047619048,0.25
Shin2017A,CSPLDA,7,4imagery,60,2,0.896666666666667,0.925228506343839,0.175617669008669,0.0745137729047726,0.148896103896104,0.25
Shin2017A,CSPLDA,8,0imagery,60,2,0.604444444444444,0.986345732964943,0.2424721402441,0.0202896005615602,0.0278174603174603,0.25
Shin2017A,CSPLDA,8,2imagery,60,2,0.656666666666667,0.97141079900682,0.231689897689168,0.0323434924604095,0.0506535947712418,0.25
Shin2017A,CSPLDA,8,4imagery,60,2,0.583333333333333,0.938282190408323,0.251113026483315,0.019517673366223,0.0184046468829077,0.25
Shin2017A,CSPLDA,9,0imagery,60,2,0.883333333333333,0.903105993932855,0.161390250543011,0.0525960586238194,0.141205808080808,0.25
Shin2017A,CSPLDA,9,2imagery,60,2,0.927777777777778,0.883131502024178,0.154823569165401,0.0811033310701628,0.176279761904762,0.25
Shin2017A,CSPLDA,9,4imagery,60,2,0.835555555555556,0.87044584982709,0.193303213318012,0.0726988177136159,0.129395604395604,0.25
Shin2017A,CSPSVM,1,0imagery,60,2,0.677777777777778,0.863363653080048,0.246041279886844,0.05473175607732,0.0586904761904762,0.25
Shin2017A,CSPSVM,1,2imagery,60,2,0.823333333333333,0.892835841061759,0.21513146380342,0.0687509924229485,0.103619528619529,0.25
Shin2017A,CSPSVM,1,4imagery,60,2,0.642222222222222,0.87973930688946,0.260300664226835,0.0470034059295768,0.0367027417027417,0.25
Shin2017A,CSPSVM,10,0imagery,40,2,0.5375,0.815716510736585,0.29794691814928,0.0752196454220075,0.0272727272727273,0.25
Shin2017A,CSPSVM,10,2imagery,40,2,0.52,0.865932184607365,0.28864391048316,0.0490226983619474,0.0103787878787879,0.25
Shin2017A,CSPSVM,10,4imagery,40,2,0.74,0.851250127403353,0.234282981437674,0.0678544100091024,0.0835714285714286,0.25
Shin2017A,CSPSVM,2,0imagery,60,2,0.656666666666667,0.913534042020126,0.237771673782364,0.0418944807999081,0.0541228070175439,0.25
Shin2017A,CSPSVM,2,2imagery,60,2,0.641111111111111,0.939824689469016,0.232087268357767,0.0262611500316487,0.0441738816738817,0.25
Shin2017A,CSPSVM,2,4imagery,60,2,0.625555555555556,0.820804567780648,0.256447645194262,0.049458155704773,0.0430105105105105,0.25
Shin2017A,CSPSVM,3,0imagery,60,2,0.803333333333333,0.908416484915946,0.18619728717548,0.058040721518914,0.121843434343434,0.25
Shin2017A,CSPSVM,3,2imagery,60,2,0.726666666666667,0.821447796680741,0.227161613527843,0.048427847294077,0.0712662337662338,0.25
Shin2017A,CSPSVM,3,4imagery,60,2,0.694444444444444,0.893381469672499,0.229591069976661,0.0396920800776706,0.0601010101010101,0.25
Shin2017A,CSPSVM,4,0imagery,60,2,0.552777777777778,0.900977094854399,0.267197058386598,0.0314998024261842,0.0143027440395861,0.25
Shin2017A,CSPSVM,4,2imagery,60,2,0.532222222222222,0.889291002089615,0.274075404041643,0.057340710164092,0.033265306122449,0.25
Shin2017A,CSPSVM,4,4imagery,60,2,0.531111111111111,0.88244229344418,0.284077387270675,0.0544786778534535,0.0204012905827788,0.25
Shin2017A,CSPSVM,5,0imagery,60,2,0.591111111111111,0.701427547310534,0.296494589322984,0.0954207841203217,0.0489261947973382,0.25
Shin2017A,CSPSVM,5,2imagery,60,2,0.594444444444444,0.84686753305552,0.257445163001147,0.0550642106201948,0.0476190476190476,0.25
Shin2017A,CSPSVM,5,4imagery,60,2,0.734444444444444,0.874953239432278,0.211784249440909,0.0801603178169776,0.118376068376068,0.25
Shin2017A,CSPSVM,6,0imagery,60,2,0.737777777777778,0.942026813637477,0.213544119861113,0.0317980881150809,0.0682539682539683,0.25
Shin2017A,CSPSVM,6,2imagery,60,2,0.704444444444444,0.916518316831154,0.233016950605885,0.0418600519489865,0.0588431013431014,0.25
Shin2017A,CSPSVM,6,4imagery,60,2,0.812222222222222,0.923122414167391,0.202275874758504,0.0528833228659523,0.100607448107448,0.25
Shin2017A,CSPSVM,7,0imagery,60,2,0.695555555555556,0.934503839803018,0.221834147287545,0.0334412901446882,0.0616071428571428,0.25
Shin2017A,CSPSVM,7,2imagery,60,2,0.841111111111111,0.921611697208695,0.18381741008113,0.0475674100811295,0.11375,0.25
Shin2017A,CSPSVM,7,4imagery,60,2,0.831111111111111,0.903465198145019,0.179704226328894,0.032898670773338,0.103194444444444,0.25
Shin2017A,CSPSVM,8,0imagery,60,2,0.556666666666667,0.840379848286594,0.283252122223782,0.0687722167864302,0.0355200945626478,0.25
Shin2017A,CSPSVM,8,2imagery,60,2,0.604444444444444,0.856386552524957,0.259449212362406,0.0361914150914512,0.0267422027290448,0.25
Shin2017A,CSPSVM,8,4imagery,60,2,0.606666666666667,0.772113974682502,0.282975560965133,0.0643829683725399,0.0314074074074074,0.25
Shin2017A,CSPSVM,9,0imagery,60,2,0.9,0.844323279600284,0.147017675339167,0.0482937413211151,0.151276065981948,0.25
Shin2017A,CSPSVM,9,2imagery,60,2,0.928333333333333,0.85507935649658,0.147906967922139,0.0650341609045947,0.167127192982456,0.25
Shin2017A,CSPSVM,9,4imagery,60,2,0.868888888888889,0.852794512547734,0.160259000726428,0.0419256673930945,0.131666666666667,0.25
Shin2017A,DCNN,1,0imagery,60,2,0.705555555555556,0.894509647695071,0.221624701570966,0.0218844418307066,0.0502597402597403,0.25
Shin2017A,DCNN,1,2imagery,60,2,0.798888888888889,0.910239704031625,0.197327805695862,0.0395256078936643,0.0921978021978022,0.25
Shin2017A,DCNN,1,4imagery,60,2,0.712222222222222,0.920309202779159,0.21940663921805,0.0338148517784363,0.0644082125603865,0.25
Shin2017A,DCNN,10,0imagery,40,2,0.505,0.566770479534919,0.36690972605701,0.12565972605701,0.00875000000000001,0.25
Shin2017A,DCNN,10,2imagery,40,2,0.5875,0.472859561962611,0.333672435762032,0.136797435762032,0.053125,0.25
Shin2017A,DCNN,10,4imagery,40,2,0.695,0.388672919378795,0.382129807504466,0.183883886758545,0.0517540792540793,0.25
Shin2017A,DCNN,2,0imagery,60,2,0.602222222222222,0.552272888092796,0.296564804308946,0.0902552804994224,0.0436904761904762,0.25
Shin2017A,DCNN,2,2imagery,60,2,0.746666666666667,0.879110343129932,0.207972481375324,0.0275260528038958,0.0695535714285714,0.25
Shin2017A,DCNN,2,4imagery,60,2,0.604444444444444,0.840748552924186,0.265654998250712,0.0701920352877494,0.054537037037037,0.25
Shin2017A,DCNN,3,0imagery,60,2,0.915555555555556,0.564022541070315,0.115728528359247,0.0245960497267685,0.158867521367521,0.25
Shin2017A,DCNN,3,2imagery,60,2,0.804444444444444,0.675573698532206,0.188559370078369,0.0335593700783692,0.095,0.25
Shin2017A,DCNN,3,4imagery,60,2,0.733333333333333,0.76791653867772,0.214974514096895,0.0259128894470347,0.06093837535014,0.25
Shin2017A,DCNN,4,0imagery,60,2,0.606666666666667,0.618534116386928,0.31872896995904,0.106395636625706,0.0376666666666667,0.25
Shin2017A,DCNN,4,2imagery,60,2,0.667777777777778,0.729159703521161,0.270014770472633,0.0792740297318918,0.0592592592592592,0.25
Shin2017A,DCNN,4,4imagery,60,2,0.624444444444444,0.777219768856231,0.267303935627102,0.0491766730261554,0.0318727373990532,0.25
Shin2017A,DCNN,5,0imagery,60,2,0.768888888888889,0.580575756798798,0.227026355017375,0.0548041327951532,0.0777777777777778,0.25
Shin2017A,DCNN,5,2imagery,60,2,0.713333333333333,0.569117747722009,0.230084676924889,0.054390232480445,0.0743055555555556,0.25
Shin2017A,DCNN,5,4imagery,60,2,0.827777777777778,0.462266132777658,0.163650200983152,0.0364279787609299,0.122777777777778,0.25
Shin2017A,DCNN,6,0imagery,60,2,0.807777777777778,0.718987721510072,0.19519159206433,0.046340096337834,0.101148504273504,0.25
Shin2017A,DCNN,6,2imagery,60,2,0.875555555555556,0.655017335671048,0.164555002931615,0.0559691443457567,0.141414141414141,0.25
Shin2017A,DCNN,6,4imagery,60,2,0.892222222222222,0.635737304994003,0.155462805698109,0.0551922429275459,0.149729437229437,0.25
Shin2017A,DCNN,7,0imagery,60,2,0.671111111111111,0.597200194641871,0.280582491937115,0.0781077444623678,0.0475252525252525,0.25
Shin2017A,DCNN,7,2imagery,60,2,0.881111111111111,0.594129228665255,0.171935218775944,0.0541574409981665,0.132222222222222,0.25
Shin2017A,DCNN,7,4imagery,60,2,0.834444444444444,0.529069478469301,0.208019915853992,0.0599786053126811,0.101958689458689,0.25
Shin2017A,DCNN,8,0imagery,60,2,0.687777777777778,0.866986747188441,0.239300785627749,0.0351341189610823,0.0458333333333333,0.25
Shin2017A,DCNN,8,2imagery,60,2,0.604444444444444,0.794526696431234,0.272931553657005,0.0655527462781977,0.0426211926211926,0.25
Shin2017A,DCNN,8,4imagery,60,2,0.672222222222222,0.757858114124241,0.251356792080582,0.0543787701025602,0.053021978021978,0.25
Shin2017A,DCNN,9,0imagery,60,2,0.926666666666667,0.453685203507748,0.122058237713931,0.0428915710472639,0.170833333333333,0.25
Shin2017A,DCNN,9,2imagery,60,2,0.91,0.485790259979455,0.142895797895387,0.0452767502763395,0.152380952380952,0.25
Shin2017A,DCNN,9,4imagery,60,2,0.885555555555556,0.486260528315776,0.145745613624309,0.0401020741572399,0.144356460532931,0.25
Shin2017A,SCNN,1,0imagery,60,2,0.747777777777778,0.70112700861757,0.214697983651537,0.0358815454600987,0.0711835618085618,0.25
Shin2017A,SCNN,1,2imagery,60,2,0.791111111111111,0.709677658271488,0.201760997127666,0.0389137749054435,0.0871527777777778,0.25
Shin2017A,SCNN,1,4imagery,60,2,0.668888888888889,0.787360705752666,0.24091405250919,0.0371320012271383,0.0462179487179487,0.25
Shin2017A,SCNN,10,0imagery,40,2,0.475,0.458439716017895,0.370675616242317,0.142366792712905,0.0216911764705882,0.25
Shin2017A,SCNN,10,2imagery,40,2,0.56,0.412962220419119,0.375644690815638,0.154248586919535,0.0286038961038961,0.25
Shin2017A,SCNN,10,4imagery,40,2,0.6175,0.315056945375111,0.353877607433838,0.146417930014483,0.0425403225806452,0.25
Shin2017A,SCNN,2,0imagery,60,2,0.591111111111111,0.684956646211841,0.289986201362929,0.0627566691991866,0.0227704678362573,0.25
Shin2017A,SCNN,2,2imagery,60,2,0.584444444444444,0.714883272098517,0.282350344798097,0.0762897387374906,0.0439393939393939,0.25
Shin2017A,SCNN,2,4imagery,60,2,0.59,0.809405323917199,0.274043592889778,0.0545197833659682,0.0304761904761905,0.25
Shin2017A,SCNN,3,0imagery,60,2,0.876666666666667,0.446647014316472,0.156102243257511,0.0322917019469696,0.126189458689459,0.25
Shin2017A,SCNN,3,2imagery,60,2,0.761111111111111,0.567207102559512,0.210572581688632,0.0503344864505368,0.0897619047619048,0.25
Shin2017A,SCNN,3,4imagery,60,2,0.696666666666667,0.706999784620267,0.238218664290827,0.0346291982013606,0.0464105339105339,0.25
Shin2017A,SCNN,4,0imagery,60,2,0.548888888888889,0.616524892663529,0.339377283155024,0.127193820622724,0.0378165374677003,0.25
Shin2017A,SCNN,4,2imagery,60,2,0.61,0.619529115865127,0.31168517534801,0.0927628695835988,0.031077694235589,0.25
Shin2017A,SCNN,4,4imagery,60,2,0.634444444444444,0.639420908849894,0.284957502044942,0.0750174148989725,0.0400599128540305,0.25
Shin2017A,SCNN,5,0imagery,60,2,0.726666666666667,0.473975624886939,0.271390879618975,0.0830070412351366,0.0616161616161616,0.25
Shin2017A,SCNN,5,2imagery,60,2,0.726666666666667,0.652979761088024,0.220359236154606,0.0287294933483926,0.0583702571937866,0.25
Shin2017A,SCNN,5,4imagery,60,2,0.807777777777778,0.546638277321298,0.176310520597343,0.0318660761528986,0.105555555555556,0.25
Shin2017A,SCNN,6,0imagery,60,2,0.738888888888889,0.657858884027455,0.259911170543399,0.0735378216700498,0.0636266511266511,0.25
Shin2017A,SCNN,6,2imagery,60,2,0.857777777777778,0.594190256036089,0.231750887634672,0.105361998745783,0.123611111111111,0.25
Shin2017A,SCNN,6,4imagery,60,2,0.79,0.547062696767407,0.23158878560449,0.082283230048934,0.100694444444444,0.25
Shin2017A,SCNN,7,0imagery,60,2,0.625555555555556,0.632916943974254,0.288966850362627,0.0801210649220143,0.041154214559387,0.25
Shin2017A,SCNN,7,2imagery,60,2,0.863333333333333,0.68786353477604,0.167686510047816,0.0396646245259304,0.121978114478114,0.25
Shin2017A,SCNN,7,4imagery,60,2,0.824444444444444,0.648602721169444,0.193133291619754,0.0443237678102301,0.101190476190476,0.25
Shin2017A,SCNN,8,0imagery,60,2,0.64,0.757585059767435,0.25677348789805,0.04864483292729,0.0418713450292398,0.25
Shin2017A,SCNN,8,2imagery,60,2,0.58,0.635724394681539,0.297940262535217,0.0734028320023632,0.0254625694671461,0.25
Shin2017A,SCNN,8,4imagery,60,2,0.666666666666667,0.562827237518997,0.271484899823797,0.0615470116250394,0.0400621118012422,0.25
Shin2017A,SCNN,9,0imagery,60,2,0.921111111111111,0.482502060491022,0.120898697765085,0.0275653644317512,0.156666666666667,0.25
Shin2017A,SCNN,9,2imagery,60,2,0.892222222222222,0.437294973130526,0.163288337327951,0.0493994484390625,0.136111111111111,0.25
Shin2017A,SCNN,9,4imagery,60,2,0.892222222222222,0.495738340720822,0.134454431350741,0.0283830027793123,0.143928571428571,0.25
Shin2017A,TSBLR,1,0imagery,60,2,0.736666666666667,0.902234894815739,0.207285155208333,0.0411740440972222,0.0838888888888888,0.25
Shin2017A,TSBLR,1,2imagery,60,2,0.822222222222222,0.900418526938355,0.185146207291667,0.0478156212110806,0.112669413919414,0.25
Shin2017A,TSBLR,1,4imagery,60,2,0.722222222222222,0.900646153086618,0.219235414583333,0.0406904410383598,0.0714550264550265,0.25
Shin2017A,TSBLR,10,0imagery,40,2,0.4975,0.942926185842543,0.2694883125,0.029746464673913,0.010258152173913,0.25
Shin2017A,TSBLR,10,2imagery,40,2,0.5325,0.936682401256395,0.2680844734375,0.0427361762238777,0.0246517027863777,0.25
Shin2017A,TSBLR,10,4imagery,40,2,0.67,0.885697126132971,0.2540690125,0.0539648458333333,0.0498958333333333,0.25
Shin2017A,TSBLR,2,0imagery,60,2,0.616111111111111,0.939836102144903,0.2489146875,0.0392735391746411,0.0403588516746411,0.25
Shin2017A,TSBLR,2,2imagery,60,2,0.604444444444444,0.932317688607383,0.248021210416667,0.0352087104166667,0.0371875,0.25
Shin2017A,TSBLR,2,4imagery,60,2,0.705,0.973177222113913,0.224813138541667,0.0313305182208111,0.0565173796791444,0.25
Shin2017A,TSBLR,3,0imagery,60,2,0.941666666666667,0.86937941776432,0.159146720833333,0.0814259231125356,0.172279202279202,0.25
Shin2017A,TSBLR,3,2imagery,60,2,0.772222222222222,0.894925454369647,0.2128497125,0.0489692411195286,0.0861195286195286,0.25
Shin2017A,TSBLR,3,4imagery,60,2,0.748888888888889,0.922328031046552,0.229533779166667,0.0614782236111111,0.0819444444444445,0.25
Shin2017A,TSBLR,4,0imagery,60,2,0.565,0.87681956843262,0.26789726875,0.0475782894836524,0.0296810207336523,0.25
Shin2017A,TSBLR,4,2imagery,60,2,0.576111111111111,0.840805191909738,0.284307680208333,0.0552167711174243,0.0209090909090909,0.25
Shin2017A,TSBLR,4,4imagery,60,2,0.627222222222222,0.868195731008094,0.269533198958333,0.0649888519797758,0.0454556530214425,0.25
Shin2017A,TSBLR,5,0imagery,60,2,0.675555555555556,0.752170181039225,0.263598927083333,0.0759798794642857,0.0623809523809524,0.25
Shin2017A,TSBLR,5,2imagery,60,2,0.567777777777778,0.725195362669429,0.287294228125,0.0709877147150383,0.0336934865900383,0.25
Shin2017A,TSBLR,5,4imagery,60,2,0.632222222222222,0.710867668471459,0.274364285416667,0.0799198409722222,0.0555555555555556,0.25
Shin2017A,TSBLR,6,0imagery,60,2,0.726666666666667,0.911389950093892,0.219451858333333,0.0494518583333333,0.08,0.25
Shin2017A,TSBLR,6,2imagery,60,2,0.74,0.86718575492631,0.213814123958333,0.0474211299791324,0.0836070060207991,0.25
Shin2017A,TSBLR,6,4imagery,60,2,0.743333333333333,0.884746405863051,0.202897904166667,0.0569256819444445,0.104027777777778,0.25
Shin2017A,TSBLR,7,0imagery,60,2,0.736111111111111,0.939100121638055,0.211604448958333,0.0418443479482324,0.080239898989899,0.25
Shin2017A,TSBLR,7,2imagery,60,2,0.863333333333333,0.934879101566206,0.182659451041667,0.0597626256448413,0.127103174603175,0.25
Shin2017A,TSBLR,7,4imagery,60,2,0.853333333333333,0.90538510231964,0.179121803125,0.0523360888392857,0.123214285714286,0.25
Shin2017A,TSBLR,8,0imagery,60,2,0.537222222222222,0.930727973499828,0.264498073958333,0.0322379729482323,0.017739898989899,0.25
Shin2017A,TSBLR,8,2imagery,60,2,0.627222222222222,0.889438541987718,0.252740063541667,0.0404505012521044,0.0377104377104377,0.25
Shin2017A,TSBLR,8,4imagery,60,2,0.625555555555556,0.891271704488,0.250995842708333,0.0416684551200762,0.0406726124117428,0.25
Shin2017A,TSBLR,9,0imagery,60,2,0.898888888888889,0.91536968963068,0.170439569791667,0.0629395697916667,0.1425,0.25
Shin2017A,TSBLR,9,2imagery,60,2,0.933333333333333,0.877910672251899,0.164384660416667,0.0796227556547619,0.165238095238095,0.25
Shin2017A,TSBLR,9,4imagery,60,2,0.835555555555556,0.894741226113605,0.18766700625,0.0464633025462963,0.108796296296296,0.25
Shin2017A,TSGP,1,0imagery,60,2,0.814444444444444,0.87210957221516,0.1824739625,0.0333154657679739,0.100841503267974,0.25
Shin2017A,TSGP,1,2imagery,60,2,0.887222222222222,0.858164019183446,0.165415173958333,0.0538410998842593,0.138425925925926,0.25
Shin2017A,TSGP,1,4imagery,60,2,0.776666666666667,0.870887155505042,0.200303085416667,0.0429697520833333,0.0926666666666667,0.25
Shin2017A,TSGP,10,0imagery,40,2,0.535,0.860390483715353,0.2821501421875,0.0437420225293803,0.0115918803418803,0.25
Shin2017A,TSGP,10,2imagery,40,2,0.5575,0.802797794118353,0.306075490625,0.0814431376838235,0.0253676470588235,0.25
Shin2017A,TSGP,10,4imagery,40,2,0.65625,0.698688970576078,0.304517565625,0.102370129727564,0.0478525641025641,0.25
Shin2017A,TSGP,2,0imagery,60,2,0.655555555555556,0.852945311469344,0.25790578125,0.0467856513798701,0.0388798701298701,0.25
Shin2017A,TSGP,2,2imagery,60,2,0.592222222222222,0.817093850571138,0.272102532291667,0.0534914211805555,0.0313888888888889,0.25
Shin2017A,TSGP,2,4imagery,60,2,0.698888888888889,0.947562105392285,0.224993395833333,0.0290674699074074,0.054074074074074,0.25
Shin2017A,TSGP,3,0imagery,60,2,0.871111111111111,0.7169847856355,0.167155744791667,0.0546557447916667,0.1375,0.25
Shin2017A,TSGP,3,2imagery,60,2,0.712777777777778,0.761447017575887,0.228140096875,0.0531025593374624,0.0749624624624624,0.25
Shin2017A,TSGP,3,4imagery,60,2,0.687222222222222,0.826087044910379,0.237714441666667,0.0441196704248366,0.0564052287581699,0.25
Shin2017A,TSGP,4,0imagery,60,2,0.562222222222222,0.752673129350744,0.2954424,0.0847942518518518,0.0393518518518518,0.25
Shin2017A,TSGP,4,2imagery,60,2,0.582777777777778,0.708690349698083,0.319028973958333,0.100192995122354,0.0311640211640211,0.25
Shin2017A,TSGP,4,4imagery,60,2,0.621666666666667,0.730229213596164,0.302584698958333,0.0984167522097414,0.0458320532514081,0.25
Shin2017A,TSGP,5,0imagery,60,2,0.678888888888889,0.580213387660398,0.274865308333333,0.092860295802005,0.0679949874686717,0.25
Shin2017A,TSGP,5,2imagery,60,2,0.576666666666667,0.499851412350969,0.313255661458333,0.097206278742284,0.0339506172839506,0.25
Shin2017A,TSGP,5,4imagery,60,2,0.633333333333333,0.500125164329621,0.304996142708333,0.112301337513528,0.0573051948051948,0.25
Shin2017A,TSGP,6,0imagery,60,2,0.672222222222222,0.74549574681091,0.247660114583333,0.0524341981297954,0.054774083546462,0.25
Shin2017A,TSGP,6,2imagery,60,2,0.712222222222222,0.674262227230493,0.237521336458333,0.0643467332837302,0.0768253968253968,0.25
Shin2017A,TSGP,6,4imagery,60,2,0.733888888888889,0.707502840095783,0.225544569791667,0.0712853105324074,0.0957407407407407,0.25
Shin2017A,TSGP,7,0imagery,60,2,0.742222222222222,0.872906438421853,0.20732134375,0.0356546770833334,0.0783333333333334,0.25
Shin2017A,TSGP,7,2imagery,60,2,0.842222222222222,0.867468715025515,0.171582327083333,0.0353796408806471,0.113797313797314,0.25
Shin2017A,TSGP,7,4imagery,60,2,0.812222222222222,0.788500875099548,0.180995489583333,0.0348843784722222,0.103888888888889,0.25
Shin2017A,TSGP,8,0imagery,60,2,0.608888888888889,0.753642440377979,0.29872806875,0.0924780687500001,0.04375,0.25
Shin2017A,TSGP,8,2imagery,60,2,0.614444444444444,0.707064628731835,0.30084066875,0.0978952664511494,0.0470545977011494,0.25
Shin2017A,TSGP,8,4imagery,60,2,0.621111111111111,0.711200581473712,0.29153223125,0.0781411084838772,0.0366088772338772,0.25
Shin2017A,TSGP,9,0imagery,60,2,0.902222222222222,0.795137105609703,0.1572991375,0.0512505564514189,0.143951418951419,0.25
Shin2017A,TSGP,9,2imagery,60,2,0.916666666666667,0.722133689520061,0.1769160125,0.0895856957579185,0.162669683257919,0.25
Shin2017A,TSGP,9,4imagery,60,2,0.821111111111111,0.741181242592094,0.202635309375,0.0645156512553419,0.111880341880342,0.25
Shin2017A,TSLR,1,0imagery,60,2,0.844444444444444,0.856865635311623,0.166755798842687,0.0303023285656869,0.113546529723,0.25
Shin2017A,TSLR,1,2imagery,60,2,0.895555555555556,0.838548052749355,0.157669709459743,0.0484248802149141,0.140755170755171,0.25
Shin2017A,TSLR,1,4imagery,60,2,0.816666666666667,0.867101241017106,0.185177259992067,0.0379977728125797,0.102820512820513,0.25
Shin2017A,TSLR,10,0imagery,40,2,0.54,0.813375809180744,0.291620409324483,0.052791044245118,0.0111706349206349,0.25
Shin2017A,TSLR,10,2imagery,40,2,0.5575,0.741275256019945,0.323993089584672,0.0932788038703866,0.0192857142857143,0.25
Shin2017A,TSLR,10,4imagery,40,2,0.6525,0.624542846194392,0.325012107788661,0.121885234661788,0.0468731268731269,0.25
Shin2017A,TSLR,2,0imagery,60,2,0.651111111111111,0.766675763946257,0.27213550014116,0.0725280122184543,0.0503925120772947,0.25
Shin2017A,TSLR,2,2imagery,60,2,0.585555555555556,0.748726303280501,0.287847712252115,0.0644548551092574,0.0266071428571429,0.25
Shin2017A,TSLR,2,4imagery,60,2,0.686666666666667,0.930941140486508,0.228633634236671,0.0296574437604802,0.0510238095238095,0.25
Shin2017A,TSLR,3,0imagery,60,2,0.831111111111111,0.595802594189025,0.191377852362245,0.0518265703109632,0.110448717948718,0.25
Shin2017A,TSLR,3,2imagery,60,2,0.69,0.651343599871237,0.251040940326672,0.0646938789796105,0.0636529386529387,0.25
Shin2017A,TSLR,3,4imagery,60,2,0.667777777777778,0.731711518054051,0.25793145081906,0.0559549550925642,0.0480235042735043,0.25
Shin2017A,TSLR,4,0imagery,60,2,0.558888888888889,0.687379943114131,0.313253623277337,0.103103247337487,0.0398496240601504,0.25
Shin2017A,TSLR,4,2imagery,60,2,0.574444444444444,0.649638230424257,0.335701955162431,0.125516769977246,0.0398148148148148,0.25
Shin2017A,TSLR,4,4imagery,60,2,0.606666666666667,0.664411413446306,0.321424405393306,0.116990016253034,0.0455656108597285,0.25
Shin2017A,TSLR,5,0imagery,60,2,0.684444444444444,0.492879202893812,0.283498201396581,0.0984603226087023,0.0649621212121212,0.25
Shin2017A,TSLR,5,2imagery,60,2,0.576666666666667,0.419819535205836,0.32036907990612,0.106693866230906,0.0363247863247863,0.25
Shin2017A,TSLR,5,4imagery,60,2,0.633333333333333,0.423179518021539,0.313935388104831,0.121240582910026,0.0573051948051948,0.25
Shin2017A,TSLR,6,0imagery,60,2,0.644444444444444,0.61966912452329,0.274353626520781,0.0704171185842735,0.0460634920634921,0.25
Shin2017A,TSLR,6,2imagery,60,2,0.694444444444444,0.567729749643981,0.259540710427775,0.0771946143316787,0.0676539039039039,0.25
Shin2017A,TSLR,6,4imagery,60,2,0.713333333333333,0.597326407883298,0.249594253386442,0.0797529835451725,0.0801587301587302,0.25
Shin2017A,TSLR,7,0imagery,60,2,0.745555555555556,0.830123993360583,0.20739725435224,0.0364716944049407,0.0790744400527009,0.25
Shin2017A,TSLR,7,2imagery,60,2,0.837777777777778,0.820303122865216,0.169260306357901,0.0320380841356784,0.112777777777778,0.25
Shin2017A,TSLR,7,4imagery,60,2,0.801111111111111,0.710906648454246,0.190472487123262,0.0448285477293222,0.104356060606061,0.25
Shin2017A,TSLR,8,0imagery,60,2,0.61,0.656139359056528,0.320220012298461,0.106083710004263,0.0358636977058029,0.25
Shin2017A,TSLR,8,2imagery,60,2,0.615555555555556,0.612916282685751,0.322698279345347,0.115523079066698,0.0428247997213514,0.25
Shin2017A,TSLR,8,4imagery,60,2,0.616666666666667,0.626349289546732,0.311161027841856,0.0897716533274811,0.0286106254856255,0.25
Shin2017A,TSLR,9,0imagery,60,2,0.902222222222222,0.736505944591688,0.160432968193577,0.0579032062888155,0.147470238095238,0.25
Shin2017A,TSLR,9,2imagery,60,2,0.914444444444444,0.650511175942397,0.191965027857749,0.104677446158403,0.162712418300654,0.25
Shin2017A,TSLR,9,4imagery,60,2,0.812222222222222,0.663200153388066,0.217348839746607,0.0710293953021626,0.103680555555556,0.25
Shin2017A,TSSVM,1,0imagery,60,2,0.85,0.905721250335019,0.174037744943701,0.042543389625816,0.118505644682115,0.25
Shin2017A,TSSVM,1,2imagery,60,2,0.91,0.895029309281182,0.166377552419912,0.0686791397214997,0.152301587301587,0.25
Shin2017A,TSSVM,1,4imagery,60,2,0.808888888888889,0.911340154787267,0.193558790874803,0.0411362134522259,0.0975774225774226,0.25
Shin2017A,TSSVM,10,0imagery,40,2,0.5475,0.876150763401677,0.276317581867693,0.0443578749079861,0.018040293040293,0.25
Shin2017A,TSSVM,10,2imagery,40,2,0.57,0.827716165034089,0.293184218606607,0.064177808350197,0.0209935897435897,0.25
Shin2017A,TSSVM,10,4imagery,40,2,0.645,0.720877327017246,0.300339294116891,0.0944418582194547,0.0441025641025641,0.25
Shin2017A,TSSVM,2,0imagery,60,2,0.641111111111111,0.833503084244478,0.264186360443902,0.0514342596035661,0.0372478991596639,0.25
Shin2017A,TSSVM,2,2imagery,60,2,0.587777777777778,0.833561703386814,0.272954891803762,0.0561010593616945,0.0331461675579323,0.25
Shin2017A,TSSVM,2,4imagery,60,2,0.66,0.94873325432064,0.229588622576417,0.028235007056135,0.0486463844797178,0.25
Shin2017A,TSSVM,3,0imagery,60,2,0.834444444444444,0.70550007467905,0.189387710518317,0.0634475395781463,0.124059829059829,0.25
Shin2017A,TSSVM,3,2imagery,60,2,0.682222222222222,0.7246834740943,0.251499007037054,0.0524716183037826,0.0509726112667289,0.25
Shin2017A,TSSVM,3,4imagery,60,2,0.656666666666667,0.790992799538103,0.259007133536706,0.0561058278531418,0.0470986943164362,0.25
Shin2017A,TSSVM,4,0imagery,60,2,0.563333333333333,0.763100172159786,0.295116217362046,0.0767432014890304,0.0316269841269841,0.25
Shin2017A,TSSVM,4,2imagery,60,2,0.563333333333333,0.728610683303597,0.319133795096189,0.0958422777724137,0.0267084826762246,0.25
Shin2017A,TSSVM,4,4imagery,60,2,0.565555555555556,0.73988208436234,0.309978955456801,0.101407526885372,0.0414285714285714,0.25
Shin2017A,TSSVM,5,0imagery,60,2,0.685555555555556,0.552511083754752,0.28498239812488,0.102776515771939,0.0677941176470588,0.25
Shin2017A,TSSVM,5,2imagery,60,2,0.572222222222222,0.508852050838954,0.312719004049847,0.0966696213337975,0.0339506172839506,0.25
Shin2017A,TSSVM,5,4imagery,60,2,0.635555555555556,0.526247960004494,0.295241143030528,0.102546337835723,0.0573051948051948,0.25
Shin2017A,TSSVM,6,0imagery,60,2,0.612222222222222,0.642697041631841,0.286902785675744,0.0789317711829908,0.0420289855072464,0.25
Shin2017A,TSSVM,6,2imagery,60,2,0.666666666666667,0.595928503123983,0.284134514258711,0.0876494715236685,0.0535149572649573,0.25
Shin2017A,TSSVM,6,4imagery,60,2,0.682222222222222,0.631240376604489,0.275245769870124,0.0899491950998655,0.064703425229741,0.25
Shin2017A,TSSVM,7,0imagery,60,2,0.763333333333333,0.868092572555408,0.207089483822647,0.0341517733849362,0.0770622895622896,0.25
Shin2017A,TSSVM,7,2imagery,60,2,0.857777777777778,0.873376908189803,0.168743111959243,0.0407414839576152,0.121998371998372,0.25
Shin2017A,TSSVM,7,4imagery,60,2,0.817777777777778,0.789642412612407,0.181961915561888,0.035495326595299,0.103533411033411,0.25
Shin2017A,TSSVM,8,0imagery,60,2,0.61,0.752763336907495,0.296548354259158,0.0827325647854738,0.0361842105263158,0.25
Shin2017A,TSSVM,8,2imagery,60,2,0.615555555555556,0.700214924172967,0.300743930218559,0.0855872350618634,0.0348433048433048,0.25
Shin2017A,TSSVM,8,4imagery,60,2,0.611111111111111,0.704541689207921,0.294369317750737,0.0728415399729588,0.0284722222222222,0.25
Shin2017A,TSSVM,9,0imagery,60,2,0.906666666666667,0.78473253137148,0.162994744171218,0.0620688182452925,0.149074074074074,0.25
Shin2017A,TSSVM,9,2imagery,60,2,0.912222222222222,0.711157259061622,0.187495237804007,0.0940924600262294,0.156597222222222,0.25
Shin2017A,TSSVM,9,4imagery,60,2,0.822222222222222,0.73215704930692,0.208993847615748,0.0657083667567373,0.10671451914099,0.25
Stieger2021,BDCNN,1,1,804,2,0.761426961561324,0.704324566283943,0.204497516324627,0.010947375701868,0.0562951602361309,0.24984530085889
Stieger2021,BDCNN,1,2,767,2,0.819408163265306,0.699039851533419,0.173911861147327,0.00611840027504015,0.0820837253406116,0.249877186212899
Stieger2021,BDCNN,1,3,807,2,0.782798565216323,0.681915004880226,0.193926015721809,0.00984775396802551,0.0659213543684676,0.249999616122251
Stieger2021,BDCNN,1,4,684,2,0.842729805013928,0.626062529390296,0.159834874543129,0.00744719610669198,0.0969946101309858,0.249382288567422
Stieger2021,BDCNN,1,5,691,2,0.843766233766234,0.632057400460524,0.162321359714182,0.0075647677043229,0.0952009979256563,0.249957589935516
Stieger2021,BDCNN,1,6,760,2,0.826302729528536,0.651916721360359,0.182951605592105,0.0187520781761942,0.0848846138583272,0.249084141274238
Stieger2021,BDCNN,10,1,719,2,0.816994147157191,0.696137491556272,0.177448367002782,0.00902405927321981,0.0814359331783597,0.249860240907922
Stieger2021,BDCNN,10,2,681,2,0.773461624717512,0.675955048273884,0.200581604625551,0.0132679812645445,0.0626728998697096,0.249986523230716
Stieger2021,BDCNN,10,3,719,2,0.780142914653784,0.67180162682174,0.195991653077191,0.0104937151220529,0.0643623029527839,0.249860240907921
Stieger2021,BDCNN,10,4,694,2,0.81306750559703,0.685850944964001,0.176563849693804,0.00702996180922352,0.0799345903853162,0.249468478269897
Stieger2021,BDCNN,10,5,728,2,0.751179717169887,0.74467264385839,0.206105427283654,0.00872008466514448,0.0525222017601888,0.249907544378698
Stieger2021,BDCNN,10,6,780,2,0.815618442431538,0.685941620485006,0.181948035496795,0.0122779646190674,0.080196793027598,0.249866863905325
Stieger2021,BDCNN,12,1,717,2,0.836662768031189,0.590663404388669,0.177268913005579,0.0191556665180975,0.0913571759491006,0.249470422436582
Stieger2021,BDCNN,12,2,734,2,0.817698417420276,0.600978143238217,0.192687354478883,0.0252166929610201,0.0821117097225504,0.249582371240413
Stieger2021,BDCNN,12,3,735,2,0.850410930453359,0.573976452805404,0.165379253316327,0.014442475824604,0.0986185004017476,0.24955527789347
Stieger2021,BDCNN,12,4,745,2,0.83589810279307,0.534273881967094,0.175727070469799,0.0198882682382275,0.0935445588782887,0.24938336110986
Stieger2021,BDCNN,12,5,726,2,0.855731451023392,0.565780396954448,0.163381461604683,0.0163072452486163,0.102089092161111,0.249163308517178
Stieger2021,BDCNN,12,6,665,2,0.845389377647442,0.601114601490726,0.170013848778196,0.0161967287449248,0.0960195015959905,0.249836621629261
Stieger2021,BDCNN,13,1,768,2,0.857695568139432,0.660586705349,0.15883042960612,0.0101515630515587,0.101319438024432,0.249998304578993
Stieger2021,BDCNN,13,2,727,2,0.835980798933947,0.576031160717325,0.171884359439477,0.0131074101093437,0.0911166232079864,0.24989357253812
Stieger2021,BDCNN,13,3,689,2,0.855410416315523,0.621671315596276,0.164244269049347,0.015959186734762,0.101672261051308,0.249957343365893
Stieger2021,BDCNN,13,4,704,2,0.860790307971015,0.58415927528135,0.1612672890625,0.0148137254136322,0.103029907425512,0.24948347107438
Stieger2021,BDCNN,13,5,657,2,0.85890355104159,0.606585957731821,0.154709440639269,0.0102831687898831,0.105573148976331,0.249999420825717
Stieger2021,BDCNN,13,6,771,2,0.794058273332885,0.504932691311188,0.217285729571984,0.0397151380743186,0.0724289879391496,0.249999579436815
Stieger2021,BDCNN,16,1,739,2,0.730908810979633,0.676973733179109,0.224325936485115,0.0216646643018041,0.0470965653655106,0.249757837548822
Stieger2021,BDCNN,16,2,764,2,0.78809817633347,0.679774286909072,0.191925570353403,0.00961968607541594,0.0675844696048559,0.249890353882843
Stieger2021,BDCNN,16,3,676,2,0.847540897236638,0.659214326359029,0.159234750924556,0.00941373857051192,0.0993890118047737,0.249210024158818
Stieger2021,BDCNN,16,4,672,2,0.800432637299771,0.635165052759776,0.188719477306548,0.0144267024771514,0.0734396514744587,0.247732426303855
Stieger2021,BDCNN,16,5,730,2,0.798137159789124,0.62975392852899,0.189474148287671,0.0157077678894299,0.075753229284626,0.249519609682867
Stieger2021,BDCNN,16,6,705,2,0.835990408606332,0.63577945328357,0.164637206205674,0.00829631340691858,0.0920248835706427,0.248365776369398
Stieger2021,BDCNN,2,1,752,2,0.721266990737793,0.670587531102734,0.22904405127992,0.0246790639287842,0.0455483642785607,0.249913351629697
Stieger2021,BDCNN,2,2,690,2,0.664168793860203,0.68981525017141,0.258379757608696,0.036546131717661,0.0274858448083982,0.249319470699433
Stieger2021,BDCNN,2,3,680,2,0.714726822339246,0.658069453429169,0.235547603125,0.0307678586894546,0.0449088368793335,0.249688581314879
Stieger2021,BDCNN,2,4,727,2,0.733510203463728,0.681378978203649,0.221798580295736,0.0191336388887288,0.0472967447067161,0.249961686113723
Stieger2021,BDCNN,2,5,761,2,0.7689480460152,0.694675132031183,0.200700339848883,0.0116907623880144,0.0604616038639323,0.249471181324801
Stieger2021,BDCNN,2,6,713,2,0.677700678126478,0.679338342127098,0.250823438814867,0.032385974951868,0.0310269999418359,0.249464463804835
Stieger2021,BDCNN,23,1,799,2,0.789522854097436,0.685454138982126,0.191427963313517,0.0103184145061114,0.068717754094689,0.249827302902094
Stieger2021,BDCNN,23,2,770,2,0.756527437191361,0.672401414737773,0.211424695941558,0.0174422696075707,0.0556869951536156,0.249669421487603
Stieger2021,BDCNN,23,3,647,2,0.778180862250263,0.644988841880122,0.20099462799459,0.0177522739619145,0.066656716460314,0.24989907049299
Stieger2021,BDCNN,23,4,538,2,0.793708471760797,0.625572923096233,0.193053254879182,0.0150265901517328,0.0715552924041547,0.249581957131604
Stieger2021,BDCNN,23,5,810,2,0.78859496171292,0.682310804856117,0.190705797222222,0.0132263217264869,0.072519000346362,0.249998475842097
Stieger2021,BDCNN,23,6,758,2,0.8268667156297,0.670170371526068,0.170139098120053,0.00672925702327751,0.0854136146018065,0.248823455698582
Stieger2021,BDCNN,3,1,804,2,0.772645420792079,0.666798569475479,0.201561119480721,0.0146100926772331,0.0630427852308673,0.249993812034356
Stieger2021,BDCNN,3,2,670,2,0.848967670011148,0.642129923123833,0.157850760634328,0.00627010663799057,0.0981965792404633,0.249777233236801
Stieger2021,BDCNN,3,3,714,2,0.829624194674849,0.631153538180996,0.171163889880952,0.00986385026310826,0.088668575279095,0.249968614896939
Stieger2021,BDCNN,3,4,611,2,0.84723830973831,0.620598220249696,0.170697336845336,0.0179122188607894,0.0969731329576725,0.249758250942219
Stieger2021,BDCNN,3,5,721,2,0.817338784183296,0.623349345482927,0.179506304698336,0.0118443491015984,0.0821990595982936,0.249861015195031
Stieger2021,BDCNN,3,6,768,2,0.812011506730352,0.650194609988367,0.180613829427083,0.00974022198924143,0.0790178856177136,0.249891493055556
Stieger2021,BDCNN,5,1,780,2,0.80189814327793,0.69477622197148,0.18368172724359,0.00938925539541477,0.0757009535298658,0.249993425378041
Stieger2021,BDCNN,5,2,800,2,0.822645240419514,0.628568016347703,0.1746444965625,0.00923323410760493,0.0842824875451049,0.24969375
Stieger2021,BDCNN,5,3,638,2,0.776269887284913,0.676296594442432,0.200352747355016,0.0148118994711009,0.0644591521160852,0.25
Stieger2021,BDCNN,5,4,789,2,0.813670134686204,0.675514975367762,0.178034810836502,0.00955972324602783,0.0810329611339865,0.249508048724461
Stieger2021,BDCNN,5,5,709,2,0.811328261769106,0.655399139782882,0.182157960507757,0.0112696709147808,0.0791072344073337,0.24999552400031
Stieger2021,BDCNN,5,6,717,2,0.822171646436352,0.68346676046993,0.17233507583682,0.00689975005604052,0.0845602975451426,0.249995623325922
Stieger2021,BDCNN,9,1,753,2,0.773116269225342,0.674036400896521,0.199084075531208,0.0135855882375943,0.0644799081110443,0.249978395404658
Stieger2021,BDCNN,9,2,692,2,0.806814004010695,0.672661702476787,0.183248284320809,0.0101969629869576,0.0768735007450684,0.24992482207892
Stieger2021,BDCNN,9,3,712,2,0.852465358651455,0.624373066940199,0.162807936709972,0.0115089125861611,0.0985411949141895,0.249840219038
Stieger2021,BDCNN,9,4,711,2,0.782658959537572,0.651486433357829,0.198842843002813,0.0163700546552949,0.0673486829662355,0.249821471313754
Stieger2021,BDCNN,9,5,691,2,0.837556985787074,0.665400899516105,0.167105634406657,0.00884040976564432,0.0916462901627177,0.24991151480373
Stieger2021,BDCNN,9,6,739,2,0.815925046534465,0.666323808665661,0.177609603687415,0.00827041411318727,0.0805285137369428,0.249867703311171
Stieger2021,BSCNN,1,1,804,2,0.748953586288885,0.681941158196933,0.211921698538557,0.0154664347456179,0.0533900370659503,0.24984530085889
Stieger2021,BSCNN,1,2,767,2,0.826047619047619,0.679756115492498,0.171301025342243,0.00737883478136953,0.0859549956520258,0.249877186212899
Stieger2021,BSCNN,1,3,807,2,0.785749821880451,0.65236704220272,0.19456838925031,0.0132453264570698,0.0686765533290113,0.249999616122251
Stieger2021,BSCNN,1,4,684,2,0.832114848939361,0.57570120196774,0.168746142361111,0.0118974604377616,0.0925336066440729,0.249382288567422
Stieger2021,BSCNN,1,5,691,2,0.830377042312526,0.632519964304574,0.170087384949349,0.00748319008595669,0.0873533950721237,0.249957589935516
Stieger2021,BSCNN,1,6,760,2,0.813909682979892,0.635604528986481,0.190551373355263,0.0219349943970655,0.0804677623160406,0.249084141274238
Stieger2021,BSCNN,10,1,719,2,0.802114300755605,0.66048618142255,0.186384349878303,0.0126164491648611,0.0760923401944794,0.249860240907922
Stieger2021,BSCNN,10,2,681,2,0.781121155139993,0.653590814056853,0.197965563693098,0.015113077846075,0.0671340373836924,0.249986523230716
Stieger2021,BSCNN,10,3,719,2,0.800333673974978,0.627558824825997,0.187189308849096,0.010781138051031,0.0734520701098565,0.249860240907921
Stieger2021,BSCNN,10,4,694,2,0.799572212096244,0.618691467203584,0.187982382654899,0.013435528676767,0.0749216242917645,0.249468478269897
Stieger2021,BSCNN,10,5,728,2,0.742772580730405,0.672214565966959,0.21704926665522,0.0168730488438696,0.049731326567348,0.249907544378698
Stieger2021,BSCNN,10,6,780,2,0.816943934639749,0.642979596859952,0.187048906089744,0.0181921641328012,0.081010121948383,0.249866863905325
Stieger2021,BSCNN,12,1,717,2,0.836393762183236,0.596191610965966,0.180548787395398,0.0229041232149459,0.0918257582561305,0.249470422436582
Stieger2021,BSCNN,12,2,734,2,0.819033347215612,0.586553336494784,0.207032186648501,0.0406263966234955,0.0831765812154073,0.249582371240413
Stieger2021,BSCNN,12,3,735,2,0.845519077854261,0.575515305767695,0.170346796513605,0.0161253247692269,0.0953338061490918,0.24955527789347
Stieger2021,BSCNN,12,4,745,2,0.832860115306255,0.534927488673714,0.173700566526846,0.0130052241390314,0.0886880187220457,0.24938336110986
Stieger2021,BSCNN,12,5,726,2,0.860570480019493,0.555173295497551,0.162739239583333,0.0188476269537666,0.105271695887611,0.249163308517178
Stieger2021,BSCNN,12,6,665,2,0.868700445313349,0.594729424330418,0.157777621334586,0.0163078544026524,0.108366854697327,0.249836621629261
Stieger2021,BSCNN,13,1,768,2,0.866891594045641,0.662421929441425,0.149533474283854,0.00774204188125616,0.108206872176395,0.249998304578993
Stieger2021,BSCNN,13,2,727,2,0.840644780278022,0.563927082558281,0.169445365973177,0.0120701456303514,0.0925183521952939,0.24989357253812
Stieger2021,BSCNN,13,3,689,2,0.85947665599191,0.575819870726467,0.158818683599419,0.0124400667194303,0.103578726485904,0.249957343365893
Stieger2021,BSCNN,13,4,704,2,0.849318225931677,0.555149680849999,0.167620208540483,0.0162237127974552,0.0980869753313524,0.24948347107438
Stieger2021,BSCNN,13,5,657,2,0.850225183482838,0.596849477110012,0.160162020357686,0.0122933351626514,0.102130735630682,0.249999420825717
Stieger2021,BSCNN,13,6,771,2,0.804767512280466,0.506022303449269,0.207538819471466,0.0342500941092192,0.076710854074569,0.249999579436815
Stieger2021,BSCNN,16,1,739,2,0.725652135661813,0.639569174789982,0.230702735453315,0.0249338144045103,0.0439889165000166,0.249757837548822
Stieger2021,BSCNN,16,2,764,2,0.780762374880022,0.639439405377154,0.196141086142016,0.0126133089397518,0.0663625766805792,0.249890353882843
Stieger2021,BSCNN,16,3,676,2,0.833135762141847,0.639181096287915,0.166833034023669,0.00961754480306362,0.0919945349382129,0.249210024158818
Stieger2021,BSCNN,16,4,672,2,0.763801487414188,0.602771666026114,0.208729762834821,0.0202534867828423,0.0592561502518757,0.247732426303855
Stieger2021,BSCNN,16,5,730,2,0.797054200603148,0.584774754516665,0.194701067808219,0.022762280719075,0.0775808225937231,0.249519609682867
Stieger2021,BSCNN,16,6,705,2,0.818792326885065,0.593901153251899,0.177461033156028,0.0158416969332067,0.0867464401465762,0.248365776369398
Stieger2021,BSCNN,2,1,752,2,0.727299100667247,0.675305834909346,0.22576670653258,0.0224159119208234,0.0465625570179403,0.249913351629697
Stieger2021,BSCNN,2,2,690,2,0.675499785174514,0.702865880981516,0.251205288134058,0.0323051114980849,0.0304192940634599,0.249319470699433
Stieger2021,BSCNN,2,3,680,2,0.746790985310421,0.634137687695016,0.222997327022059,0.0262610976229632,0.0529523519157833,0.249688581314879
Stieger2021,BSCNN,2,4,727,2,0.718912740704856,0.672479710466334,0.229128305278542,0.0231636997385246,0.0439970805737058,0.249961686113723
Stieger2021,BSCNN,2,5,761,2,0.771515982114429,0.686889651176688,0.201014922306176,0.0153619878594487,0.0638182468780736,0.249471181324801
Stieger2021,BSCNN,2,6,713,2,0.717434158650055,0.686338661834969,0.230857646476157,0.0236445927549422,0.0422514100836198,0.249464463804835
Stieger2021,BSCNN,23,1,799,2,0.777929650761803,0.666576905970555,0.203342612406133,0.0161359538754983,0.0626206443714601,0.249827302902094
Stieger2021,BSCNN,23,2,770,2,0.788311749724716,0.649672424458353,0.199363947077922,0.0169926682382614,0.0672981426479426,0.249669421487603
Stieger2021,BSCNN,23,3,647,2,0.798929356658063,0.6240333064655,0.194695082785935,0.0181446478702593,0.0733486355773141,0.24989907049299
Stieger2021,BSCNN,23,4,538,2,0.796684662236988,0.631692626563953,0.19282541205855,0.0176044305757872,0.074360975648841,0.249581957131604
Stieger2021,BSCNN,23,5,810,2,0.78758291469541,0.647001167601812,0.193402923765432,0.0130448054896257,0.0696403575662908,0.249998475842097
Stieger2021,BSCNN,23,6,758,2,0.835449235826951,0.663973160579361,0.166540299967018,0.00760251421003047,0.0898856699415939,0.248823455698582
Stieger2021,BSCNN,3,1,804,2,0.748824257425743,0.640922582981245,0.216495219060945,0.0198802202253461,0.0533788131987564,0.249993812034356
Stieger2021,BSCNN,3,2,670,2,0.8398751393534,0.620011101511488,0.165675041977612,0.00719304739164328,0.0912952386508324,0.249777233236801
Stieger2021,BSCNN,3,3,714,2,0.813462760823335,0.637012277027931,0.179076477415966,0.0106394761246046,0.0815316136055774,0.249968614896939
Stieger2021,BSCNN,3,4,611,2,0.812419562419562,0.589354992587301,0.188496275265957,0.0188408053596737,0.0801027810359349,0.249758250942219
Stieger2021,BSCNN,3,5,721,2,0.808076958610495,0.602251294687512,0.186342299843967,0.0139823723567496,0.0775010877078137,0.249861015195031
Stieger2021,BSCNN,3,6,768,2,0.829010394051238,0.632557645301171,0.171162491455078,0.00912291174082114,0.0878519133412986,0.249891493055556
Stieger2021,BSCNN,5,1,780,2,0.78008954870608,0.646043116666666,0.201040309695513,0.0158585807097138,0.0648116963922418,0.249993425378041
Stieger2021,BSCNN,5,2,800,2,0.83328952967385,0.600581318785621,0.167788371015625,0.00938844323684548,0.0912938222212205,0.24969375
Stieger2021,BSCNN,5,3,638,2,0.730043926455125,0.633438327803748,0.226530776449843,0.0227199447211552,0.046189168271312,0.25
Stieger2021,BSCNN,5,4,789,2,0.782940820478484,0.651397018200331,0.195120332461977,0.0114060738962438,0.0657937901587273,0.249508048724461
Stieger2021,BSCNN,5,5,709,2,0.811089537511538,0.609313195098042,0.183264509520451,0.014201425111165,0.080932439591024,0.24999552400031
Stieger2021,BSCNN,5,6,717,2,0.77317149081855,0.65252912585667,0.200411264818689,0.01212708005105,0.0617114385582831,0.249995623325922
Stieger2021,BSCNN,9,1,753,2,0.768061238888105,0.635378008809566,0.205496449950199,0.0171560711586581,0.0616380166131174,0.249978395404658
Stieger2021,BSCNN,9,2,692,2,0.806680314171123,0.611252967304836,0.192787489794075,0.0196542707857627,0.0767916030706076,0.24992482207892
Stieger2021,BSCNN,9,3,712,2,0.844396194386325,0.580001315534031,0.173984558374298,0.0190372006347354,0.0948928612984378,0.249840219038
Stieger2021,BSCNN,9,4,711,2,0.79956449441761,0.610723737239933,0.196438202883263,0.0202517387882735,0.0736350072187641,0.249821471313754
Stieger2021,BSCNN,9,5,691,2,0.823059131134352,0.589116367597462,0.177946986975398,0.0146362818806951,0.0866008097090275,0.24991151480373
Stieger2021,BSCNN,9,6,739,2,0.82214674112181,0.601159794703293,0.178998983169824,0.0127511265154845,0.0836198466568313,0.249867703311171
Stieger2021,CSPBLDA,1,1,804,2,0.65730879730533,0.954506666752738,0.231558943485697,0.00573651247386425,0.0240228698470574,0.24984530085889
Stieger2021,CSPBLDA,1,2,767,2,0.64630612244898,0.932940930913842,0.235902049869622,0.00949173652581942,0.0234668728690963,0.249877186212899
Stieger2021,CSPBLDA,1,3,807,2,0.713491634523254,0.951023531838048,0.22064539622057,0.0118196767272021,0.0411738966288833,0.249999616122251
Stieger2021,CSPBLDA,1,4,684,2,0.695727448039426,0.940367149883505,0.225047086074561,0.011220345244581,0.0355555477374419,0.249382288567422
Stieger2021,CSPBLDA,1,5,691,2,0.660079597821533,0.952602505808947,0.22988697168958,0.00670419906590167,0.0267748173118371,0.249957589935516
Stieger2021,CSPBLDA,1,6,760,2,0.740329878849803,0.957356121075231,0.224537777384868,0.0257949710059194,0.0503413348952892,0.249084141274238
Stieger2021,CSPBLDA,10,1,719,2,0.669813730955035,0.918818034204556,0.226554213577886,0.0135078565943016,0.0368138839243372,0.249860240907922
Stieger2021,CSPBLDA,10,2,681,2,0.624937464419411,0.923034372516961,0.245317739353891,0.0160425980410406,0.0207113819178651,0.249986523230716
Stieger2021,CSPBLDA,10,3,719,2,0.711159110615632,0.883291116017363,0.226598503824757,0.0232259250871787,0.0464876621703435,0.249860240907921
Stieger2021,CSPBLDA,10,4,694,2,0.721134719898796,0.952579899071043,0.218328117164986,0.0138817241357165,0.0450220852406278,0.249468478269897
Stieger2021,CSPBLDA,10,5,728,2,0.66744811132,0.956479614287599,0.230680239096841,0.0122145438477632,0.0314418491296208,0.249907544378698
Stieger2021,CSPBLDA,10,6,780,2,0.703053565672712,0.941824697884146,0.228824714342949,0.0164139014066052,0.0374560509689819,0.249866863905325
Stieger2021,CSPBLDA,12,1,717,2,0.697684210526316,0.929057597245289,0.22474530761855,0.0133496765223572,0.0380747913403896,0.249470422436582
Stieger2021,CSPBLDA,12,2,734,2,0.686484858400762,0.913093832586206,0.229409721389646,0.0238923449423536,0.044064994793121,0.249582371240413
Stieger2021,CSPBLDA,12,3,735,2,0.705965909090909,0.919627665158148,0.220440905782313,0.0117743831997611,0.0408887553109184,0.24955527789347
Stieger2021,CSPBLDA,12,4,745,2,0.693311370237115,0.893987341433316,0.220552117449664,0.0129249084624404,0.0417561521226359,0.24938336110986
Stieger2021,CSPBLDA,12,5,726,2,0.748964424951267,0.915048005306742,0.213358233384986,0.0279391764763552,0.0637442516085469,0.249163308517178
Stieger2021,CSPBLDA,12,6,665,2,0.759363346728938,0.949108033619681,0.217393696052632,0.030628732750299,0.0630716583269286,0.249836621629261
Stieger2021,CSPBLDA,13,1,768,2,0.71130175307721,0.94842216615565,0.222378862630208,0.0139361105202217,0.0415555524690064,0.249998304578993
Stieger2021,CSPBLDA,13,2,727,2,0.672817165874194,0.884304771556436,0.234445476100413,0.0205729768261965,0.0360210732639038,0.24989357253812
Stieger2021,CSPBLDA,13,3,689,2,0.691724254171583,0.910240341928926,0.21885911574746,0.0140379164389932,0.0451361440574259,0.249957343365893
Stieger2021,CSPBLDA,13,4,704,2,0.686367753623188,0.910858501843664,0.222937917347301,0.0136406850646832,0.0401862387917622,0.24948347107438
Stieger2021,CSPBLDA,13,5,657,2,0.674850804359107,0.904045281895914,0.227137590848554,0.0157074197541879,0.0385692497313511,0.249999420825717
Stieger2021,CSPBLDA,13,6,771,2,0.651507300989166,0.845905962066316,0.246096887726978,0.0226633250979913,0.0265660168078288,0.249999579436815
Stieger2021,CSPBLDA,16,1,739,2,0.626394815173243,0.949193741526837,0.243382174137348,0.0105414637156091,0.0169171271270829,0.249757837548822
Stieger2021,CSPBLDA,16,2,764,2,0.630803510215275,0.963978691539566,0.237004835078534,0.00751758403791242,0.0204031028422215,0.249890353882843
Stieger2021,CSPBLDA,16,3,676,2,0.723369598623148,0.968564023601777,0.21976940033284,0.0163741688962591,0.0458147927222368,0.249210024158818
Stieger2021,CSPBLDA,16,4,672,2,0.653036506006865,0.932288927680372,0.235568567057292,0.00995666967453943,0.0221205289211026,0.247732426303855
Stieger2021,CSPBLDA,16,5,730,2,0.642070708210184,0.938785070463738,0.234700387928082,0.00901891402254068,0.0238381357773259,0.249519609682867
Stieger2021,CSPBLDA,16,6,705,2,0.697688830562846,0.951447688489272,0.225503707092199,0.0212539049788522,0.0441159742560515,0.248365776369398
Stieger2021,CSPBLDA,2,1,752,2,0.645340239303176,0.930674609846592,0.234710244847074,0.00936571169552483,0.0245688184781471,0.249913351629697
Stieger2021,CSPBLDA,2,2,690,2,0.574485471899984,0.933341951453465,0.256291026902174,0.0168989736541893,0.00992741745144823,0.249319470699433
Stieger2021,CSPBLDA,2,3,680,2,0.639096279101996,0.93036208062476,0.238180215257353,0.0178856433159098,0.0293940093734357,0.249688581314879
Stieger2021,CSPBLDA,2,4,727,2,0.668323089499818,0.94694891564139,0.230160945237276,0.00719086399511529,0.026991604871562,0.249961686113723
Stieger2021,CSPBLDA,2,5,761,2,0.615169511469192,0.94475156462247,0.240802337877792,0.00756076598394931,0.0162296094309578,0.249471181324801
Stieger2021,CSPBLDA,2,6,713,2,0.570876044787888,0.930666633287303,0.25320016812763,0.0127896256604611,0.009053921337666,0.249464463804835
Stieger2021,CSPBLDA,23,1,799,2,0.696686312621481,0.949871080313197,0.223038586279725,0.0115450732465446,0.0383337898689143,0.249827302902094
Stieger2021,CSPBLDA,23,2,770,2,0.645069547183322,0.953376553182964,0.23436822987013,0.00606116533005044,0.0213623569475239,0.249669421487603
Stieger2021,CSPBLDA,23,3,647,2,0.663755855080776,0.958237836300699,0.231843693972179,0.00850183827667797,0.0265572147974886,0.24989907049299
Stieger2021,CSPBLDA,23,4,538,2,0.732288205980066,0.945653893264259,0.219630788104089,0.0173526221232255,0.0473037911507402,0.249581957131604
Stieger2021,CSPBLDA,23,5,810,2,0.649770765253865,0.954953300877843,0.230426339891975,0.0100322350624102,0.0296043710125321,0.249998475842097
Stieger2021,CSPBLDA,23,6,758,2,0.681820725352359,0.946540779684995,0.227630593090369,0.0109215036328033,0.0321143662410158,0.248823455698582
Stieger2021,CSPBLDA,3,1,804,2,0.690018564356436,0.953588171947926,0.22698025738495,0.0115436295564957,0.0345571842059011,0.249993812034356
Stieger2021,CSPBLDA,3,2,670,2,0.70695652173913,0.92877927961099,0.214912817257463,0.00874710589166702,0.0436115218710054,0.249777233236801
Stieger2021,CSPBLDA,3,3,714,2,0.686941373113715,0.931745167414039,0.226164603641457,0.0115768791086149,0.0353808903640975,0.249968614896939
Stieger2021,CSPBLDA,3,4,611,2,0.744240669240669,0.914982769666833,0.213246813932079,0.0201653575317249,0.056676794541865,0.249758250942219
Stieger2021,CSPBLDA,3,5,721,2,0.679077358955408,0.939497242958155,0.224843514823162,0.0062852660015999,0.0313027663734684,0.249861015195031
Stieger2021,CSPBLDA,3,6,768,2,0.689023149153278,0.941541085525059,0.221415620117187,0.00907813101153385,0.0375540039499019,0.249891493055556
Stieger2021,CSPBLDA,5,1,780,2,0.731840416579003,0.943744513058436,0.216199985657051,0.0139360714779861,0.0477295111989756,0.249993425378041
Stieger2021,CSPBLDA,5,2,800,2,0.729080623764111,0.929595869045034,0.214592980390625,0.0128845967935009,0.0479853664028759,0.24969375
Stieger2021,CSPBLDA,5,3,638,2,0.628806713770501,0.912715444999227,0.242067409972571,0.0129421651426671,0.0208747551700966,0.25
Stieger2021,CSPBLDA,5,4,789,2,0.728406427854034,0.962141350319213,0.217773320183777,0.0145098113202993,0.0462445398609831,0.249508048724461
Stieger2021,CSPBLDA,5,5,709,2,0.701125187000668,0.946948968269192,0.221136799541608,0.00881771857195585,0.0376764430306583,0.24999552400031
Stieger2021,CSPBLDA,5,6,717,2,0.687725645813881,0.950291633943792,0.222749319124826,0.00970033335513965,0.0369466375562361,0.249995623325922
Stieger2021,CSPBLDA,9,1,753,2,0.592839000987724,0.938186069535473,0.247006117861886,0.0105620742629074,0.0135343518056801,0.249978395404658
Stieger2021,CSPBLDA,9,2,692,2,0.680230614973262,0.9558014850017,0.22546923003974,0.0120301958391674,0.0364857878783476,0.24992482207892
Stieger2021,CSPBLDA,9,3,712,2,0.698847262247839,0.934147055577173,0.22338671190309,0.0169471097741115,0.0434006169090218,0.249840219038
Stieger2021,CSPBLDA,9,4,711,2,0.686519122654209,0.954041337998443,0.225379903656821,0.0154130256607566,0.0398545933176888,0.249821471313754
Stieger2021,CSPBLDA,9,5,691,2,0.665346775274873,0.952584071047952,0.22536001709479,0.0131922895335655,0.0377437872425058,0.24991151480373
Stieger2021,CSPBLDA,9,6,739,2,0.635774377464128,0.924382572577612,0.237949477503383,0.0160736615309873,0.0279918873387753,0.249867703311171
Stieger2021,CSPGP,1,1,804,2,0.648315212007133,0.935680028965466,0.234883722947761,0.0070372657434252,0.0219988436545537,0.24984530085889
Stieger2021,CSPGP,1,2,767,2,0.657136054421769,0.949730888335365,0.230766939863103,0.00830601193712024,0.027416258286916,0.249877186212899
Stieger2021,CSPGP,1,3,807,2,0.703777977053288,0.963030624448393,0.22455819942689,0.0119851724481253,0.0374265891434868,0.249999616122251
Stieger2021,CSPGP,1,4,684,2,0.655607456610242,0.944432565977746,0.23318902439693,0.0118612442306404,0.028054508401133,0.249382288567422
Stieger2021,CSPGP,1,5,691,2,0.63692082111437,0.93881657610577,0.234450661450796,0.0084543265974702,0.02396125508219,0.249957589935516
Stieger2021,CSPGP,1,6,760,2,0.697798722466654,0.961991404966772,0.230694356743421,0.0178079366181135,0.0361977211489306,0.249084141274238
Stieger2021,CSPGP,10,1,719,2,0.668606001486436,0.85990012372252,0.229989385518081,0.0191447836657612,0.0390156390556021,0.249860240907922
Stieger2021,CSPGP,10,2,681,2,0.599780909828006,0.908638097918357,0.253244310664464,0.0198284539457614,0.0165706665120131,0.249986523230716
Stieger2021,CSPGP,10,3,719,2,0.718010652793261,0.938317920164818,0.214909417680807,0.0128501353393921,0.0478009585665069,0.249860240907921
Stieger2021,CSPGP,10,4,694,2,0.682679583530998,0.936678343035464,0.222863585824928,0.00814321412354552,0.0347481065685143,0.249468478269897
Stieger2021,CSPGP,10,5,728,2,0.664224180238133,0.950481661859612,0.230074115813874,0.0103409957584318,0.0301744243232563,0.249907544378698
Stieger2021,CSPGP,10,6,780,2,0.681592432524882,0.928369466508028,0.228908165064103,0.0122700751315063,0.0332287739727292,0.249866863905325
Stieger2021,CSPGP,12,1,717,2,0.700686159844055,0.859608181317844,0.223486551778243,0.0134194845153503,0.0394033551736896,0.249470422436582
Stieger2021,CSPGP,12,2,734,2,0.676448714897668,0.802755405295995,0.241784901396458,0.0357309608374781,0.0435284306814335,0.249582371240413
Stieger2021,CSPGP,12,3,735,2,0.705899151436031,0.860585166812131,0.219029270068027,0.0100962128975893,0.0406222207230324,0.24955527789347
Stieger2021,CSPGP,12,4,745,2,0.703093617697632,0.802914887777682,0.219862664597315,0.0153083617129678,0.0448290582255123,0.24938336110986
Stieger2021,CSPGP,12,5,726,2,0.756510416666667,0.84066293125272,0.205881226067493,0.0187647324762083,0.0620468149258931,0.249163308517178
Stieger2021,CSPGP,12,6,665,2,0.75643079540929,0.883510521610011,0.207841601691729,0.0145402427744597,0.0565352627119916,0.249836621629261
Stieger2021,CSPGP,13,1,768,2,0.722535688854227,0.918276354294921,0.216918693522135,0.0104936415645843,0.0435732526214419,0.249998304578993
Stieger2021,CSPGP,13,2,727,2,0.655066022593052,0.814752905348483,0.249522421681568,0.0281874031285581,0.0285585539851099,0.24989357253812
Stieger2021,CSPGP,13,3,689,2,0.682479352772628,0.83692874963816,0.227515013243832,0.0200322697508538,0.0424745998729149,0.249957343365893
Stieger2021,CSPGP,13,4,704,2,0.67573676889234,0.849451858396595,0.229186559481534,0.0171371144826707,0.0374340260755167,0.24948347107438
Stieger2021,CSPGP,13,5,657,2,0.645020942990585,0.807266478103465,0.251729841990107,0.0309774904870819,0.0292470693226926,0.249999420825717
Stieger2021,CSPGP,13,6,771,2,0.690680304151807,0.841079144816878,0.230057774967575,0.0175598483850291,0.0375016528542699,0.249999579436815
Stieger2021,CSPGP,16,1,739,2,0.601577735743926,0.919288711830654,0.24804392870433,0.0103643013446199,0.0120782101891113,0.249757837548822
Stieger2021,CSPGP,16,2,764,2,0.613955162484574,0.939020058997119,0.24235851341623,0.00687143912158747,0.0144032795882002,0.249890353882843
Stieger2021,CSPGP,16,3,676,2,0.715260398830379,0.926550537607546,0.214517738443047,0.00780820062530097,0.0425004863410716,0.249210024158818
Stieger2021,CSPGP,16,4,672,2,0.645805027173913,0.919674530302739,0.23451605859375,0.00872261012992551,0.0219389778400304,0.247732426303855
Stieger2021,CSPGP,16,5,730,2,0.640724529777617,0.906239158546338,0.237542723630137,0.013802021703114,0.0257789077558444,0.249519609682867
Stieger2021,CSPGP,16,6,705,2,0.68997278118013,0.90970856093603,0.228417353812057,0.0253537032820123,0.0453021258393534,0.248365776369398
Stieger2021,CSPGP,2,1,752,2,0.651061014526594,0.90880354260622,0.234283018700133,0.00860403802789161,0.0242343709574553,0.249913351629697
Stieger2021,CSPGP,2,2,690,2,0.579679193941079,0.894078750846809,0.258271104257246,0.0197872570186529,0.0108356234608395,0.249319470699433
Stieger2021,CSPGP,2,3,680,2,0.654309866962306,0.917419126973437,0.231217554871324,0.0158801790919105,0.0343512055354659,0.249688581314879
Stieger2021,CSPGP,2,4,727,2,0.660390426304953,0.937232320949148,0.233686188703576,0.00942769991343323,0.0257031973235801,0.249961686113723
Stieger2021,CSPGP,2,5,761,2,0.605901407865775,0.903565731680897,0.243009307982917,0.0147535572483644,0.0212154305902481,0.249471181324801
Stieger2021,CSPGP,2,6,713,2,0.575654470903643,0.938146211215226,0.248164073720196,0.0112723777224732,0.0125727678071115,0.249464463804835
Stieger2021,CSPGP,23,1,799,2,0.690864631011349,0.92928592105125,0.221470824155194,0.00811477177746825,0.0364712505243687,0.249827302902094
Stieger2021,CSPGP,23,2,770,2,0.636986671530578,0.916851818328055,0.239089355925325,0.0099609309712784,0.020540996533557,0.249669421487603
Stieger2021,CSPGP,23,3,647,2,0.656490775260491,0.921026817433292,0.231113530139104,0.00977835168070249,0.0285638920345888,0.24989907049299
Stieger2021,CSPGP,23,4,538,2,0.708250276854928,0.895253690390381,0.223124167518587,0.0180214426738168,0.0444792322868334,0.249581957131604
Stieger2021,CSPGP,23,5,810,2,0.656013754084768,0.911284633057226,0.229770396373457,0.00693739525344725,0.0271654747220877,0.249998475842097
Stieger2021,CSPGP,23,6,758,2,0.680925401322002,0.921841551873671,0.225074283888522,0.00608577155112111,0.0298349433611806,0.248823455698582
Stieger2021,CSPGP,3,1,804,2,0.683601485148515,0.93474165562021,0.224681528451493,0.00735995219192448,0.0326722357747875,0.249993812034356
Stieger2021,CSPGP,3,2,670,2,0.708816053511706,0.898478055758733,0.212556038899254,0.00955454648709303,0.0467757408246403,0.249777233236801
Stieger2021,CSPGP,3,3,714,2,0.690135208305541,0.922987127713779,0.221727460259104,0.0102543982490018,0.0384955528868373,0.249968614896939
Stieger2021,CSPGP,3,4,611,2,0.75520163020163,0.87681768700251,0.210311162336334,0.0179043981383138,0.0573514867441986,0.249758250942219
Stieger2021,CSPGP,3,5,721,2,0.693020140428677,0.920228337103216,0.222076803051318,0.00732824380307986,0.035112455946793,0.249861015195031
Stieger2021,CSPGP,3,6,768,2,0.694718844984802,0.921458684671261,0.216627541992188,0.00877631057496092,0.042040261638329,0.249891493055556
Stieger2021,CSPGP,5,1,780,2,0.742800599621292,0.922038901173784,0.20904291786859,0.0107786117483924,0.0517291192578434,0.249993425378041
Stieger2021,CSPGP,5,2,800,2,0.746148406798328,0.904903116929096,0.21046068828125,0.0117903387764716,0.0510234004952217,0.24969375
Stieger2021,CSPGP,5,3,638,2,0.65262232092845,0.905543161708076,0.234391362166928,0.0114075480765999,0.0270161859096719,0.25
Stieger2021,CSPGP,5,4,789,2,0.743033916200973,0.944572397089807,0.213033112008872,0.0148471041962621,0.0513220409118509,0.249508048724461
Stieger2021,CSPGP,5,5,709,2,0.712977846388898,0.925178775336515,0.218837287376587,0.0117370546741271,0.0428952912978506,0.24999552400031
Stieger2021,CSPGP,5,6,717,2,0.68292094615624,0.922178216623115,0.219671643654114,0.00982896481805998,0.0401529444898678,0.249995623325922
Stieger2021,CSPGP,9,1,753,2,0.585822632989982,0.863410964479581,0.264222961819389,0.0264184379379579,0.0121738715232273,0.249978395404658
Stieger2021,CSPGP,9,2,692,2,0.690808823529412,0.922347377718525,0.221558862265173,0.00767953338447167,0.0360454931982183,0.24992482207892
Stieger2021,CSPGP,9,3,712,2,0.707816509415341,0.868048757395824,0.217859709269663,0.0101494132248032,0.0421299229931404,0.249840219038
Stieger2021,CSPGP,9,4,711,2,0.682591654129385,0.915589112669958,0.223628088343882,0.00966830095187374,0.0358616839217454,0.249821471313754
Stieger2021,CSPGP,9,5,691,2,0.659991787342451,0.883048476011347,0.229636324620116,0.0178489858104705,0.0381241759940851,0.24991151480373
Stieger2021,CSPGP,9,6,739,2,0.661833677761656,0.898793420047638,0.230368395805142,0.0125134593881422,0.0320127668941711,0.249867703311171
Stieger2021,CSPLDA,1,1,804,2,0.657606003566475,0.956694838456879,0.231265932207002,0.00594638615671009,0.0245257548085974,0.24984530085889
Stieger2021,CSPLDA,1,2,767,2,0.64674149659864,0.936372775500534,0.235690755988349,0.00906728699876505,0.0232537172233145,0.249877186212899
Stieger2021,CSPLDA,1,3,807,2,0.715076284303368,0.953597896436561,0.22067284495719,0.0125419366312297,0.0418687077962909,0.249999616122251
Stieger2021,CSPLDA,1,4,684,2,0.696113134776087,0.943132758269593,0.225073335137154,0.0115350449895222,0.0358439984197907,0.249382288567422
Stieger2021,CSPLDA,1,5,691,2,0.657603686635945,0.954809652694626,0.230427475340034,0.00723808510701732,0.0267681997024988,0.249957589935516
Stieger2021,CSPLDA,1,6,760,2,0.743263062048641,0.95925784739817,0.224656699329844,0.0265959532712309,0.0510233952156255,0.249084141274238
Stieger2021,CSPLDA,10,1,719,2,0.672527251331599,0.924997262162422,0.225511649737583,0.0142124083676595,0.0385609995379978,0.249860240907922
Stieger2021,CSPLDA,10,2,681,2,0.625881967326237,0.92762961132616,0.244527750969437,0.0160431458550958,0.0215019181163742,0.249986523230716
Stieger2021,CSPLDA,10,3,719,2,0.713721664808621,0.888533462364298,0.226082405606514,0.0234886707975142,0.0472665060989221,0.249860240907921
Stieger2021,CSPLDA,10,4,694,2,0.722770134744867,0.954941703371153,0.218439766284598,0.0134960044912918,0.0445247164765906,0.249468478269897
Stieger2021,CSPLDA,10,5,728,2,0.6680710019857,0.958250773693747,0.230584415094437,0.0128077108872401,0.0321308401715018,0.249907544378698
Stieger2021,CSPLDA,10,6,780,2,0.706345917286655,0.945785183276046,0.228512918362385,0.0175831651330962,0.0389371106760366,0.249866863905325
Stieger2021,CSPLDA,12,1,717,2,0.695929824561404,0.934821116445005,0.225176930286096,0.0128004854070894,0.0370939775575758,0.249470422436582
Stieger2021,CSPLDA,12,2,734,2,0.685402784388387,0.920472554615241,0.229098518764975,0.0239565151006366,0.0444403675760744,0.249582371240413
Stieger2021,CSPLDA,12,3,735,2,0.706073463090434,0.927005314553877,0.220792109832094,0.0129790375189918,0.0417422055803684,0.24955527789347
Stieger2021,CSPLDA,12,4,745,2,0.692552776453249,0.903161078521116,0.220757873260763,0.0132487670765425,0.0418742549256391,0.24938336110986
Stieger2021,CSPLDA,12,5,726,2,0.74681712962963,0.921575368732277,0.214080837848279,0.0278467821856531,0.0629292528545517,0.249163308517178
Stieger2021,CSPLDA,12,6,665,2,0.759449332029977,0.953751266100432,0.21782654418183,0.0331753154297964,0.0651853928772281,0.249836621629261
Stieger2021,CSPLDA,13,1,768,2,0.71331592689295,0.951389496269531,0.22248562202999,0.0152588795817368,0.0427715621307403,0.249998304578993
Stieger2021,CSPLDA,13,2,727,2,0.671863169690178,0.889085238333483,0.234109253999129,0.0193503153075905,0.0351346338465814,0.24989357253812
Stieger2021,CSPLDA,13,3,689,2,0.693721557390865,0.914612526865755,0.218632038037763,0.0146295794379939,0.0459548847661234,0.249957343365893
Stieger2021,CSPLDA,13,4,704,2,0.686343491200828,0.914329340447185,0.222862976795773,0.01432443430223,0.0409449285808374,0.24948347107438
Stieger2021,CSPLDA,13,5,657,2,0.67593038772333,0.908980686743569,0.226393417512309,0.0163972222355057,0.0400032255489136,0.249999420825717
Stieger2021,CSPLDA,13,6,771,2,0.652553663952628,0.852609087130151,0.245083116661173,0.02209328100976,0.0270097437854023,0.249999579436815
Stieger2021,CSPLDA,16,1,739,2,0.627677825188053,0.951434841811045,0.243157493864146,0.0112874544048884,0.0178877980895644,0.249757837548822
Stieger2021,CSPLDA,16,2,764,2,0.631180584121761,0.965797221239828,0.236930504935961,0.00784005304508287,0.020799901991965,0.249890353882843
Stieger2021,CSPLDA,16,3,676,2,0.724234521394765,0.970366620961051,0.220232056916877,0.0171962594499341,0.0461742266918751,0.249210024158818
Stieger2021,CSPLDA,16,4,672,2,0.652531464530893,0.935720371962082,0.235663986648031,0.00943145215770336,0.0214998918135267,0.247732426303855
Stieger2021,CSPLDA,16,5,730,2,0.6416833998902,0.941747431927597,0.234438445974985,0.00995298837395267,0.0250341520818347,0.249519609682867
Stieger2021,CSPLDA,16,6,705,2,0.699110527850685,0.954383058283127,0.22535508284482,0.0217019390066373,0.0447126325312147,0.248365776369398
Stieger2021,CSPLDA,2,1,752,2,0.646493592873266,0.934283782076762,0.234442489217793,0.00910011109190359,0.0245709735038075,0.249913351629697
Stieger2021,CSPLDA,2,2,690,2,0.574527594544275,0.937112718680366,0.255445477230111,0.015415145597337,0.00928913906665896,0.249319470699433
Stieger2021,CSPLDA,2,3,680,2,0.640044692350333,0.934157172984753,0.237749733080837,0.0169626848253978,0.02890153305944,0.249688581314879
Stieger2021,CSPLDA,2,4,727,2,0.666389124379315,0.949077903293362,0.230816287154515,0.00818592434757828,0.027331323306786,0.249961686113723
Stieger2021,CSPLDA,2,5,761,2,0.616934534933621,0.948213157841678,0.240514765325987,0.00751638980929137,0.0164728058081054,0.249471181324801
Stieger2021,CSPLDA,2,6,713,2,0.57021763128844,0.933751245627796,0.2524833586533,0.0116481214486706,0.00862922660020576,0.249464463804835
Stieger2021,CSPLDA,23,1,799,2,0.696664367671954,0.951621891848165,0.223137254439872,0.0107556870582877,0.0374457355205102,0.249827302902094
Stieger2021,CSPLDA,23,2,770,2,0.64454937883793,0.954293852705946,0.234530094185338,0.00546271245731214,0.0206020397595775,0.249669421487603
Stieger2021,CSPLDA,23,3,647,2,0.663884905840742,0.95992294359664,0.231864875095761,0.00752535630829992,0.0255595517055292,0.24989907049299
Stieger2021,CSPLDA,23,4,538,2,0.732793466223699,0.948001717128062,0.219868267843,0.0199280136900157,0.0496417029786201,0.249581957131604
Stieger2021,CSPLDA,23,5,810,2,0.652069209383993,0.956525061425081,0.229992198333368,0.0103150898814815,0.0303213673902104,0.249998475842097
Stieger2021,CSPLDA,23,6,758,2,0.681950127653622,0.948199573280403,0.227906795169852,0.0116486715559119,0.0325653320846418,0.248823455698582
Stieger2021,CSPLDA,3,1,804,2,0.690767326732673,0.956258826374025,0.227060223650968,0.00986029716696424,0.032793885550352,0.249993812034356
Stieger2021,CSPLDA,3,2,670,2,0.704356744704571,0.931135310923222,0.215720497157823,0.00874431502795403,0.0428010511069326,0.249777233236801
Stieger2021,CSPLDA,3,3,714,2,0.687624084813196,0.936543196741011,0.226351330673663,0.0118860344100458,0.0355033186333217,0.249968614896939
Stieger2021,CSPLDA,3,4,611,2,0.743039468039468,0.918072086607904,0.213797506592965,0.0202923982973088,0.0562531426465628,0.249758250942219
Stieger2021,CSPLDA,3,5,721,2,0.678215077605322,0.942255849274144,0.22516931123051,0.00634661518269092,0.031038319147212,0.249861015195031
Stieger2021,CSPLDA,3,6,768,2,0.685953104646114,0.944344937588771,0.222270697432532,0.00906591918702543,0.0366867148100491,0.249891493055556
Stieger2021,CSPLDA,5,1,780,2,0.730374237323795,0.94728622060609,0.216798490384724,0.0139576743406403,0.0471526093339572,0.249993425378041
Stieger2021,CSPLDA,5,2,800,2,0.731001727115717,0.933464922632776,0.214676563627818,0.0123440451267771,0.0473612314989592,0.24969375
Stieger2021,CSPLDA,5,3,638,2,0.627480075864034,0.918506019109716,0.241234834352623,0.0110931482336574,0.0198583138810344,0.25
Stieger2021,CSPLDA,5,4,789,2,0.730640467667585,0.964539528912219,0.218090445751157,0.0162039961114985,0.0476215990848017,0.249508048724461
Stieger2021,CSPLDA,5,5,709,2,0.699414329821434,0.949636672910341,0.221757558730802,0.00908251383785472,0.0373204791073635,0.24999552400031
Stieger2021,CSPLDA,5,6,717,2,0.689495798319328,0.952705207747217,0.222664798104255,0.00966049640196848,0.0369913216236354,0.249995623325922
Stieger2021,CSPLDA,9,1,753,2,0.591780725271624,0.941592973112473,0.246480550423631,0.011398959036341,0.0148968040173686,0.249978395404658
Stieger2021,CSPLDA,9,2,692,2,0.681350267379679,0.957941002285314,0.225531727496617,0.0113343889178449,0.0357274835001477,0.24992482207892
Stieger2021,CSPLDA,9,3,712,2,0.698488018633295,0.937088247272251,0.223728719573538,0.0168384232086493,0.0429499226731117,0.249840219038
Stieger2021,CSPLDA,9,4,711,2,0.68398923113469,0.956276071591752,0.226038898986284,0.0160517254146087,0.0398342977420782,0.249821471313754
Stieger2021,CSPLDA,9,5,691,2,0.666876173236793,0.95459232985981,0.225371461516431,0.0142700805142248,0.0388101338015238,0.24991151480373
Stieger2021,CSPLDA,9,6,739,2,0.632502308402585,0.92742306342067,0.238534529829554,0.0157584224627391,0.0270915959443556,0.249867703311171
Stieger2021,CSPSVM,1,1,804,2,0.654702050723202,0.932989738872383,0.232828346796155,0.00518878868151787,0.0222057427442521,0.24984530085889
Stieger2021,CSPSVM,1,2,767,2,0.651557823129252,0.919066910285436,0.235075431216722,0.00676014786232701,0.0215619028585038,0.249877186212899
Stieger2021,CSPSVM,1,3,807,2,0.690081197946097,0.945476294831671,0.224212089318654,0.00724095508273911,0.0330284818863363,0.249999616122251
Stieger2021,CSPSVM,1,4,684,2,0.66116991643454,0.920782705567364,0.232386775339175,0.0135156710966193,0.0305111843248668,0.249382288567422
Stieger2021,CSPSVM,1,5,691,2,0.654562211981567,0.924442190518736,0.233118410407698,0.0103385431163128,0.0271777226441308,0.249957589935516
Stieger2021,CSPSVM,1,6,760,2,0.706827644209048,0.953120348781665,0.226579795729075,0.0149662615229879,0.037470607068151,0.249084141274238
Stieger2021,CSPSVM,10,1,719,2,0.659300291093769,0.862086167568425,0.22977607796071,0.0166652508256278,0.0367494137728397,0.249860240907922
Stieger2021,CSPSVM,10,2,681,2,0.60012593372091,0.897617292398412,0.258382080774369,0.0249363322436722,0.0165407747000189,0.249986523230716
Stieger2021,CSPSVM,10,3,719,2,0.692586399108138,0.927964666342224,0.222015152854475,0.0105538939924094,0.0383989820458558,0.249860240907921
Stieger2021,CSPSVM,10,4,694,2,0.677586077750868,0.91394057843781,0.229998568880427,0.0107876126427087,0.0302575220321782,0.249468478269897
Stieger2021,CSPSVM,10,5,728,2,0.657327081776107,0.928120087030207,0.229263641656068,0.00908709383266118,0.0297309965552914,0.249907544378698
Stieger2021,CSPSVM,10,6,780,2,0.699780948434077,0.902953206801463,0.233507105229623,0.0188303160011162,0.0351900746768189,0.249866863905325
Stieger2021,CSPSVM,12,1,717,2,0.694191033138402,0.890318713268632,0.225486959335254,0.0122547050289937,0.0362381681303215,0.249470422436582
Stieger2021,CSPSVM,12,2,734,2,0.680289891718229,0.858612221132228,0.23600322312758,0.0311047127535726,0.044683860866406,0.249582371240413
Stieger2021,CSPSVM,12,3,735,2,0.702813464277237,0.886671095104633,0.221177635818045,0.0105299106964658,0.0389075527718915,0.24955527789347
Stieger2021,CSPSVM,12,4,745,2,0.700926206886587,0.868482278919135,0.215759467361462,0.0129898911395915,0.046613784887989,0.24938336110986
Stieger2021,CSPSVM,12,5,726,2,0.752802144249513,0.881329916143289,0.206266690852125,0.0189791583481374,0.0618757760131904,0.249163308517178
Stieger2021,CSPSVM,12,6,665,2,0.754521016617791,0.906334133729707,0.209040327204139,0.017907039873606,0.0587033342987285,0.249836621629261
Stieger2021,CSPSVM,13,1,768,2,0.731796141195619,0.940246475774289,0.214705211471202,0.0113730087831876,0.0466661018909791,0.249998304578993
Stieger2021,CSPSVM,13,2,727,2,0.64586298797662,0.888212884155782,0.23817486226072,0.017530104802937,0.029248815080337,0.24989357253812
Stieger2021,CSPSVM,13,3,689,2,0.668005225012641,0.887988202265487,0.233353588319819,0.017653858899028,0.034257613945102,0.249957343365893
Stieger2021,CSPSVM,13,4,704,2,0.665631469979296,0.894266953378338,0.226999849934751,0.00914834123097408,0.0316319623706035,0.24948347107438
Stieger2021,CSPSVM,13,5,657,2,0.644464934390985,0.868980143283807,0.242306038448624,0.0155246214362612,0.0232180038133549,0.249999420825717
Stieger2021,CSPSVM,13,6,771,2,0.677101137204764,0.905292503326384,0.228923243388667,0.00838308774645513,0.0294594237946035,0.249999579436815
Stieger2021,CSPSVM,16,1,739,2,0.598696461824953,0.93391986339561,0.246471226803229,0.00847495747940505,0.0117615682249979,0.249757837548822
Stieger2021,CSPSVM,16,2,764,2,0.61989921842863,0.939475624391552,0.240763761470728,0.00674874672143888,0.0158753391335539,0.249890353882843
Stieger2021,CSPSVM,16,3,676,2,0.704025183741208,0.921237969593901,0.218483944634469,0.0091185651257796,0.0398446446501284,0.249210024158818
Stieger2021,CSPSVM,16,4,672,2,0.649778318077803,0.911930295944519,0.236005882304246,0.00891480382247528,0.0206413478220843,0.247732426303855
Stieger2021,CSPSVM,16,5,730,2,0.641322413494875,0.898602453204954,0.241893414829925,0.0144644892226591,0.0220906840756014,0.249519609682867
Stieger2021,CSPSVM,16,6,705,2,0.69053173908817,0.905380378847387,0.23411626816475,0.0292224835638535,0.043471991768501,0.248365776369398
Stieger2021,CSPSVM,2,1,752,2,0.629334805097398,0.889608222842028,0.243875066914555,0.013710067617748,0.0197483523328894,0.249913351629697
Stieger2021,CSPSVM,2,2,690,2,0.58209282145896,0.906586529658519,0.256996478308564,0.0190241155644858,0.0113471079553542,0.249319470699433
Stieger2021,CSPSVM,2,3,680,2,0.655548434035477,0.909998139825583,0.235848806843274,0.0194604729355221,0.033300247407127,0.249688581314879
Stieger2021,CSPSVM,2,4,727,2,0.662714212183602,0.928390046433472,0.233186758411711,0.00839991378242935,0.0251748414844415,0.249961686113723
Stieger2021,CSPSVM,2,5,761,2,0.613245289809931,0.892134458902212,0.24660885904986,0.019635796768373,0.0224981190433141,0.249471181324801
Stieger2021,CSPSVM,2,6,713,2,0.565573253430058,0.917773577971426,0.25659766418724,0.0166404037408201,0.00950720335841435,0.249464463804835
Stieger2021,CSPSVM,23,1,799,2,0.692588877045583,0.92585674945478,0.222761030119078,0.00914902175264259,0.0362152945356594,0.249827302902094
Stieger2021,CSPSVM,23,2,770,2,0.639090988927845,0.923741050563286,0.236450664693438,0.00779593136176762,0.0210146881559325,0.249669421487603
Stieger2021,CSPSVM,23,3,647,2,0.6612082974859,0.923735710318462,0.231344741977309,0.00724202085297329,0.0257963493686539,0.24989907049299
Stieger2021,CSPSVM,23,4,538,2,0.714320321151717,0.906429639777404,0.22568175456246,0.0192730679592608,0.0431732705284049,0.249581957131604
Stieger2021,CSPSVM,23,5,810,2,0.649002584987563,0.919980809092663,0.232006965825534,0.0089037180382216,0.0268952280547844,0.249998475842097
Stieger2021,CSPSVM,23,6,758,2,0.66947154898052,0.920139661188669,0.228907652798644,0.00878561164954503,0.0287014145494825,0.248823455698582
Stieger2021,CSPSVM,3,1,804,2,0.67542698019802,0.921817649966316,0.227221909505787,0.00760184772942704,0.030373750257996,0.249993812034356
Stieger2021,CSPSVM,3,2,670,2,0.707241917502787,0.913764764322211,0.21837982543187,0.01176844505865,0.0431658528635813,0.249777233236801
Stieger2021,CSPSVM,3,3,714,2,0.69490241931054,0.923191504796457,0.222861459375818,0.0122662531979381,0.0393734087190587,0.249968614896939
Stieger2021,CSPSVM,3,4,611,2,0.744058344058344,0.892773918579115,0.213651193481136,0.0188159902029335,0.0549230476640166,0.249758250942219
Stieger2021,CSPSVM,3,5,721,2,0.685813932002956,0.916394504880836,0.224882059092184,0.00694115815555704,0.0319201142584035,0.249861015195031
Stieger2021,CSPSVM,3,6,768,2,0.681468465045593,0.92221072280828,0.224766433691757,0.0138402762943312,0.0389653356581296,0.249891493055556
Stieger2021,CSPSVM,5,1,780,2,0.739802493162213,0.922443591723046,0.210126444695514,0.00969443388331459,0.0495614145658414,0.249993425378041
Stieger2021,CSPSVM,5,2,800,2,0.750228404795875,0.909254890954733,0.210737396093107,0.01432542962907,0.0532817835359628,0.24969375
Stieger2021,CSPSVM,5,3,638,2,0.65482355715844,0.908997684136195,0.233716601916878,0.00726483261014871,0.0235482306932709,0.25
Stieger2021,CSPSVM,5,4,789,2,0.747901161443177,0.93743454615805,0.209698851545267,0.0126087731396525,0.0524179703188465,0.249508048724461
Stieger2021,CSPSVM,5,5,709,2,0.72537161409428,0.928751652260324,0.216475208145115,0.0106769474191165,0.044197263274312,0.24999552400031
Stieger2021,CSPSVM,5,6,717,2,0.691005291005291,0.915270911739787,0.219876964588677,0.00811253786043634,0.0382311965976818,0.249995623325922
Stieger2021,CSPSVM,9,1,753,2,0.578397065048681,0.845258735052298,0.273228923148886,0.0345595179956199,0.0113089902513924,0.249978395404658
Stieger2021,CSPSVM,9,2,692,2,0.683414104278075,0.9272993053037,0.223618686979125,0.00788098724815739,0.0341871223479521,0.24992482207892
Stieger2021,CSPSVM,9,3,712,2,0.715005329438238,0.892761106412992,0.214802126199965,0.00954341226978866,0.0445815051078238,0.249840219038
Stieger2021,CSPSVM,9,4,711,2,0.671232876712329,0.912723745107307,0.225910131420482,0.00959923412742975,0.0335105740207008,0.249821471313754
Stieger2021,CSPSVM,9,5,691,2,0.657607602574417,0.904401896268182,0.232980666137476,0.0163541175383144,0.0332849662045686,0.24991151480373
Stieger2021,CSPSVM,9,6,739,2,0.644359436603204,0.901099987261884,0.235856672806266,0.0148432121896197,0.0288542426945247,0.249867703311171
Stieger2021,DCNN,1,1,804,2,0.753789379829602,0.762770050801702,0.203136689819345,0.00812921990771087,0.0548378309472557,0.24984530085889
Stieger2021,DCNN,1,2,767,2,0.810680272108844,0.752727585426659,0.177602790667645,0.00658967372093708,0.0788640692661909,0.249877186212899
Stieger2021,DCNN,1,3,807,2,0.802944500405376,0.739458769909451,0.182406918604146,0.00759025168925248,0.0751829492073579,0.249999616122251
Stieger2021,DCNN,1,4,684,2,0.85486179558603,0.688761105604691,0.154228581689406,0.00827397463287519,0.103427681510892,0.249382288567422
Stieger2021,DCNN,1,5,691,2,0.842346041055718,0.699744983899093,0.162308775301535,0.00736560678955309,0.0950144214235343,0.249957589935516
Stieger2021,DCNN,1,6,760,2,0.835088377782875,0.70191825419147,0.181650289200385,0.0220354229334365,0.0894692750072895,0.249084141274238
Stieger2021,DCNN,10,1,719,2,0.809596804162022,0.774235297725789,0.176709720440161,0.00627805481388582,0.079428575281646,0.249860240907922
Stieger2021,DCNN,10,2,681,2,0.784592958062346,0.768584803629709,0.191171439931612,0.00848743474102562,0.0673025180401293,0.249986523230716
Stieger2021,DCNN,10,3,719,2,0.797867892976589,0.774466934340533,0.18306779364236,0.007564952522469,0.0743573997880309,0.249860240907921
Stieger2021,DCNN,10,4,694,2,0.804515908882841,0.748384141737894,0.179124874164823,0.0071090375530091,0.077452641658083,0.249468478269897
Stieger2021,DCNN,10,5,728,2,0.738031061481196,0.815619746134105,0.206884969598534,0.00708148325823502,0.0501040580383991,0.249907544378698
Stieger2021,DCNN,10,6,780,2,0.827547872305435,0.760029831327984,0.176106740144308,0.013514054663987,0.0872741784250048,0.249866863905325
Stieger2021,DCNN,12,1,717,2,0.829520467836257,0.621325017620053,0.184689368298111,0.0235168658497657,0.088297919988237,0.249470422436582
Stieger2021,DCNN,12,2,734,2,0.811667063303189,0.625112757243445,0.199537062917506,0.0292221985874604,0.0792675069103674,0.249582371240413
Stieger2021,DCNN,12,3,735,2,0.844143128412058,0.613963777482674,0.16816254178691,0.0135058002167637,0.094898536323324,0.24955527789347
Stieger2021,DCNN,12,4,745,2,0.850325834091927,0.561452322547058,0.163282622691132,0.0141422285537081,0.100242966972436,0.24938336110986
Stieger2021,DCNN,12,5,726,2,0.862040082846004,0.596141228734256,0.158800793732492,0.0146529077402654,0.105015422524951,0.249163308517178
Stieger2021,DCNN,12,6,665,2,0.852584989681764,0.636284534602083,0.167777556332555,0.0180743927628267,0.100133458059533,0.249836621629261
Stieger2021,DCNN,13,1,768,2,0.868800651046082,0.701716319002725,0.153788639905903,0.0128849851530673,0.109094649826157,0.249998304578993
Stieger2021,DCNN,13,2,727,2,0.84661104212726,0.613486486053032,0.165226197285041,0.0139954884000736,0.0986628636531527,0.24989357253812
Stieger2021,DCNN,13,3,689,2,0.866956008764537,0.643404325740819,0.157083132470503,0.0159137129656989,0.108787923861089,0.249957343365893
Stieger2021,DCNN,13,4,704,2,0.851813211697723,0.61756864249072,0.169231153801918,0.0235740663824024,0.103826383654865,0.24948347107438
Stieger2021,DCNN,13,5,657,2,0.866187263696345,0.646359263023533,0.152039084196901,0.0111085778310434,0.10906891445986,0.249999420825717
Stieger2021,DCNN,13,6,771,2,0.801917771347823,0.54435573673375,0.212047100361248,0.0369893184960731,0.0749417975716401,0.249999579436815
Stieger2021,DCNN,16,1,739,2,0.748676666813296,0.771013760261878,0.205508123217543,0.00829162937549061,0.0525413437067693,0.249757837548822
Stieger2021,DCNN,16,2,764,2,0.81090086384204,0.730726259701088,0.177048928353451,0.00751889085289509,0.0803603163822872,0.249890353882843
Stieger2021,DCNN,16,3,676,2,0.854315393869146,0.702285500374097,0.155090295803962,0.00887517564086646,0.102994903995722,0.249210024158818
Stieger2021,DCNN,16,4,672,2,0.793612342677345,0.700216153034613,0.185945277119546,0.00981016158464423,0.0715973107689532,0.247732426303855
Stieger2021,DCNN,16,5,730,2,0.791974069143936,0.68958389587016,0.185672697087506,0.0136137922869528,0.0774607048823138,0.249519609682867
Stieger2021,DCNN,16,6,705,2,0.847760928032144,0.6947591764573,0.157245707033147,0.00877787186450332,0.0998979412007546,0.248365776369398
Stieger2021,DCNN,2,1,752,2,0.718567577320682,0.671270606768206,0.230788550277362,0.0264370989446618,0.0455619002969966,0.249913351629697
Stieger2021,DCNN,2,2,690,2,0.650449448614586,0.715821616756043,0.264920163631199,0.0410294921343186,0.0254287992025521,0.249319470699433
Stieger2021,DCNN,2,3,680,2,0.724171978935698,0.672558755807174,0.230248170341141,0.0285649015451147,0.0480053125188525,0.249688581314879
Stieger2021,DCNN,2,4,727,2,0.742809131645876,0.72782297710294,0.212109095846668,0.012586817679291,0.0504394079463464,0.249961686113723
Stieger2021,DCNN,2,5,761,2,0.789699184628376,0.725945564744481,0.188927972450589,0.00895565401667836,0.0694988628908899,0.249471181324801
Stieger2021,DCNN,2,6,713,2,0.68790411607002,0.710503450985425,0.242048181262185,0.0259268704347743,0.0333431529774239,0.249464463804835
Stieger2021,DCNN,23,1,799,2,0.814822245908834,0.73081797993945,0.177699821457786,0.00735843761672017,0.079485919061029,0.249827302902094
Stieger2021,DCNN,23,2,770,2,0.769207385039418,0.725544821530955,0.201750178508609,0.0131483519396474,0.0610675949186412,0.249669421487603
Stieger2021,DCNN,23,3,647,2,0.799866169582258,0.684942974093051,0.18647627144147,0.0113423958941543,0.0747651949456747,0.24989907049299
Stieger2021,DCNN,23,4,538,2,0.817206533776301,0.687134317908854,0.177374144925529,0.0132806229936113,0.0854884351996859,0.249581957131604
Stieger2021,DCNN,23,5,810,2,0.783245134858313,0.72484493339496,0.191857195276877,0.00931488840299147,0.0674561689682112,0.249998475842097
Stieger2021,DCNN,23,6,758,2,0.821802539082992,0.709579893255206,0.172812993933515,0.00570643687250594,0.081716898637573,0.248823455698582
Stieger2021,DCNN,3,1,804,2,0.78552599009901,0.719952809252654,0.191039149156026,0.00887051272728182,0.0678251756056118,0.249993812034356
Stieger2021,DCNN,3,2,670,2,0.839188405797101,0.690818853057952,0.162453983831759,0.00500385418149432,0.092327103586537,0.249777233236801
Stieger2021,DCNN,3,3,714,2,0.820831338821184,0.682155318768448,0.174435051950759,0.00756472032159236,0.083098283267772,0.249968614896939
Stieger2021,DCNN,3,4,611,2,0.839017589017589,0.668613980059857,0.173516304021668,0.0149935657079917,0.0912355126285426,0.249758250942219
Stieger2021,DCNN,3,5,721,2,0.81204576250308,0.684480375010788,0.178732780634094,0.00985267534840245,0.0809809099093396,0.249861015195031
Stieger2021,DCNN,3,6,768,2,0.817629179331307,0.704900730850642,0.175383234763247,0.00834837574906358,0.0828566340413724,0.249891493055556
Stieger2021,DCNN,5,1,780,2,0.817878182200715,0.721613741483745,0.17506477609487,0.006574899101043,0.0815035483842143,0.249993425378041
Stieger2021,DCNN,5,2,800,2,0.837369527671397,0.660258013301655,0.166330819984277,0.00701995880498596,0.0903828888207094,0.24969375
Stieger2021,DCNN,5,3,638,2,0.76596141940429,0.713677163825529,0.203510081796243,0.0151648715383756,0.0616547897421329,0.25
Stieger2021,DCNN,5,4,789,2,0.824405758285906,0.723148757171025,0.171413884682467,0.00633077003398869,0.0844249340759826,0.249508048724461
Stieger2021,DCNN,5,5,709,2,0.821633192220772,0.696314342212343,0.17439858426339,0.00922194137572852,0.084818881112649,0.24999552400031
Stieger2021,DCNN,5,6,717,2,0.825427948957361,0.716615298855616,0.170575189008332,0.00582926779353682,0.0852497021111269,0.249995623325922
Stieger2021,DCNN,9,1,753,2,0.790221532383237,0.710384590704551,0.189111253574948,0.00860658143550988,0.0694737232652208,0.249978395404658
Stieger2021,DCNN,9,2,692,2,0.807286096256684,0.708993037070312,0.179833751348287,0.00644973280417421,0.0765408035348072,0.24992482207892
Stieger2021,DCNN,9,3,712,2,0.880541628834235,0.670354250647623,0.142037246771812,0.0068191433394573,0.114622115605646,0.249840219038
Stieger2021,DCNN,9,4,711,2,0.822155356718663,0.697924469656004,0.173436519396768,0.00994332714376209,0.0863282790607479,0.249821471313754
Stieger2021,DCNN,9,5,691,2,0.842241552695092,0.674890977275072,0.160471439888637,0.00929259985097197,0.0987326747660659,0.24991151480373
Stieger2021,DCNN,9,6,739,2,0.851522080053936,0.71804717301413,0.15773869407669,0.00740797223775017,0.0995369814722311,0.249867703311171
Stieger2021,SCNN,1,1,804,2,0.752445759857341,0.751199014488773,0.204782288612846,0.00854278192334648,0.0536057941693899,0.24984530085889
Stieger2021,SCNN,1,2,767,2,0.829156462585034,0.74866781346244,0.170085676066474,0.00669026687008281,0.0864817770165075,0.249877186212899
Stieger2021,SCNN,1,3,807,2,0.789978625654129,0.730433738091549,0.188667541429798,0.00922157127380296,0.070553645966256,0.249999616122251
Stieger2021,SCNN,1,4,684,2,0.833143346903793,0.667864930355976,0.163951003052606,0.0101343995371372,0.0955656850519541,0.249382288567422
Stieger2021,SCNN,1,5,691,2,0.827867616254713,0.708090504013125,0.169549545195092,0.00600765835487313,0.0864157030952966,0.249957589935516
Stieger2021,SCNN,1,6,760,2,0.807174482696304,0.718976166940275,0.190776908044531,0.0198745872242483,0.0781818204539559,0.249084141274238
Stieger2021,SCNN,10,1,719,2,0.796776291341509,0.734570740218933,0.185765696322699,0.00851465703033144,0.0726092016155545,0.249860240907922
Stieger2021,SCNN,10,2,681,2,0.767971432021668,0.716911832045006,0.201405656455334,0.0121260492329073,0.0607069160082891,0.249986523230716
Stieger2021,SCNN,10,3,719,2,0.801282051282051,0.705449175144371,0.182849118315852,0.00646010301935079,0.0734712256114207,0.249860240907921
Stieger2021,SCNN,10,4,694,2,0.79210673058517,0.709767353781341,0.186664055142555,0.00940976731517004,0.0722141904425119,0.249468478269897
Stieger2021,SCNN,10,5,728,2,0.763792309376581,0.760780349195763,0.20260481045114,0.0119581562810847,0.0592608902086425,0.249907544378698
Stieger2021,SCNN,10,6,780,2,0.786303027910985,0.691429816697635,0.203097334278781,0.0211516424928242,0.0679211721193691,0.249866863905325
Stieger2021,SCNN,12,1,717,2,0.827469785575049,0.660978574741261,0.180293023803955,0.0170427705250846,0.0862201691577113,0.249470422436582
Stieger2021,SCNN,12,2,734,2,0.806342217991433,0.653137519886077,0.205534834916601,0.0342613988918906,0.0783089352157028,0.249582371240413
Stieger2021,SCNN,12,3,735,2,0.827290529314028,0.638688419142047,0.176321630657116,0.0141397252347931,0.0873733724711478,0.24955527789347
Stieger2021,SCNN,12,4,745,2,0.821737685494242,0.615421898751498,0.176872113933221,0.0122724359022009,0.0847836830788395,0.24938336110986
Stieger2021,SCNN,12,5,726,2,0.84776285331384,0.628295834022674,0.166262342645979,0.0154134097169228,0.0983143755881218,0.249163308517178
Stieger2021,SCNN,12,6,665,2,0.857020020998516,0.671391647361185,0.162618620072966,0.0145256399860529,0.101743641542348,0.249836621629261
Stieger2021,SCNN,13,1,768,2,0.862629276728493,0.733007284687744,0.153250448997843,0.0087674788080353,0.105515334389185,0.249998304578993
Stieger2021,SCNN,13,2,727,2,0.823487991762319,0.6310139932945,0.176994049839271,0.0116272005368896,0.0845267232357387,0.24989357253812
Stieger2021,SCNN,13,3,689,2,0.854458115624473,0.648847192730527,0.161889818646533,0.0143984173941416,0.102465942113501,0.249957343365893
Stieger2021,SCNN,13,4,704,2,0.847138651656315,0.636477087953135,0.167324732128742,0.0166209721544403,0.0987797111000784,0.24948347107438
Stieger2021,SCNN,13,5,657,2,0.85188857587664,0.672039587447191,0.160463981866562,0.010286338165416,0.0998217771245714,0.249999420825717
Stieger2021,SCNN,13,6,771,2,0.809037076912725,0.590390161165604,0.200139071957192,0.028801625750434,0.0786621332300579,0.249999579436815
Stieger2021,SCNN,16,1,739,2,0.723221748119474,0.731598729134828,0.220286056290435,0.0150621319644795,0.0445339132228661,0.249757837548822
Stieger2021,SCNN,16,2,764,2,0.76869600987248,0.717681418967452,0.198386947687034,0.0105683826227387,0.062071788818548,0.249890353882843
Stieger2021,SCNN,16,3,676,2,0.836112501426903,0.722254670258723,0.163787257985126,0.00884118950859067,0.0942639556822826,0.249210024158818
Stieger2021,SCNN,16,4,672,2,0.773079948512586,0.690097289687736,0.197472296884152,0.0117314746928129,0.0619916041125156,0.247732426303855
Stieger2021,SCNN,16,5,730,2,0.787882889996917,0.673238692363004,0.193884025250044,0.0167985624108891,0.072434146843712,0.249519609682867
Stieger2021,SCNN,16,6,705,2,0.821943553352127,0.66678118038255,0.170788678798047,0.0126701341069321,0.0902472316782833,0.248365776369398
Stieger2021,SCNN,2,1,752,2,0.719904901398883,0.744675656586204,0.221090289098365,0.0150521497750982,0.0438752123064304,0.249913351629697
Stieger2021,SCNN,2,2,690,2,0.660348270022999,0.760552023993941,0.249858719069467,0.0276930904646407,0.0271538420946062,0.249319470699433
Stieger2021,SCNN,2,3,680,2,0.744361488359202,0.705463654334686,0.215618549659201,0.0172079835006213,0.051278015156299,0.249688581314879
Stieger2021,SCNN,2,4,727,2,0.729524948528521,0.738217190088536,0.218545887363452,0.0141140254383992,0.0455298241886706,0.249961686113723
Stieger2021,SCNN,2,5,761,2,0.763929842047704,0.758094388693356,0.200059073033444,0.00772981905473336,0.0571419273460903,0.249471181324801
Stieger2021,SCNN,2,6,713,2,0.704123955212112,0.753168608905425,0.228389262769385,0.0155520542241662,0.0366272552596158,0.249464463804835
Stieger2021,SCNN,23,1,799,2,0.763044704997178,0.738490422688207,0.209866741968942,0.0184387734809795,0.058399334414132,0.249827302902094
Stieger2021,SCNN,23,2,770,2,0.771524498577981,0.71886772924188,0.208566589292805,0.0208887352511131,0.061991567445911,0.249669421487603
Stieger2021,SCNN,23,3,647,2,0.798795526240321,0.716481804456668,0.192419351788733,0.0166188945173957,0.0740986132216527,0.24989907049299
Stieger2021,SCNN,23,4,538,2,0.789493355481728,0.71775719254659,0.194988406738605,0.0153062858864638,0.0698998362794626,0.249581957131604
Stieger2021,SCNN,23,5,810,2,0.780074867092621,0.728011265339767,0.195771474268379,0.0119297489632141,0.0661567505369319,0.249998475842097
Stieger2021,SCNN,23,6,758,2,0.824929178470255,0.738595104765047,0.172484153620298,0.00850225737365445,0.0848415594519384,0.248823455698582
Stieger2021,SCNN,3,1,804,2,0.752487623762376,0.739531713674495,0.20603549649291,0.011542157729947,0.055500473271393,0.249993812034356
Stieger2021,SCNN,3,2,670,2,0.828807134894091,0.705200154504177,0.168656265089886,0.00587920603320993,0.0870001741801252,0.249777233236801
Stieger2021,SCNN,3,3,714,2,0.813470608084248,0.715087978503646,0.17582164884935,0.00699287354439562,0.0811398395919849,0.249968614896939
Stieger2021,SCNN,3,4,611,2,0.818511368511369,0.673408526748226,0.182669226961439,0.0160230533468774,0.0831120773276571,0.249758250942219
Stieger2021,SCNN,3,5,721,2,0.800751416605075,0.698021271857921,0.183593019076054,0.00939465212539964,0.0756626482443765,0.249861015195031
Stieger2021,SCNN,3,6,768,2,0.815539513677812,0.722557655549634,0.175529570729462,0.00495605148579062,0.0793179738118839,0.249891493055556
Stieger2021,SCNN,5,1,780,2,0.771381232905533,0.726082740913046,0.198752194103885,0.0102587057054478,0.0614999369796032,0.249993425378041
Stieger2021,SCNN,5,2,800,2,0.824960576706465,0.677498417919005,0.17050885976179,0.00814554894255898,0.0873304391807687,0.24969375
Stieger2021,SCNN,5,3,638,2,0.726761726005051,0.712353978266032,0.221022290924537,0.0148370812317321,0.0438147903071948,0.25
Stieger2021,SCNN,5,4,789,2,0.793753701939172,0.748006101543697,0.18654178218043,0.00752371465572282,0.0704899811997536,0.249508048724461
Stieger2021,SCNN,5,5,709,2,0.811105452462043,0.693944175295549,0.179302223708522,0.00891149875438599,0.0796047990461744,0.24999552400031
Stieger2021,SCNN,5,6,717,2,0.76910986616869,0.734965539326581,0.198268800591363,0.00809432153927228,0.059821144273831,0.249995623325922
Stieger2021,SCNN,9,1,753,2,0.762233667278115,0.731352167939775,0.201774532855239,0.012888119651113,0.0610919822005324,0.249978395404658
Stieger2021,SCNN,9,2,692,2,0.79690006684492,0.708672574805149,0.188897244901634,0.0104002017082965,0.0714277788855826,0.24992482207892
Stieger2021,SCNN,9,3,712,2,0.853531246299001,0.679594291494908,0.165030485721624,0.0143480643071819,0.0991577976235577,0.249840219038
Stieger2021,SCNN,9,4,711,2,0.800427587299074,0.707441242837205,0.188203421139368,0.0136022432340708,0.0752202934084565,0.249821471313754
Stieger2021,SCNN,9,5,691,2,0.819522660230625,0.678233271581964,0.173817513572761,0.0112030780009007,0.08729707923187,0.24991151480373
Stieger2021,SCNN,9,6,739,2,0.821835289979334,0.699534869500796,0.17420251317501,0.00746135205136655,0.0831265421875273,0.249867703311171
Stieger2021,TSBLR,1,1,804,2,0.696440955022786,0.867454096960757,0.224846757851368,0.0106286034154582,0.0356271464229797,0.24984530085889
Stieger2021,TSBLR,1,2,767,2,0.752061224489796,0.880843748839824,0.204217762548892,0.00724398499594822,0.0529034086599552,0.249877186212899
Stieger2021,TSBLR,1,3,807,2,0.736680957177604,0.864358014014642,0.206165412949195,0.00870204217856774,0.0525362453516244,0.249999616122251
Stieger2021,TSBLR,1,4,684,2,0.768857938718663,0.843277091021332,0.19485485380117,0.0124518164367887,0.0669792512030417,0.249382288567423
Stieger2021,TSBLR,1,5,691,2,0.759530791788856,0.850090998656604,0.20261798616136,0.00857167784361232,0.0559112816177678,0.249957589935516
Stieger2021,TSBLR,1,6,760,2,0.793099373744535,0.837160434203695,0.212123835115132,0.0402064134568348,0.0771667196159415,0.249084141274238
Stieger2021,TSBLR,10,1,719,2,0.755357364053016,0.837233922433262,0.205324416463839,0.00953253820800487,0.0540683626520878,0.249860240907922
Stieger2021,TSBLR,10,2,681,2,0.695693239256819,0.847766273543205,0.225998388950073,0.0122755580194229,0.0362636923000653,0.249986523230716
Stieger2021,TSBLR,10,3,719,2,0.698187631611545,0.844557536589445,0.221887566324757,0.00873440311002446,0.0367070776931893,0.249860240907921
Stieger2021,TSBLR,10,4,694,2,0.726960625202866,0.867498055066796,0.215053869236311,0.0119565252543664,0.0463711342879518,0.249468478269897
Stieger2021,TSBLR,10,5,728,2,0.715320090300271,0.891848854037078,0.215634530563187,0.00770218843644122,0.0419752022519526,0.249907544378698
Stieger2021,TSBLR,10,6,780,2,0.724126589439478,0.84164187087317,0.220369434695513,0.0182161634671926,0.0477135926770052,0.249866863905325
Stieger2021,TSBLR,12,1,717,2,0.74893567251462,0.836950520591555,0.210824488929568,0.0150831400965397,0.053729073603554,0.249470422436582
Stieger2021,TSBLR,12,2,734,2,0.757102272727273,0.83037710760302,0.214389097666894,0.0226556673496884,0.0578489409232077,0.249582371240413
Stieger2021,TSBLR,12,3,735,2,0.768929503916449,0.829910739569302,0.203405478061224,0.0182766854104174,0.0644264852426632,0.24955527789347
Stieger2021,TSBLR,12,4,745,2,0.736670423512072,0.745097747351638,0.211946661409396,0.0276610265042024,0.0650977262046663,0.24938336110986
Stieger2021,TSBLR,12,5,726,2,0.781032986111111,0.820819225534091,0.200242133264463,0.0171528015734803,0.0660739768261953,0.249163308517178
Stieger2021,TSBLR,12,6,665,2,0.795436443285906,0.843438413990696,0.192974070958647,0.0166218770180002,0.0734844276886147,0.249836621629261
Stieger2021,TSBLR,13,1,768,2,0.78516835644773,0.87880396091695,0.196552038818359,0.0164219998708164,0.06986826563145,0.249998304578993
Stieger2021,TSBLR,13,2,727,2,0.747997365153397,0.80349110201751,0.207163347747593,0.0131582714366577,0.0558884962271848,0.24989357253812
Stieger2021,TSBLR,13,3,689,2,0.791463003539525,0.790065301525346,0.213270819394049,0.0346514455668179,0.0713379695386614,0.249957343365893
Stieger2021,TSBLR,13,4,704,2,0.7461341873706,0.737697277676493,0.217090565784801,0.0249383971635022,0.0573313024530812,0.24948347107438
Stieger2021,TSBLR,13,5,657,2,0.82386110905182,0.805204894412048,0.192620974219939,0.0275538172225402,0.0849322638283183,0.249999420825717
Stieger2021,TSBLR,13,6,771,2,0.72569813606083,0.748071416597456,0.225995784857328,0.0251261752193958,0.0491299697988831,0.249999579436815
Stieger2021,TSBLR,16,1,739,2,0.65727503335826,0.875329876383337,0.239889029262517,0.0143292176629254,0.02419802594923,0.249757837548822
Stieger2021,TSBLR,16,2,764,2,0.694779240367476,0.847956179977805,0.226602091950262,0.010715571945085,0.0340038338776663,0.249890353882843
Stieger2021,TSBLR,16,3,676,2,0.784884486710045,0.876108633621361,0.194790343380178,0.0136962194861514,0.0681159002647919,0.249210024158818
Stieger2021,TSBLR,16,4,672,2,0.699272382723112,0.826529177188545,0.227570750558036,0.0194354455903512,0.0395971213361703,0.247732426303855
Stieger2021,TSBLR,16,5,730,2,0.780821093638367,0.854268951555142,0.204050124143836,0.0193539206383203,0.064823406177352,0.249519609682867
Stieger2021,TSBLR,16,6,705,2,0.710901299374615,0.795157676514471,0.227075297695035,0.0201667456520019,0.0414572243263645,0.248365776369398
Stieger2021,TSBLR,2,1,752,2,0.66421490585663,0.829474283250422,0.240639648188165,0.0163368982152999,0.0256106016568317,0.249913351629697
Stieger2021,TSBLR,2,2,690,2,0.595917473315305,0.851252254642845,0.266762164130435,0.028546373600369,0.0111036801693672,0.249319470699433
Stieger2021,TSBLR,2,3,680,2,0.728403027993348,0.846058751090599,0.213231249724265,0.0167003549160573,0.0531576865066715,0.249688581314879
Stieger2021,TSBLR,2,4,727,2,0.693127800653991,0.855948215883752,0.226408222747593,0.0142974570646363,0.0378509204307667,0.249961686113723
Stieger2021,TSBLR,2,5,761,2,0.703839445159683,0.881870720640276,0.218824988748357,0.00573042101570009,0.0363766135921436,0.249471181324801
Stieger2021,TSBLR,2,6,713,2,0.617351364138149,0.842305695594337,0.253805717741935,0.0194405828805898,0.015099328943489,0.249464463804835
Stieger2021,TSBLR,23,1,799,2,0.70933914351997,0.887245776850355,0.215830434449312,0.00691325506534107,0.0409101235181239,0.249827302902094
Stieger2021,TSBLR,23,2,770,2,0.707050645481629,0.901324956970579,0.220199999918831,0.00890769244422332,0.0383771140129955,0.249669421487603
Stieger2021,TSBLR,23,3,647,2,0.719333715705956,0.898191068194714,0.214162332592736,0.00606002841728773,0.0417967663175419,0.24989907049299
Stieger2021,TSBLR,23,4,538,2,0.730744739756368,0.866399598875724,0.208247250232342,0.00741382356182202,0.048748530461084,0.249581957131604
Stieger2021,TSBLR,23,5,810,2,0.715291664634444,0.885824878926174,0.215701151697531,0.0110394802478944,0.0453368043924608,0.249998475842097
Stieger2021,TSBLR,23,6,758,2,0.734354562305459,0.896167635336421,0.209342578578496,0.00617841255484503,0.0456592896749307,0.248823455698582
Stieger2021,TSBLR,3,1,804,2,0.687190594059406,0.838735795580674,0.227358758784204,0.0113419705014494,0.033977023751601,0.249993812034356
Stieger2021,TSBLR,3,2,670,2,0.772838350055741,0.816547462787176,0.196097889085821,0.00994638159422917,0.0636257257452094,0.249777233236801
Stieger2021,TSBLR,3,3,714,2,0.744140057912786,0.862817968980204,0.205006734943978,0.00941768732565862,0.0543795672786202,0.249968614896939
Stieger2021,TSBLR,3,4,611,2,0.761947661947662,0.797378203540564,0.206466456833061,0.0164231708700477,0.0597149649792058,0.249758250942219
Stieger2021,TSBLR,3,5,721,2,0.742882329391476,0.862159224190317,0.204225543602635,0.00756176148682669,0.0531972330792223,0.249861015195031
Stieger2021,TSBLR,3,6,768,2,0.737322921189753,0.855791018406457,0.204041380371094,0.00632955982379058,0.0521796725082523,0.249891493055556
Stieger2021,TSBLR,5,1,780,2,0.734424310961498,0.859154617517265,0.210987785576923,0.00866945642067429,0.047675096221792,0.249993425378041
Stieger2021,TSBLR,5,2,800,2,0.751774048209056,0.832936003373577,0.202886933046875,0.00768257130800779,0.0544893882611328,0.24969375
Stieger2021,TSBLR,5,3,638,2,0.692514814123289,0.862151609397066,0.228562533111285,0.0160319186971484,0.0374693855858631,0.25
Stieger2021,TSBLR,5,4,789,2,0.760677680203961,0.87466561533192,0.203022010693916,0.0089204474081013,0.0554064854386457,0.249508048724461
Stieger2021,TSBLR,5,5,709,2,0.742380717445969,0.878183796472354,0.20624041096615,0.0110190850631243,0.0547741980972851,0.24999552400031
Stieger2021,TSBLR,5,6,717,2,0.73338779956427,0.884059255433721,0.208670035564854,0.0064212158589465,0.0477468036200151,0.249995623325922
Stieger2021,TSBLR,9,1,753,2,0.618805559475095,0.827518739167024,0.256323627988048,0.0268340459592049,0.0204888133758155,0.249978395404658
Stieger2021,TSBLR,9,2,692,2,0.755560661764706,0.895009740695063,0.201885675487717,0.00788058705970227,0.0559197336509056,0.24992482207892
Stieger2021,TSBLR,9,3,712,2,0.747341202479176,0.850682503770477,0.204991018433989,0.0094020661129641,0.0542512667169756,0.249840219038
Stieger2021,TSBLR,9,4,711,2,0.683110301686594,0.830387024676912,0.235396419831224,0.0232833128287765,0.0377083643113064,0.249821471313754
Stieger2021,TSBLR,9,5,691,2,0.698742122552963,0.838746472761005,0.219635969157019,0.0160110642834922,0.0462866099302038,0.24991151480373
Stieger2021,TSBLR,9,6,739,2,0.724002989930968,0.867394043605719,0.213601191897835,0.0104319264011946,0.0466984378145306,0.249867703311171
Stieger2021,TSGP,1,1,804,2,0.672930701406776,0.888283113129563,0.232619426539179,0.0104385018454967,0.0276643761652073,0.24984530085889
Stieger2021,TSGP,1,2,767,2,0.685880952380952,0.883668650548715,0.2260012226206,0.0130539487381845,0.0369299123304835,0.249877186212899
Stieger2021,TSGP,1,3,807,2,0.71460948824411,0.889413952989977,0.214227298714374,0.0107488235475089,0.0465211409553858,0.249999616122251
Stieger2021,TSGP,1,4,684,2,0.74379258624384,0.903198973096204,0.203855404605263,0.00699353023336624,0.0525204141955256,0.249382288567423
Stieger2021,TSGP,1,5,691,2,0.649040636782572,0.857870751022711,0.240741708122287,0.0207784215075934,0.0299943033208226,0.249957589935516
Stieger2021,TSGP,1,6,760,2,0.754794225382461,0.886342930404197,0.219307395065789,0.027076834257327,0.0568535804657757,0.249084141274238
Stieger2021,TSGP,10,1,719,2,0.713291991824601,0.919598862627508,0.215247259648818,0.00698138203767368,0.0415943632967774,0.249860240907922
Stieger2021,TSGP,10,2,681,2,0.660638811737713,0.924836833736616,0.231507435939794,0.00763290355639429,0.0261119908473157,0.249986523230716
Stieger2021,TSGP,10,3,719,2,0.668791806020067,0.932954848278521,0.229053729920028,0.00797329200831512,0.0287798029962088,0.249860240907921
Stieger2021,TSGP,10,4,694,2,0.672326117533478,0.879432188757283,0.239720894272334,0.018816705869984,0.0285642898675465,0.249468478269897
Stieger2021,TSGP,10,5,728,2,0.67724448269874,0.933377199469035,0.227018166723901,0.00703292287821389,0.029922300533011,0.249907544378698
Stieger2021,TSGP,10,6,780,2,0.643389970990468,0.90188351888632,0.238312665464744,0.00867195773573895,0.0202261561763208,0.249866863905325
Stieger2021,TSGP,12,1,717,2,0.673805068226121,0.902259171504456,0.234513739801255,0.0155745009754127,0.0305311836107395,0.249470422436582
Stieger2021,TSGP,12,2,734,2,0.694446097096621,0.915724062891443,0.224938764816076,0.0125257148000225,0.0371693212243592,0.249582371240413
Stieger2021,TSGP,12,3,735,2,0.732171997389034,0.912343122270585,0.218872210969388,0.0198794817050312,0.0505625486291137,0.24955527789347
Stieger2021,TSGP,12,4,745,2,0.667696186801913,0.861111804991047,0.230734894630872,0.0136374352291681,0.0322859017081556,0.24938336110986
Stieger2021,TSGP,12,5,726,2,0.727697063840156,0.914501767079184,0.217008808712121,0.0154317738319567,0.0475862736370134,0.249163308517178
Stieger2021,TSGP,12,6,665,2,0.753321747945404,0.922176211896946,0.214658371616541,0.0196283411136497,0.0548065911263695,0.249836621629261
Stieger2021,TSGP,13,1,768,2,0.732467532467532,0.939979324019433,0.213581883138021,0.0103562085750944,0.0467726300160666,0.249998304578993
Stieger2021,TSGP,13,2,727,2,0.705385535600715,0.913929898758139,0.216943193689821,0.00679472448708276,0.0397451033353816,0.24989357253812
Stieger2021,TSGP,13,3,689,2,0.738079386482387,0.885119603645401,0.222718914096517,0.0232435235516376,0.0504819528210137,0.249957343365893
Stieger2021,TSGP,13,4,704,2,0.690516627846791,0.839151698695853,0.230712325195313,0.0175888974404153,0.036360043319483,0.24948347107438
Stieger2021,TSGP,13,5,657,2,0.779514789828749,0.907961662984293,0.202888778538813,0.0181412719073798,0.0652519141942842,0.249999420825717
Stieger2021,TSGP,13,6,771,2,0.720981091447413,0.913535859765095,0.214483487110895,0.00615491955505126,0.0416710118809717,0.249999579436815
Stieger2021,TSGP,16,1,739,2,0.632062053695802,0.944745320189819,0.236336712956698,0.00847368082420208,0.0218948054163254,0.249757837548822
Stieger2021,TSGP,16,2,764,2,0.644412450294803,0.895593850696686,0.243192712450916,0.0145400488358768,0.0212376902678036,0.249890353882843
Stieger2021,TSGP,16,3,676,2,0.722877865879894,0.926041628090248,0.22031591595784,0.0151465013674961,0.0440406095684738,0.249210024158818
Stieger2021,TSGP,16,4,672,2,0.689877717391304,0.927168546741355,0.221939001674107,0.0104670405609012,0.0362604651906489,0.247732426303855
Stieger2021,TSGP,16,5,730,2,0.694191879310215,0.925688120182834,0.225136180222603,0.0161882757372743,0.0405717051975389,0.249519609682867
Stieger2021,TSGP,16,6,705,2,0.692540747221412,0.880561209081651,0.228660528368794,0.0137159082910493,0.0334211562916529,0.248365776369398
Stieger2021,TSGP,2,1,752,2,0.626543406426231,0.899447680912306,0.245630599235372,0.0142527716102783,0.0185355240046026,0.249913351629697
Stieger2021,TSGP,2,2,690,2,0.581187184606701,0.893267958914973,0.265002148007246,0.0269263630002143,0.0112436856924008,0.249319470699433
Stieger2021,TSGP,2,3,680,2,0.68990784368071,0.932752922520737,0.223457798161765,0.0115106653708242,0.0377414485239383,0.249688581314879
Stieger2021,TSGP,2,4,727,2,0.653907290783578,0.919161670876978,0.23339093423315,0.0101009849003437,0.026671736780917,0.249961686113723
Stieger2021,TSGP,2,5,761,2,0.636200977338483,0.933457961771292,0.236422843873193,0.00906004122964504,0.0221083786812527,0.249471181324801
Stieger2021,TSGP,2,6,713,2,0.602341901908216,0.920530704848752,0.246503227822581,0.00981715217263973,0.0127783881548938,0.249464463804835
Stieger2021,TSGP,23,1,799,2,0.676685058624365,0.943870925610146,0.225291344649562,0.00575097628394614,0.0302869345364786,0.249827302902094
Stieger2021,TSGP,23,2,770,2,0.687209938593114,0.950211764218716,0.224647390909091,0.00656854091988851,0.0315905714984009,0.249669421487603
Stieger2021,TSGP,23,3,647,2,0.65623267374056,0.942355512806552,0.230212019223338,0.00550423033003214,0.0251912815996836,0.24989907049299
Stieger2021,TSGP,23,4,538,2,0.719919712070875,0.923200357773858,0.213774398698885,0.00930981606266809,0.0451173744953873,0.249581957131604
Stieger2021,TSGP,23,5,810,2,0.690158147588158,0.94061178902968,0.224166406944444,0.00957807978674421,0.035410148684397,0.249998475842097
Stieger2021,TSGP,23,6,758,2,0.685059280243416,0.948004983860462,0.223289364281003,0.0067532004384605,0.0322872918560397,0.248823455698582
Stieger2021,TSGP,3,1,804,2,0.661884282178218,0.888808200958121,0.23367578125,0.00801764949340972,0.0243356802777653,0.249993812034356
Stieger2021,TSGP,3,2,670,2,0.727536231884058,0.901695130231215,0.209468372108209,0.00945059197888762,0.0497594531074798,0.249777233236801
Stieger2021,TSGP,3,3,714,2,0.683786774226456,0.921897503123224,0.225051651698179,0.0107447658033889,0.0356617290021488,0.249968614896939
Stieger2021,TSGP,3,4,611,2,0.726716001716002,0.897171993756677,0.221866599734043,0.0165956141921614,0.0444872654003375,0.249758250942219
Stieger2021,TSGP,3,5,721,2,0.661458333333333,0.926449580668293,0.228566570821775,0.00751687560723158,0.0288113199804871,0.249861015195031
Stieger2021,TSGP,3,6,768,2,0.675596368866696,0.919588292138217,0.223909966634115,0.00687128901782258,0.0328528154392635,0.249891493055556
Stieger2021,TSGP,5,1,780,2,0.721803992215443,0.918678345348405,0.221875488782051,0.0179492767684504,0.0460672133644399,0.249993425378041
Stieger2021,TSGP,5,2,800,2,0.719018297414333,0.916269047027087,0.21442568125,0.0102320411693249,0.0455001099193248,0.24969375
Stieger2021,TSGP,5,3,638,2,0.668163638329026,0.94021617484086,0.229461699255486,0.0101473663717685,0.0306856671162826,0.25
Stieger2021,TSGP,5,4,789,2,0.688306378924056,0.929042872854185,0.223721871673004,0.00736426515965805,0.033150442211115,0.249508048724461
Stieger2021,TSGP,5,5,709,2,0.682731482955088,0.930447118584514,0.225561905236248,0.00824303214861993,0.032676650912682,0.24999552400031
Stieger2021,TSGP,5,6,717,2,0.675929816370993,0.932145832130385,0.22547288345537,0.00705537395450115,0.0315781138250537,0.249995623325922
Stieger2021,TSGP,9,1,753,2,0.57690136870326,0.895493150165544,0.256894917745684,0.019171055146539,0.0122545328055135,0.249978395404658
Stieger2021,TSGP,9,2,692,2,0.683902907754011,0.929402620476903,0.224148191564306,0.0102543650776702,0.036030995592284,0.24992482207892
Stieger2021,TSGP,9,3,712,2,0.710402273893648,0.920822496582253,0.217516259655899,0.00922835647476658,0.0415523158568679,0.249840219038
Stieger2021,TSGP,9,4,711,2,0.645027318077441,0.878971990191689,0.237720883350914,0.0137005630089972,0.0258011509718366,0.249821471313754
Stieger2021,TSGP,9,5,691,2,0.672654364440869,0.917863734381738,0.224616463368307,0.0148071711171374,0.040102222552561,0.24991151480373
Stieger2021,TSGP,9,6,739,2,0.678076770874555,0.920143334022047,0.22609799458728,0.00698982747058663,0.0307595361944775,0.249867703311171
Stieger2021,TSLR,1,1,804,2,0.69530785615217,0.85423628301386,0.225756611663546,0.0101678544056256,0.0342565436009696,0.24984530085889
Stieger2021,TSLR,1,2,767,2,0.756904761904762,0.866472161011829,0.203047467894813,0.00858522461840161,0.0554149429364874,0.249877186212899
Stieger2021,TSLR,1,3,807,2,0.737040267302164,0.848789682638497,0.207106445284877,0.00922231737642182,0.0521154882137956,0.249999616122251
Stieger2021,TSLR,1,4,684,2,0.768236554531819,0.821497134775562,0.19492748344489,0.0112137779957417,0.0656685831182737,0.249382288567423
Stieger2021,TSLR,1,5,691,2,0.762656053623796,0.82904739904362,0.202501656534899,0.00932150646540594,0.0567774398660225,0.249957589935516
Stieger2021,TSLR,1,6,760,2,0.79241820797798,0.81762038897824,0.212121389820478,0.0394882169898773,0.0764509684436379,0.249084141274238
Stieger2021,TSLR,10,1,719,2,0.7510141830794,0.811625145046074,0.207317700087685,0.00972050126124879,0.0522630420814856,0.249860240907922
Stieger2021,TSLR,10,2,681,2,0.690565321648524,0.823046460449926,0.230207363580625,0.0140664052008795,0.0338455648509703,0.249986523230716
Stieger2021,TSLR,10,3,719,2,0.702921776291342,0.81803356490511,0.221778608257072,0.0089989632971833,0.0370805959480326,0.249860240907921
Stieger2021,TSLR,10,4,694,2,0.726731750351635,0.849151213132522,0.213916258256954,0.0105847977497725,0.0461370177627156,0.249468478269897
Stieger2021,TSLR,10,5,728,2,0.715690049604748,0.877308485421648,0.215740502169089,0.00642682325033259,0.0405938654599415,0.249907544378698
Stieger2021,TSLR,10,6,780,2,0.729389089521705,0.810441751190538,0.223791923095797,0.0240539658328103,0.0501289066423392,0.249866863905325
Stieger2021,TSLR,12,1,717,2,0.754736842105263,0.814901616362937,0.210555049400028,0.01696915960348,0.0558845326400337,0.249470422436582
Stieger2021,TSLR,12,2,734,2,0.761683424559733,0.806124805883073,0.215256468873723,0.0255983519981238,0.0599242543648134,0.249582371240413
Stieger2021,TSLR,12,3,735,2,0.76701578447662,0.804258009630304,0.204268481762814,0.0172617350493472,0.0625485311800033,0.24955527789347
Stieger2021,TSLR,12,4,745,2,0.744736804080512,0.727268297177587,0.208267154117285,0.0251585990843838,0.0662748060769592,0.24938336110986
Stieger2021,TSLR,12,5,726,2,0.777876766569201,0.793972843093201,0.203307464056782,0.0186525923236058,0.0645084367840016,0.249163308517178
Stieger2021,TSLR,12,6,665,2,0.796269143043337,0.82095687345385,0.192338003165716,0.0153536366938633,0.0728522551574081,0.249836621629261
Stieger2021,TSLR,13,1,768,2,0.778271337018073,0.851299969690064,0.198664325220661,0.0153740963445783,0.0667080757029107,0.249998304578993
Stieger2021,TSLR,13,2,727,2,0.743178170144462,0.768452823257723,0.211553661147705,0.0160609860239892,0.054400897414404,0.24989357253812
Stieger2021,TSLR,13,3,689,2,0.792019214562616,0.760492319416257,0.214919582201706,0.0371735259208266,0.072211287085013,0.249957343365893
Stieger2021,TSLR,13,4,704,2,0.747541407867495,0.716144614250838,0.216831380138602,0.0251011095296479,0.0577532004654266,0.24948347107438
Stieger2021,TSLR,13,5,657,2,0.820705760249092,0.780419701143713,0.193489260095224,0.0264430126552598,0.0829531733857528,0.249999420825717
Stieger2021,TSLR,13,6,771,2,0.707435569611735,0.686618457049744,0.238524870184652,0.0346259915386871,0.0461007007908502,0.249999579436815
Stieger2021,TSLR,16,1,739,2,0.637553336559187,0.800410525103169,0.258218700838175,0.0295524170752231,0.0210915537858694,0.249757837548822
Stieger2021,TSLR,16,2,764,2,0.69841628959276,0.829913124261754,0.226827904727699,0.0113699162831773,0.034432365438321,0.249890353882843
Stieger2021,TSLR,16,3,676,2,0.789933528270242,0.855336025344227,0.191696585216364,0.0122181749293962,0.0697316138718499,0.249210024158818
Stieger2021,TSLR,16,4,672,2,0.697591890732265,0.795812888432595,0.23268395593985,0.0241545092789032,0.0392029796429085,0.247732426303855
Stieger2021,TSLR,16,5,730,2,0.784445998691424,0.830161558318985,0.200999046379394,0.0184880458510855,0.0670086091545584,0.249519609682867
Stieger2021,TSLR,16,6,705,2,0.708491299698649,0.767802575477407,0.230502989956752,0.0223265333014965,0.0401893197141429,0.248365776369398
Stieger2021,TSLR,2,1,752,2,0.667296411867513,0.812886547106704,0.240476819395157,0.0185333839375652,0.0279699161721048,0.249913351629697
Stieger2021,TSLR,2,2,690,2,0.59527720912208,0.823925823141247,0.271946478088986,0.0331439987989924,0.0105169914094392,0.249319470699433
Stieger2021,TSLR,2,3,680,2,0.726934936252772,0.821327221413304,0.214480074963474,0.0170593134100763,0.0522678197614814,0.249688581314879
Stieger2021,TSLR,2,4,727,2,0.688574845585564,0.824305385091798,0.231261399185856,0.0174794861429947,0.036179773070862,0.249961686113723
Stieger2021,TSLR,2,5,761,2,0.703531431260988,0.857264131890515,0.219800133466991,0.00707131550546908,0.0367423633632786,0.249471181324801
Stieger2021,TSLR,2,6,713,2,0.61360984071913,0.80700137659149,0.26114105661743,0.0271377576280542,0.0154611648154588,0.249464463804835
Stieger2021,TSLR,23,1,799,2,0.704834158881435,0.86681154199658,0.217454555189723,0.00726410751373155,0.0396368552261034,0.249827302902094
Stieger2021,TSLR,23,2,770,2,0.703801282181194,0.884798623420739,0.22161220048114,0.00903292718696466,0.037090148193428,0.249669421487603
Stieger2021,TSLR,23,3,647,2,0.716958225791033,0.882907338261676,0.214526177284606,0.00597723136721368,0.0413501245755978,0.24989907049299
Stieger2021,TSLR,23,4,538,2,0.734606866002215,0.847949409309686,0.207372703762163,0.00815963081779972,0.0503688841872406,0.249581957131604
Stieger2021,TSLR,23,5,810,2,0.709768082719602,0.864433666269352,0.217652931810267,0.00970129799864239,0.042046842030473,0.249998475842097
Stieger2021,TSLR,23,6,758,2,0.73393487916623,0.875916975055,0.209500863214909,0.00770608528777941,0.0470286777714522,0.248823455698582
Stieger2021,TSLR,3,1,804,2,0.678818069306931,0.807874973679052,0.233935355018479,0.0156509512006846,0.0317094082165614,0.249993812034356
Stieger2021,TSLR,3,2,670,2,0.776151616499443,0.794854476086049,0.195147479015837,0.00934673721837503,0.0639764914393391,0.249777233236801
Stieger2021,TSLR,3,3,714,2,0.743896792824465,0.841272431523435,0.20534992230088,0.0085798655974251,0.053198558193484,0.249968614896939
Stieger2021,TSLR,3,4,611,2,0.765250965250965,0.771829496882837,0.205123077139658,0.0168834087905734,0.0615185825931344,0.249758250942219
Stieger2021,TSLR,3,5,721,2,0.746427691549643,0.841219132263097,0.203428221035495,0.00765013466424327,0.0540829288237788,0.249861015195031
Stieger2021,TSLR,3,6,768,2,0.738852854971776,0.835542770520455,0.203780315290805,0.00615402724604172,0.0522652050107919,0.249891493055556
Stieger2021,TSLR,5,1,780,2,0.729867978119083,0.842221256325585,0.211589184776012,0.00761866108286066,0.0460229016848899,0.249993425378041
Stieger2021,TSLR,5,2,800,2,0.748735951540637,0.808883551107853,0.204459691276274,0.00908275805341069,0.0543168167771365,0.24969375
Stieger2021,TSLR,5,3,638,2,0.696209746366486,0.84039204315688,0.230278032761394,0.0182516197007415,0.0379735869393478,0.25
Stieger2021,TSLR,5,4,789,2,0.761073626741521,0.852938388956038,0.203672473810477,0.0102273976176878,0.0560629725316711,0.249508048724461
Stieger2021,TSLR,5,5,709,2,0.74671356272082,0.859105145225955,0.204178856935955,0.00957530456962891,0.0553919716339847,0.24999552400031
Stieger2021,TSLR,5,6,717,2,0.729248366013072,0.863970588157675,0.21052724598869,0.00601269943003926,0.0454810767672716,0.249995623325922
Stieger2021,TSLR,9,1,753,2,0.624241569070128,0.799786488322811,0.260001996725415,0.0330881702649846,0.023064568944228,0.249978395404658
Stieger2021,TSLR,9,2,692,2,0.760745320855615,0.877807200299874,0.199043140928768,0.00705125577847257,0.0579329369286248,0.24992482207892
Stieger2021,TSLR,9,3,712,2,0.750550708617899,0.827720788466512,0.203852155486577,0.00827754713748163,0.0542656106889048,0.249840219038
Stieger2021,TSLR,9,4,711,2,0.69411671549608,0.812549658320363,0.23446360563626,0.0257139899498837,0.0410718556273773,0.249821471313754
Stieger2021,TSLR,9,5,691,2,0.700380463931349,0.814232656212818,0.220905257725846,0.0163988486325351,0.0454051057104195,0.24991151480373
Stieger2021,TSLR,9,6,739,2,0.729609110495537,0.84833068578575,0.211917454049168,0.0120092691678226,0.0499595184298258,0.249867703311171
Stieger2021,TSSVM,1,1,804,2,0.687778630869824,0.861210066273058,0.228204507271613,0.0101356324800221,0.0317764260672984,0.24984530085889
Stieger2021,TSSVM,1,2,767,2,0.758986394557823,0.87926958385776,0.203740762079801,0.00964320822047554,0.0557796323535729,0.249877186212899
Stieger2021,TSSVM,1,3,807,2,0.732937375623418,0.861635099994749,0.208462447448232,0.0101979565382684,0.0517351252122873,0.249999616122251
Stieger2021,TSSVM,1,4,684,2,0.768073709020784,0.835293245750244,0.19584898453125,0.0137976037776387,0.0673309078138112,0.249382288567423
Stieger2021,TSSVM,1,5,691,2,0.774076246334311,0.843068227685493,0.199829180143032,0.0109838947220731,0.061112304514557,0.249957589935516
Stieger2021,TSSVM,1,6,760,2,0.791021123089434,0.829681514068472,0.214286931412307,0.0412321298078535,0.0760293396697843,0.249084141274238
Stieger2021,TSSVM,10,1,719,2,0.753154806143937,0.83407758320878,0.204062486058035,0.00784570240987364,0.0536434572597602,0.249860240907922
Stieger2021,TSSVM,10,2,681,2,0.6852735176911,0.828156285237837,0.232695152099764,0.0144909935170888,0.0317823646480404,0.249986523230716
Stieger2021,TSSVM,10,3,719,2,0.70048309178744,0.821348515159333,0.222682341575509,0.00948343182751876,0.0366613311599316,0.249860240907921
Stieger2021,TSSVM,10,4,694,2,0.727564022537931,0.865158946459531,0.211947029085523,0.00999034123214493,0.0475117904165185,0.249468478269897
Stieger2021,TSSVM,10,5,728,2,0.709963230575249,0.878935510145922,0.217668752591483,0.00587436460858168,0.0381131563957969,0.249907544378698
Stieger2021,TSSVM,10,6,780,2,0.726672323854255,0.823387195665732,0.223414238843683,0.0228732002779244,0.0493258253395671,0.249866863905326
Stieger2021,TSSVM,12,1,717,2,0.749528265107212,0.831477544407573,0.212373763006352,0.017561566855887,0.054658226286117,0.249470422436582
Stieger2021,TSSVM,12,2,734,2,0.767618098524512,0.831956102680428,0.210377346890425,0.0214392615983565,0.0606442859483449,0.249582371240413
Stieger2021,TSSVM,12,3,735,2,0.764660722762877,0.822597650822925,0.203357924554998,0.016822953907886,0.0630203072463578,0.24955527789347
Stieger2021,TSSVM,12,4,745,2,0.752691201757048,0.765896280309169,0.202354643855656,0.0178793050063923,0.0649080222605963,0.24938336110986
Stieger2021,TSSVM,12,5,726,2,0.782007644980507,0.818529450889028,0.199664602194942,0.0175302691397421,0.0670289754619779,0.249163308517178
Stieger2021,TSSVM,12,6,665,2,0.793006227146012,0.837723902284543,0.193908314366885,0.014599237343312,0.0705275446056884,0.249836621629261
Stieger2021,TSSVM,13,1,768,2,0.769733138923739,0.860016338835943,0.201077181421914,0.0144226509124617,0.0633437740695408,0.249998304578993
Stieger2021,TSSVM,13,2,727,2,0.741209606590145,0.783747448610335,0.213191918511448,0.0164300083679862,0.0531316623946585,0.24989357253812
Stieger2021,TSSVM,13,3,689,2,0.787316703185572,0.770019625280417,0.21800452501009,0.0383752896276283,0.0703281079834314,0.249957343365893
Stieger2021,TSSVM,13,4,704,2,0.741540502070393,0.733694572001695,0.217422444951952,0.0244021697456711,0.0564631958680988,0.24948347107438
Stieger2021,TSSVM,13,5,657,2,0.8190284676403,0.793577654497726,0.193993853651963,0.0270030859596535,0.0830086531334076,0.249999420825717
Stieger2021,TSSVM,13,6,771,2,0.715234506426216,0.71975856944462,0.232998448987707,0.0302094117269096,0.047210542176018,0.249999579436815
Stieger2021,TSSVM,16,1,739,2,0.635133946245546,0.806838632198545,0.257624362958556,0.0294988744678301,0.0216323490580955,0.249757837548822
Stieger2021,TSSVM,16,2,764,2,0.704031262854792,0.849678111727289,0.223810292195628,0.0110060918740747,0.0370861535612894,0.249890353882843
Stieger2021,TSSVM,16,3,676,2,0.793059543566643,0.867729573874862,0.191884373733182,0.0146436863894473,0.0719693368150832,0.249210024158818
Stieger2021,TSSVM,16,4,672,2,0.702025529176201,0.81383090128543,0.228762800083016,0.02053565952644,0.0395052857472792,0.247732426303855
Stieger2021,TSSVM,16,5,730,2,0.787484300852078,0.84669430162468,0.200072370654614,0.0176181312999952,0.067065370328248,0.249519609682867
Stieger2021,TSSVM,16,6,705,2,0.711905803441237,0.795956386602587,0.224885933995967,0.0185349676122654,0.0420148099856968,0.248365776369398
Stieger2021,TSSVM,2,1,752,2,0.666595908778931,0.829292366433649,0.238156253553758,0.0162579018711651,0.0280149999471039,0.249913351629697
Stieger2021,TSSVM,2,2,690,2,0.596309213907212,0.838366043585977,0.269036849747383,0.0303658517904394,0.0106484727424896,0.249319470699433
Stieger2021,TSSVM,2,3,680,2,0.718161031042129,0.828964959770433,0.217382463923898,0.0158314677066203,0.0481375850976014,0.249688581314879
Stieger2021,TSSVM,2,4,727,2,0.688150962819426,0.8340484995184,0.23118623334089,0.0182337189789396,0.0370091717517731,0.249961686113723
Stieger2021,TSSVM,2,5,761,2,0.704500463751263,0.869878257106976,0.218931646415505,0.00647041964685813,0.0370099545561543,0.249471181324801
Stieger2021,TSSVM,2,6,713,2,0.610369026967355,0.812201406796577,0.2619010681806,0.0269815125086613,0.0145449081328958,0.249464463804835
Stieger2021,TSSVM,23,1,799,2,0.6992225217882,0.875167627396237,0.219231546534522,0.00602277223223779,0.0366185285998103,0.249827302902094
Stieger2021,TSSVM,23,2,770,2,0.702335353207817,0.897587975337202,0.22168173124728,0.0093367314030332,0.0373244216433568,0.249669421487603
Stieger2021,TSSVM,23,3,647,2,0.718592868750597,0.895889026415682,0.214147040777952,0.00695619213238888,0.0427082218474271,0.24989907049299
Stieger2021,TSSVM,23,4,538,2,0.729568106312292,0.860197269349484,0.208631500655579,0.00868921690823068,0.0496396733842559,0.249581957131604
Stieger2021,TSSVM,23,5,810,2,0.712264668585085,0.877970740019968,0.216260932391161,0.00941621862672559,0.0431537620776623,0.249998475842097
Stieger2021,TSSVM,23,6,758,2,0.732945126429546,0.8866617790713,0.209954185255632,0.00762555887227584,0.046494829315226,0.248823455698582
Stieger2021,TSSVM,3,1,804,2,0.674486386138614,0.828379629606746,0.232272508847537,0.0161751910858557,0.0338964942726744,0.249993812034356
Stieger2021,TSSVM,3,2,670,2,0.772200668896321,0.810827678057601,0.196579878678967,0.00894836616852379,0.0621457207263583,0.249777233236801
Stieger2021,TSSVM,3,3,714,2,0.742139006379823,0.853601367327643,0.205297996402997,0.00874881699037477,0.053419435484317,0.249968614896939
Stieger2021,TSSVM,3,4,611,2,0.766806091806092,0.78753452902077,0.205722810613984,0.0170225968042009,0.0610580371324354,0.249758250942219
Stieger2021,TSSVM,3,5,721,2,0.73867100886918,0.852612136781961,0.20622407669823,0.0064949461871861,0.0501318846839874,0.249861015195031
Stieger2021,TSSVM,3,6,768,2,0.73425626899696,0.848822687694811,0.205114345398793,0.0067334476623919,0.0515105953191546,0.249891493055556
Stieger2021,TSSVM,5,1,780,2,0.727514201556911,0.856140083898278,0.212202915420872,0.0079328699851666,0.0457233799423354,0.249993425378041
Stieger2021,TSSVM,5,2,800,2,0.746383069259843,0.826251031085022,0.204923914119551,0.0077832044528397,0.052553040333289,0.24969375
Stieger2021,TSSVM,5,3,638,2,0.685144603531805,0.843791808105464,0.234763542394708,0.019238334913501,0.0344747925187932,0.25
Stieger2021,TSSVM,5,4,789,2,0.758987664494862,0.863773842230183,0.204806486843206,0.0102672204434374,0.0549687823246916,0.249508048724461
Stieger2021,TSSVM,5,5,709,2,0.745281217175415,0.8709647171364,0.204777212988163,0.0070978694882465,0.052316180500394,0.24999552400031
Stieger2021,TSSVM,5,6,717,2,0.722268907563025,0.873794626598044,0.212562836606609,0.00636038828199195,0.0437931750013055,0.249995623325922
Stieger2021,TSSVM,9,1,753,2,0.627261182446733,0.815737708131008,0.256142466605728,0.029648904046805,0.0234848328457359,0.249978395404658
Stieger2021,TSSVM,9,2,692,2,0.760703542780749,0.889314625657377,0.199989760723265,0.00804536666177252,0.0579804280174278,0.24992482207892
Stieger2021,TSSVM,9,3,712,2,0.754719513639414,0.840221781457602,0.202587673556167,0.00775875862286743,0.0550113041047003,0.249840219038
Stieger2021,TSSVM,9,4,711,2,0.688003800775992,0.817949163409653,0.235329656198517,0.0242450506381046,0.0387368657533415,0.249821471313754
Stieger2021,TSSVM,9,5,691,2,0.704981228211317,0.83005664752517,0.217746195814475,0.0148224853449871,0.0469878043342421,0.24991151480373
Stieger2021,TSSVM,9,6,739,2,0.731140717290302,0.861978142924097,0.211023299116887,0.0124049159493625,0.0512493201436462,0.249867703311171
Weibo2014,BDCNN,1,0,160,2,0.62828125,0.61286082994155,0.29336902890625,0.0691791836770026,0.0258101547707526,0.25
Weibo2014,BDCNN,10,0,160,2,0.545546875,0.283541438679986,0.438253043359375,0.196851541672635,0.00859849831325973,0.25
Weibo2014,BDCNN,2,0,160,2,0.9115625,0.569173107704834,0.11978340390625,0.0180388984117445,0.148255494505494,0.25
Weibo2014,BDCNN,3,0,160,2,0.59375,0.449072493563623,0.3714127171875,0.137489484622963,0.0160767674354631,0.25
Weibo2014,BDCNN,4,0,160,2,0.5534375,0.802178825994121,0.288080187109375,0.0541912982204861,0.0161111111111111,0.25
Weibo2014,BDCNN,5,0,160,2,0.571953125,0.503047591091683,0.340779433203125,0.114249647199655,0.0234702139965298,0.25
Weibo2014,BDCNN,6,0,140,2,0.946326530612245,0.439252602807927,0.194500980803571,0.112917213693489,0.168416232889917,0.25
Weibo2014,BDCNN,7,0,160,2,0.968203125,0.167990994727532,0.0914779640625,0.0325262667827976,0.191048302720298,0.25
Weibo2014,BDCNN,8,0,160,2,0.9925,0.52736038269992,0.058951902734375,0.0376014563058036,0.228649553571429,0.25
Weibo2014,BDCNN,9,0,160,2,0.826796875,0.39847645340446,0.250036928515625,0.096548970521853,0.0965120420062281,0.25
Weibo2014,BSCNN,1,0,160,2,0.728046875,0.861995571942124,0.21642592578125,0.0244455256666587,0.0580195998854087,0.25
Weibo2014,BSCNN,10,0,160,2,0.5675,0.806114046133621,0.29993536328125,0.0625002289711157,0.0125648656898657,0.25
Weibo2014,BSCNN,2,0,160,2,0.894296875,0.837688239391668,0.149248348046875,0.0290884565167475,0.129840108469873,0.25
Weibo2014,BSCNN,3,0,160,2,0.59796875,0.717388613001969,0.301849085546875,0.0681996041478976,0.0163505186010226,0.25
Weibo2014,BSCNN,4,0,160,2,0.472421875,0.815350042024486,0.313870854296875,0.0655264834359478,0.00165562913907283,0.25
Weibo2014,BSCNN,5,0,160,2,0.57046875,0.900377864017126,0.253136912890625,0.026783964841418,0.023647051950793,0.25
Weibo2014,BSCNN,6,0,140,2,0.916224489795918,0.590544744253565,0.211042368303571,0.111675236393336,0.150632868089765,0.25
Weibo2014,BSCNN,7,0,160,2,0.95453125,0.485756945061648,0.096476045703125,0.0242609553400567,0.177784909636932,0.25
Weibo2014,BSCNN,8,0,160,2,0.905,0.83906483900832,0.158069032421875,0.0485179237379063,0.140448891316031,0.25
Weibo2014,BSCNN,9,0,160,2,0.764375,0.728049443330415,0.208665629296875,0.0278837282244974,0.0692180989276224,0.25
Weibo2014,CSPBLDA,1,0,160,2,0.72078125,0.915526919075752,0.21334351796875,0.0192396576746324,0.0558961397058824,0.25
Weibo2014,CSPBLDA,10,0,160,2,0.628046875,0.937070657003264,0.2416422609375,0.0168948314779113,0.0252525705404113,0.25
Weibo2014,CSPBLDA,2,0,160,2,0.90234375,0.783231471884495,0.1546949828125,0.0390209370977228,0.134325954285223,0.25
Weibo2014,CSPBLDA,3,0,160,2,0.5659375,0.768544754476016,0.2977905609375,0.0594301453114594,0.0116395843739594,0.25
Weibo2014,CSPBLDA,4,0,160,2,0.447578125,0.883957897379114,0.302745024609375,0.0639378350668914,0.0111928104575164,0.25
Weibo2014,CSPBLDA,5,0,160,2,0.775546875,0.922369556459951,0.22133933984375,0.0451244933979253,0.0737851535541753,0.25
Weibo2014,CSPBLDA,6,0,140,2,0.931224489795918,0.645727136461276,0.141012930803571,0.0568764720242555,0.165863541220684,0.25
Weibo2014,CSPBLDA,7,0,160,2,0.95,0.572810866242506,0.11148165,0.0393063253246753,0.177824675324675,0.25
Weibo2014,CSPBLDA,8,0,160,2,0.974375,0.788547167006162,0.099990495703125,0.0510032271846065,0.201012731481481,0.25
Weibo2014,CSPBLDA,9,0,160,2,0.83890625,0.434884948889904,0.27532172578125,0.123087929484954,0.0977662037037037,0.25
Weibo2014,CSPGP,1,0,160,2,0.7503125,0.847945505604632,0.228350875390625,0.0397063948711445,0.0613555194805195,0.25
Weibo2014,CSPGP,10,0,160,2,0.674921875,0.969879443050045,0.238281828515625,0.0284616831984717,0.0401798546828467,0.25
Weibo2014,CSPGP,2,0,160,2,0.8925,0.698678203557614,0.1643642984375,0.0423313123263888,0.127967013888889,0.25
Weibo2014,CSPGP,3,0,160,2,0.576640625,0.610476303795327,0.326461733984375,0.0946508790342703,0.0181891450498953,0.25
Weibo2014,CSPGP,4,0,160,2,0.43359375,0.844667636877647,0.3142007859375,0.0723904731586758,0.00818968722117577,0.25
Weibo2014,CSPGP,5,0,160,2,0.6503125,0.898866366885658,0.223620883203125,0.0152066203826122,0.0415857371794872,0.25
Weibo2014,CSPGP,6,0,140,2,0.907142857142857,0.578787271702197,0.147406509375,0.0467025936623735,0.149296084287374,0.25
Weibo2014,CSPGP,7,0,160,2,0.575625,0.888152912450578,0.259330136328125,0.0388408155998337,0.0295106792717087,0.25
Weibo2014,CSPGP,8,0,160,2,0.966875,0.731266250863273,0.102339043359375,0.0436485671688988,0.191309523809524,0.25
Weibo2014,CSPGP,9,0,160,2,0.786015625,0.849907329098807,0.18831090703125,0.0133088026541456,0.0749978956228956,0.25
Weibo2014,CSPLDA,1,0,160,2,0.7140625,0.9184306168319,0.221221582551752,0.0274752150706288,0.0562536325188764,0.25
Weibo2014,CSPLDA,10,0,160,2,0.6121875,0.953050322677623,0.241149630054776,0.0135665880967336,0.022416958041958,0.25
Weibo2014,CSPLDA,2,0,160,2,0.90109375,0.827697383349373,0.168296937999768,0.0524291334009847,0.134132195401217,0.25
Weibo2014,CSPLDA,3,0,160,2,0.56390625,0.831846109890189,0.284257104181079,0.0478213729058984,0.0135642687248192,0.25
Weibo2014,CSPLDA,4,0,160,2,0.4475,0.903602586743589,0.295999088478778,0.0532689889762905,0.00726990049751242,0.25
Weibo2014,CSPLDA,5,0,160,2,0.7003125,0.933479389797651,0.220542271949578,0.0182882453389334,0.0477459733893557,0.25
Weibo2014,CSPLDA,6,0,140,2,0.934897959183673,0.737439640940888,0.132785929800597,0.0482306076717452,0.165444677871148,0.25
Weibo2014,CSPLDA,7,0,160,2,0.95140625,0.627547745627989,0.110021022612496,0.0393693878643941,0.179348365251898,0.25
Weibo2014,CSPLDA,8,0,160,2,0.9746875,0.857293885379818,0.12145108786536,0.0708851156431382,0.199434027777778,0.25
Weibo2014,CSPLDA,9,0,160,2,0.8390625,0.598381764649674,0.240553983619114,0.0888959844120456,0.0983420007929321,0.25
Weibo2014,CSPSVM,1,0,160,2,0.754375,0.826188256328147,0.234411623066738,0.0507630290137326,0.0663514059469942,0.25
Weibo2014,CSPSVM,10,0,160,2,0.6853125,0.895610581499334,0.2515122453965,0.0371868254460803,0.03567458004958,0.25
Weibo2014,CSPSVM,2,0,160,2,0.8946875,0.75202233978003,0.158461191260361,0.0438134691907642,0.135352277930403,0.25
Weibo2014,CSPSVM,3,0,160,2,0.57296875,0.642132166078621,0.329545659061908,0.0945675352206031,0.0150218761586949,0.25
Weibo2014,CSPSVM,4,0,160,2,0.4403125,0.855159258690931,0.316964179688623,0.0735407855914006,0.00657660590277778,0.25
Weibo2014,CSPSVM,5,0,160,2,0.6978125,0.896776084488736,0.228248841875469,0.029751818065945,0.0515029761904762,0.25
Weibo2014,CSPSVM,6,0,140,2,0.90530612244898,0.634194522122806,0.150986830180943,0.042027979974194,0.141041149793251,0.25
Weibo2014,CSPSVM,7,0,160,2,0.8725,0.784822668149583,0.199562917033895,0.0753756478080229,0.125812730774128,0.25
Weibo2014,CSPSVM,8,0,160,2,0.969375,0.763804750132747,0.114976353733914,0.0574195355520962,0.192443181818182,0.25
Weibo2014,CSPSVM,9,0,160,2,0.83953125,0.790138199791145,0.176280193498045,0.0270808006727328,0.100800607174688,0.25
Weibo2014,DCNN,1,0,160,2,0.66484375,0.78813187916572,0.243066226517667,0.0286119986802868,0.03554577216262,0.25
Weibo2014,DCNN,10,0,160,2,0.56125,0.296809454156595,0.436404189741226,0.194949781054674,0.00854559131344845,0.25
Weibo2014,DCNN,2,0,160,2,0.86828125,0.682654971782808,0.15327812995245,0.0183114849076802,0.11503335495523,0.25
Weibo2014,DCNN,3,0,160,2,0.60546875,0.556602196978662,0.323815272796449,0.0937368095929857,0.0199215367965368,0.25
Weibo2014,DCNN,4,0,160,2,0.48671875,0.828357213476848,0.304246649643669,0.0627811324022892,0.0085344827586207,0.25
Weibo2014,DCNN,5,0,160,2,0.59265625,0.394379233486955,0.345528250452918,0.11025647643534,0.0147282259824219,0.25
Weibo2014,DCNN,6,0,140,2,0.953265306122449,0.371899903614349,0.12680767364576,0.0576236645157924,0.180815990870032,0.25
Weibo2014,DCNN,7,0,160,2,0.96890625,0.179133368882143,0.0794852163659605,0.0216440173863687,0.192158801020408,0.25
Weibo2014,DCNN,8,0,160,2,0.984375,0.425049434127504,0.0639268419056221,0.0197696449359251,0.205842803030303,0.25
Weibo2014,DCNN,9,0,160,2,0.81453125,0.39269757780822,0.27080038546782,0.119596969318751,0.0987965838509317,0.25
Weibo2014,SCNN,1,0,160,2,0.67515625,0.61300024785406,0.269258163623107,0.0566194526397586,0.0373612890166516,0.25
Weibo2014,SCNN,10,0,160,2,0.54265625,0.560266660219555,0.360687883436818,0.11567202545221,0.00498414201539202,0.25
Weibo2014,SCNN,2,0,160,2,0.86609375,0.609484398985537,0.142718236374966,0.0182791349860006,0.125560898611035,0.25
Weibo2014,SCNN,3,0,160,2,0.60390625,0.500130928293623,0.35399308614107,0.120397515045499,0.0164044289044289,0.25
Weibo2014,SCNN,4,0,160,2,0.5284375,0.684691752968766,0.327711092396433,0.0875509600759236,0.0098398676794903,0.25
Weibo2014,SCNN,5,0,160,2,0.5228125,0.187271440578906,0.408424831756934,0.179403918192535,0.0209790864356012,0.25
Weibo2014,SCNN,6,0,140,2,0.903673469387755,0.423806616515895,0.195203928618086,0.0825304429558784,0.137326514337793,0.25
Weibo2014,SCNN,7,0,160,2,0.9596875,0.259086775978161,0.0949238914005204,0.0279031675591444,0.182979276158624,0.25
Weibo2014,SCNN,8,0,160,2,0.851875,0.785666944940571,0.162507577472397,0.0211788645186838,0.108671287046287,0.25
Weibo2014,SCNN,9,0,160,2,0.7809375,0.508397798543895,0.228480836029802,0.0522471478429884,0.0737663118131868,0.25
Weibo2014,TSBLR,1,0,160,2,0.515859375,0.900180558127151,0.27862896640625,0.0366963251268467,0.00806735872059669,0.25
Weibo2014,TSBLR,10,0,160,2,0.56734375,0.980953815488143,0.248002059765625,0.0139084450470103,0.0159063852813853,0.25
Weibo2014,TSBLR,2,0,160,2,0.827734375,0.927722970000445,0.189729005078125,0.0348663275509738,0.0951373224728488,0.25
Weibo2014,TSBLR,3,0,160,2,0.573671875,0.855582693512567,0.28226961328125,0.0431435062420074,0.0108738929607574,0.25
Weibo2014,TSBLR,4,0,160,2,0.4175,0.937347801075291,0.286356891796875,0.0433830355877247,0.00702614379084965,0.25
Weibo2014,TSBLR,5,0,160,2,0.71421875,0.957383810377173,0.221719780078125,0.0239993926399956,0.0522796125618706,0.25
Weibo2014,TSBLR,6,0,140,2,0.92969387755102,0.833566358929939,0.161889191517857,0.0731144769536689,0.161225285435812,0.25
Weibo2014,TSBLR,7,0,160,2,0.9428125,0.667485515600908,0.175136578125,0.0958657447916667,0.170729166666667,0.25
Weibo2014,TSBLR,8,0,160,2,0.913828125,0.903906557342103,0.19101788984375,0.0868526800535402,0.14583479020979,0.25
Weibo2014,TSBLR,9,0,160,2,0.798515625,0.832388676005605,0.219683037890625,0.0558795415182815,0.0861965036276565,0.25
Weibo2014,TSGP,1,0,160,2,0.509453125,0.762689842370711,0.320431163671875,0.0765115755607108,0.00608041188883579,0.25
Weibo2014,TSGP,10,0,160,2,0.593984375,0.956468879912462,0.24808983125,0.0157981645833334,0.0177083333333334,0.25
Weibo2014,TSGP,2,0,160,2,0.810859375,0.804717575325985,0.214149401953125,0.0516286414636145,0.0874792395104895,0.25
Weibo2014,TSGP,3,0,160,2,0.576484375,0.769413183286211,0.298750009765625,0.0604672186772074,0.0117172089115824,0.25
Weibo2014,TSGP,4,0,160,2,0.443828125,0.809830986997568,0.328529678515625,0.0842862574629934,0.00575657894736842,0.25
Weibo2014,TSGP,5,0,160,2,0.76125,0.862852225545852,0.2276856296875,0.0536411598131121,0.0759555301256121,0.25
Weibo2014,TSGP,6,0,140,2,0.911632653061225,0.719661842325179,0.181678824107143,0.0764634046060091,0.144784580498866,0.25
Weibo2014,TSGP,7,0,160,2,0.936484375,0.560197118397926,0.181896004296875,0.0984373004101819,0.166541296113307,0.25
Weibo2014,TSGP,8,0,160,2,0.8971875,0.774312710558291,0.19859077421875,0.0821776063717586,0.133586832153009,0.25
Weibo2014,TSGP,9,0,160,2,0.762578125,0.661698994850268,0.26950869765625,0.0919344853652025,0.0724257877089525,0.25
Weibo2014,TSLR,1,0,160,2,0.48921875,0.636759289949422,0.364902033758891,0.122089533758891,0.00718749999999999,0.25
Weibo2014,TSLR,10,0,160,2,0.51109375,0.836250205567733,0.298731873294564,0.0543295354363438,0.00559766214177979,0.25
Weibo2014,TSLR,2,0,160,2,0.90921875,0.507370879496422,0.177019834502488,0.0692473083222106,0.142227473819722,0.25
Weibo2014,TSLR,3,0,160,2,0.57546875,0.397003996172467,0.411248366083273,0.179026054943708,0.0177776888604353,0.25
Weibo2014,TSLR,4,0,160,2,0.3728125,0.487859179157213,0.454778550862436,0.209556776668888,0.00477822580645162,0.25
Weibo2014,TSLR,5,0,160,2,0.710625,0.427939599282246,0.342341993806942,0.144630188479657,0.0522881946727149,0.25
Weibo2014,TSLR,6,0,140,2,0.921020408163265,0.384359975602771,0.23927597974216,0.13950685997304,0.15023088023088,0.25
Weibo2014,TSLR,7,0,160,2,0.94859375,0.28610016312778,0.221658493609059,0.144476912169665,0.172818418560606,0.25
Weibo2014,TSLR,8,0,160,2,0.8840625,0.460673744487816,0.254260958231666,0.131630005850714,0.127369047619048,0.25
Weibo2014,TSLR,9,0,160,2,0.7871875,0.437291663893492,0.298110875905319,0.138712379664718,0.0906015037593985,0.25
Weibo2014,TSSVM,1,0,160,2,0.482734375,0.848491865485655,0.305224788042156,0.0581198096871776,0.00289502164502164,0.25
Weibo2014,TSSVM,10,0,160,2,0.481875,0.958443073175429,0.269040793995627,0.0221597725469627,0.00311897855133614,0.25
Weibo2014,TSSVM,2,0,160,2,0.886796875,0.787219769363936,0.193769293080663,0.0689344159479921,0.125165122867329,0.25
Weibo2014,TSSVM,3,0,160,2,0.562734375,0.812009231984862,0.29191225043923,0.0540425847019168,0.0121303342626872,0.25
Weibo2014,TSSVM,4,0,160,2,0.385078125,0.788154706244932,0.353320130025976,0.106484686988002,0.00316455696202533,0.25
Weibo2014,TSSVM,5,0,160,2,0.656953125,0.81395888650312,0.272049048167483,0.0592860819670163,0.0372370337995338,0.25
Weibo2014,TSSVM,6,0,140,2,0.901428571428571,0.608105897982891,0.262139495378028,0.151505710045713,0.139366214667685,0.25
Weibo2014,TSSVM,7,0,160,2,0.94796875,0.483311236613067,0.25493465850491,0.176444121264373,0.171509462759463,0.25
Weibo2014,TSSVM,8,0,160,2,0.8484375,0.804995599728211,0.216530517734911,0.078433992269688,0.111903474534777,0.25
Weibo2014,TSSVM,9,0,160,2,0.773125,0.819858983653236,0.199034093306515,0.031367880635006,0.0823337873284907,0.25
Yang2025,BDCNN,1,0,1000,2,0.824956,0.609604233123816,0.1739045133125,0.00889458852426667,0.0849900752117667,0.25
Yang2025,BDCNN,1,1,1000,2,0.829742,0.629098271065697,0.1726573206875,0.0091046883686301,0.0864473676811301,0.25
Yang2025,BDCNN,1,2,1000,2,0.816758,0.652969201768911,0.1779001119375,0.00972988737498243,0.0818297754374825,0.25
Yang2025,BDCNN,10,0,1000,2,0.78199,0.594795841209929,0.2009960361875,0.0170728274240814,0.0660767912365814,0.25
Yang2025,BDCNN,10,1,1000,2,0.835232,0.528707105223964,0.1745177864375,0.0152229565584527,0.0907051701209527,0.25
Yang2025,BDCNN,10,2,1000,2,0.874918,0.50478682952577,0.149252606125,0.0103957542451753,0.111143148120175,0.25
Yang2025,BDCNN,11,0,1000,2,0.856162,0.486611744264734,0.16091967075,0.00972867456902365,0.0988090038190237,0.25
Yang2025,BDCNN,11,1,1000,2,0.838688,0.493713523715295,0.1748637156875,0.0154865023474569,0.0906227866599569,0.25
Yang2025,BDCNN,11,2,1000,2,0.784642,0.546686149132822,0.20425302575,0.0215835428983687,0.0673305171483687,0.25
Yang2025,BDCNN,12,0,999,2,0.70671743486974,0.571490271889222,0.250798607795295,0.0395782590514392,0.0387794007553929,0.249999749499249
Yang2025,BDCNN,12,1,1000,2,0.764844,0.540136524304626,0.2210523171875,0.0299996160953504,0.0589472989078504,0.25
Yang2025,BDCNN,12,2,1000,2,0.74446,0.517770577397675,0.235440677625,0.036390417523214,0.050949739898214,0.25
Yang2025,BDCNN,2,0,1000,2,0.780646,0.608845385294214,0.203502807875,0.0180665085755377,0.0645637007005377,0.25
Yang2025,BDCNN,2,1,1000,2,0.798364,0.608940960200863,0.1880791319375,0.0101777285162109,0.0720985965787109,0.25
Yang2025,BDCNN,2,2,1000,2,0.837528,0.602733060847731,0.1667207664375,0.00763846995627054,0.0909177035187705,0.25
Yang2025,BDCNN,3,0,1000,2,0.68833,0.542789094441093,0.261812136625,0.046788817367617,0.034976680742617,0.25
Yang2025,BDCNN,3,1,1000,2,0.728226,0.622163661253856,0.2319852518125,0.0274978507320923,0.0455125989195923,0.25
Yang2025,BDCNN,3,2,1000,2,0.707564,0.621998637423654,0.251526742375,0.0405716523930991,0.0390449100180991,0.25
Yang2025,BDCNN,4,0,1000,2,0.671284,0.496953119282377,0.2810987575625,0.0593220338721518,0.0282232763096518,0.25
Yang2025,BDCNN,4,1,1000,2,0.67775,0.658997215677607,0.25196148375,0.0320649395543931,0.0301034558043931,0.25
Yang2025,BDCNN,4,2,1000,2,0.71905,0.632632258140945,0.2358405184375,0.0319746579694516,0.0461341395319516,0.25
Yang2025,BDCNN,5,0,999,2,0.933012024048096,0.475706981652027,0.106382516891892,0.00724581901817073,0.150863051625528,0.249999749499249
Yang2025,BDCNN,5,1,1000,2,0.902162,0.508502304690517,0.1269007565,0.00792329733374568,0.131022540833746,0.25
Yang2025,BDCNN,5,2,1000,2,0.9366,0.496391753738553,0.1054109530625,0.0107850760700427,0.155374123007543,0.25
Yang2025,BDCNN,6,0,1200,2,0.737672222222222,0.592322668386284,0.227524800833333,0.0273049496310371,0.0497801487977038,0.25
Yang2025,BDCNN,6,1,1198,2,0.783840579710145,0.622478424570069,0.19705319303005,0.0125561316592419,0.0655022418641326,0.249999303234941
Yang2025,BDCNN,6,2,1195,2,0.750770299492443,0.629692763158565,0.216684383943515,0.0202620345916483,0.0535760750454656,0.249998424397332
Yang2025,BDCNN,9,0,1000,2,0.706434,0.601085412931642,0.24555637475,0.0367273345057766,0.0411709597557766,0.25
Yang2025,BDCNN,9,1,1000,2,0.700912,0.60720225973191,0.247516332875,0.0355968710666135,0.0380805381916135,0.25
Yang2025,BDCNN,9,2,1000,2,0.742554,0.592128502203783,0.22443098475,0.0276860889605657,0.0532551042105657,0.25
Yang2025,BSCNN,1,0,1000,2,0.731084,0.90316211772633,0.2127455528125,0.00944348330215258,0.0466979304896526,0.25
Yang2025,BSCNN,1,1,1000,2,0.726334,0.917066899789147,0.2156327805625,0.010175468677931,0.044542688115431,0.25
Yang2025,BSCNN,1,2,1000,2,0.747624,0.909875388441365,0.208729384375,0.0106536808871395,0.0519242965121395,0.25
Yang2025,BSCNN,10,0,1000,2,0.737212,0.749068851286682,0.2133326484375,0.0106021268424838,0.0472694784049838,0.25
Yang2025,BSCNN,10,1,1000,2,0.811912,0.673244033627287,0.1777298554375,0.00661148459780725,0.0788816291603072,0.25
Yang2025,BSCNN,10,2,1000,2,0.838724,0.680332696655431,0.1641960248125,0.00501474652286454,0.0908187217103645,0.25
Yang2025,BSCNN,11,0,1000,2,0.781464,0.671730330178726,0.1958428486875,0.0101352372156266,0.0642923885281266,0.25
Yang2025,BSCNN,11,1,1000,2,0.785894,0.682061925884326,0.192280897625,0.00914839786548005,0.06686750024048,0.25
Yang2025,BSCNN,11,2,1000,2,0.703472,0.706214360921905,0.234804658125,0.0224797045603377,0.0376750464353377,0.25
Yang2025,BSCNN,12,0,999,2,0.643603206412826,0.715890658324165,0.262967063563564,0.0332721596517468,0.0203048455874322,0.249999749499249
Yang2025,BSCNN,12,1,1000,2,0.722766,0.732627297159866,0.2265274864375,0.0191657655266332,0.0426382790891332,0.25
Yang2025,BSCNN,12,2,1000,2,0.685406,0.722588537905113,0.24071741675,0.0215383327594608,0.0308209160094608,0.25
Yang2025,BSCNN,2,0,1000,2,0.652862,0.917026623583218,0.2325678438125,0.00720817997779633,0.0246403361652963,0.25
Yang2025,BSCNN,2,1,1000,2,0.667786,0.921727058067154,0.2297288719375,0.0063989175014747,0.0266700455639747,0.25
Yang2025,BSCNN,2,2,1000,2,0.698576,0.910442711294512,0.222865357125,0.00862008190745089,0.0357547247824509,0.25
Yang2025,BSCNN,3,0,1000,2,0.660096,0.713394613725778,0.253802152125,0.0324045429528621,0.0286023908278621,0.25
Yang2025,BSCNN,3,1,1000,2,0.678338,0.787612030922788,0.2368082560625,0.0176252607950875,0.0308170047325875,0.25
Yang2025,BSCNN,3,2,1000,2,0.668624,0.740255096258524,0.2573960355,0.0340772253376807,0.0266811898376807,0.25
Yang2025,BSCNN,4,0,1000,2,0.597798,0.882508110801583,0.2551967233125,0.015587906206163,0.010391182893663,0.25
Yang2025,BSCNN,4,1,1000,2,0.623424,0.891134612392956,0.2486810254375,0.0133336287665597,0.0146526033290597,0.25
Yang2025,BSCNN,4,2,1000,2,0.62504,0.919732588684078,0.241905057,0.00825230725095191,0.0163472502509519,0.25
Yang2025,BSCNN,5,0,999,2,0.862434869739479,0.818450099654264,0.159143986423924,0.0136830511089704,0.104538814184296,0.249999749499249
Yang2025,BSCNN,5,1,1000,2,0.813054,0.85564418989254,0.1819910145,0.0118131077552184,0.0798220932552184,0.25
Yang2025,BSCNN,5,2,1000,2,0.867978,0.830362484347183,0.1613011575625,0.0181996082935489,0.106898450731049,0.25
Yang2025,BSCNN,6,0,1200,2,0.7358875,0.879943340466208,0.211477684270833,0.00803490655769565,0.0465572222868623,0.25
Yang2025,BSCNN,6,1,1198,2,0.730175585284281,0.891168063582201,0.212237522902755,0.00726324286023725,0.0450250231924235,0.249999303234941
Yang2025,BSCNN,6,2,1195,2,0.733944157488431,0.890656705301667,0.211085841474895,0.00717912544096569,0.0460917083634023,0.249998424397332
Yang2025,BSCNN,9,0,1000,2,0.617672,0.850280863065833,0.2496335484375,0.0189500583386756,0.0193165099011756,0.25
Yang2025,BSCNN,9,1,1000,2,0.646778,0.877607456896364,0.237601217875,0.0100369459743317,0.0224357280993318,0.25
Yang2025,BSCNN,9,2,1000,2,0.658268,0.863878766388761,0.2346485703125,0.0103400270369446,0.0256914567244446,0.25
Yang2025,CSPBLDA,1,0,1000,2,0.574468,0.976667287274559,0.2487523865,0.00837740760881892,0.00962502110881894,0.25
Yang2025,CSPBLDA,1,1,1000,2,0.587674,0.992897002624023,0.2454670254375,0.00495804981488152,0.0094910243773815,0.25
Yang2025,CSPBLDA,1,2,1000,2,0.616106,0.987285594908299,0.242248462625,0.00601184991965237,0.0137633872946524,0.25
Yang2025,CSPBLDA,10,0,1000,2,0.555966,0.980844725953818,0.2477242555625,0.0100459363473433,0.0123216807848433,0.25
Yang2025,CSPBLDA,10,1,1000,2,0.701852,0.980956497789734,0.2329350915,0.0194094302608005,0.0364743387608005,0.25
Yang2025,CSPBLDA,10,2,1000,2,0.608518,0.98287889064617,0.2411141365,0.0173501099730487,0.0262359734730487,0.25
Yang2025,CSPBLDA,11,0,1000,2,0.616964,0.984136702519971,0.2408152623125,0.00666500001944839,0.0158497377069484,0.25
Yang2025,CSPBLDA,11,1,1000,2,0.660196,0.991604619388112,0.2380016621875,0.0140946045776738,0.0260929423901738,0.25
Yang2025,CSPBLDA,11,2,1000,2,0.616872,0.982986275908316,0.2411790125,0.00657907326980983,0.0154000607698098,0.25
Yang2025,CSPBLDA,12,0,999,2,0.51887374749499,0.964001300823176,0.257145033158158,0.0157176991608143,0.00857241550190516,0.249999749499249
Yang2025,CSPBLDA,12,1,1000,2,0.546386,0.981776219693332,0.24978155125,0.00382477593555205,0.00404322468555207,0.25
Yang2025,CSPBLDA,12,2,1000,2,0.515002,0.976807362367272,0.2558490365,0.0133802852117528,0.00753124871175276,0.25
Yang2025,CSPBLDA,2,0,1000,2,0.570042,0.986838289872473,0.2462697324375,0.00507690518168397,0.00880717274418397,0.25
Yang2025,CSPBLDA,2,1,1000,2,0.598578,0.988996332319258,0.244978016375,0.006180164423746,0.011202148048746,0.25
Yang2025,CSPBLDA,2,2,1000,2,0.580696,0.984638048920743,0.2468097229375,0.0051494835902603,0.00833976065276029,0.25
Yang2025,CSPBLDA,3,0,1000,2,0.533162,0.929525000997096,0.2669993794375,0.0208098725667492,0.00381049312924919,0.25
Yang2025,CSPBLDA,3,1,1000,2,0.529102,0.965517361944597,0.257960235,0.0109873370568333,0.00302710205683332,0.25
Yang2025,CSPBLDA,3,2,1000,2,0.540322,0.985049394404815,0.2501786565,0.00429436003175757,0.00411570353175758,0.25
Yang2025,CSPBLDA,4,0,1000,2,0.519366,0.972553904862629,0.2559696308125,0.00778203537475172,0.00181240456225171,0.25
Yang2025,CSPBLDA,4,1,1000,2,0.506924,0.986820493386726,0.253736649625,0.00545740918394907,0.0017207595589491,0.25
Yang2025,CSPBLDA,4,2,1000,2,0.517706,0.981774683943251,0.2539615173125,0.00570186102227824,0.00174034370977824,0.25
Yang2025,CSPBLDA,5,0,999,2,0.736633266533066,0.980025243340613,0.229721130943443,0.0271022869565075,0.047380905512313,0.249999749499249
Yang2025,CSPBLDA,5,1,1000,2,0.636072,0.987360364147548,0.2363858726875,0.019718012739781,0.033332140052281,0.25
Yang2025,CSPBLDA,5,2,1000,2,0.772288,0.985133671454522,0.2243445526875,0.0367788742653763,0.0624343215778763,0.25
Yang2025,CSPBLDA,6,0,1200,2,0.615011111111111,0.989825647827186,0.244398297864583,0.00751470477796257,0.0131164069133792,0.25
Yang2025,CSPBLDA,6,1,1198,2,0.656757246376812,0.990872562492211,0.238796971254174,0.0115262048767961,0.0227285368575633,0.249999303234941
Yang2025,CSPBLDA,6,2,1195,2,0.65576576172816,0.990755453750832,0.239414903608787,0.0117813937859098,0.0223649145744552,0.249998424397332
Yang2025,CSPBLDA,9,0,1000,2,0.570778,0.987435493855845,0.246716721625,0.00409494699939417,0.00737822537439417,0.25
Yang2025,CSPBLDA,9,1,1000,2,0.5865,0.990610780336379,0.246147199,0.00529656700087744,0.00914936800087743,0.25
Yang2025,CSPBLDA,9,2,1000,2,0.521698,0.982588466709199,0.2512156155625,0.0103913615189533,0.00917574595645332,0.25
Yang2025,CSPGP,1,0,1000,2,0.576928,0.987212860595394,0.2467943690625,0.00626603340179188,0.00947166433929189,0.25
Yang2025,CSPGP,1,1,1000,2,0.583298,0.987612111902727,0.2444592969375,0.00509874658354348,0.0106394496460435,0.25
Yang2025,CSPGP,1,2,1000,2,0.61933,0.989354530272925,0.242421900625,0.00712748161124438,0.0147055809862444,0.25
Yang2025,CSPGP,10,0,1000,2,0.576626,0.973047001683639,0.24934888425,0.00719120954664892,0.00784232529664894,0.25
Yang2025,CSPGP,10,1,1000,2,0.680062,0.97903866335705,0.232377195375,0.0140061571486434,0.0316289617736434,0.25
Yang2025,CSPGP,10,2,1000,2,0.58929,0.973161007971983,0.2434620184375,0.0144253075702435,0.0209632891327435,0.25
Yang2025,CSPGP,11,0,1000,2,0.626628,0.953762375954819,0.2360510593125,0.00671952300816897,0.020668463695669,0.25
Yang2025,CSPGP,11,1,1000,2,0.646894,0.960573437428447,0.23463763,0.00662828235435847,0.0219906523543585,0.25
Yang2025,CSPGP,11,2,1000,2,0.602988,0.972772611415423,0.2425821251875,0.00622545069802938,0.0136433255105294,0.25
Yang2025,CSPGP,12,0,999,2,0.513741482965932,0.940639706099348,0.263968597535035,0.0172051900918746,0.00323634205608853,0.249999749499249
Yang2025,CSPGP,12,1,1000,2,0.5468,0.913284607958406,0.2649066585,0.0197447057175945,0.00483804721759454,0.25
Yang2025,CSPGP,12,2,1000,2,0.517146,0.911427121194837,0.27347038275,0.0290809741177934,0.00561059136779335,0.25
Yang2025,CSPGP,2,0,1000,2,0.566758,0.97658172139613,0.2464924650625,0.0083603559355884,0.0118678908730884,0.25
Yang2025,CSPGP,2,1,1000,2,0.57439,0.970898478027716,0.24818917275,0.00776146263783201,0.00957228988783201,0.25
Yang2025,CSPGP,2,2,1000,2,0.585414,0.969029839381167,0.247429552625,0.00636564869079725,0.00893609606579723,0.25
Yang2025,CSPGP,3,0,1000,2,0.53752,0.943593037058926,0.2599714160625,0.0141448699864524,0.00417345392395235,0.25
Yang2025,CSPGP,3,1,1000,2,0.554326,0.979964826521967,0.2486942535,0.00423960399648193,0.00554535049648194,0.25
Yang2025,CSPGP,3,2,1000,2,0.54484,0.952539299679993,0.256044875375,0.0102630893684784,0.00421821399347841,0.25
Yang2025,CSPGP,4,0,1000,2,0.52618,0.968031787044657,0.25709496225,0.00981008788087906,0.00271512563087906,0.25
Yang2025,CSPGP,4,1,1000,2,0.514616,0.979258767994806,0.2544049016875,0.00662276057178995,0.00221785888428994,0.25
Yang2025,CSPGP,4,2,1000,2,0.519438,0.970464640815932,0.2551097280625,0.00927280151778273,0.00416307345528275,0.25
Yang2025,CSPGP,5,0,999,2,0.707274549098196,0.950109658037588,0.226593713526026,0.014844607380407,0.03825064335363,0.249999749499249
Yang2025,CSPGP,5,1,1000,2,0.611724,0.968441481327307,0.23506805125,0.0194397268087753,0.0343716755587753,0.25
Yang2025,CSPGP,5,2,1000,2,0.77084,0.962067870735023,0.212961518375,0.0285059904490949,0.0655444720740949,0.25
Yang2025,CSPGP,6,0,1200,2,0.608466666666667,0.968728985563084,0.243617938385417,0.00669272761237968,0.013074789226963,0.25
Yang2025,CSPGP,6,1,1198,2,0.65105629877369,0.965210512375903,0.234622918770868,0.00653808717123477,0.0219144716353075,0.249999303234941
Yang2025,CSPGP,6,2,1195,2,0.650793828640575,0.958447241322044,0.23216606082636,0.00653843300435344,0.0243707965753256,0.249998424397332
Yang2025,CSPGP,9,0,1000,2,0.555838,0.980956138898643,0.2472031996875,0.00680938180479246,0.00960618211729247,0.25
Yang2025,CSPGP,9,1,1000,2,0.576172,0.985989271025276,0.2442924195,0.00773439399112211,0.0134419744911221,0.25
Yang2025,CSPGP,9,2,1000,2,0.51975,0.96734451142193,0.255814451625,0.0108884994135197,0.00507404778851975,0.25
Yang2025,CSPLDA,1,0,1000,2,0.576616,0.976435735774766,0.248461848068965,0.00927905800428469,0.0108172099353192,0.25
Yang2025,CSPLDA,1,1,1000,2,0.583512,0.993032427003618,0.245496612057685,0.00419689178466251,0.0087002797269776,0.25
Yang2025,CSPLDA,1,2,1000,2,0.611784,0.987327858259298,0.242504087499833,0.00595209844841532,0.013448010948582,0.25
Yang2025,CSPLDA,10,0,1000,2,0.553084,0.979558139012594,0.248186495596651,0.0101805966540051,0.0119941010573541,0.25
Yang2025,CSPLDA,10,1,1000,2,0.702176,0.979698108828188,0.232433221492853,0.0201197846511856,0.0376865631583322,0.25
Yang2025,CSPLDA,10,2,1000,2,0.610364,0.981942774169467,0.240679359753619,0.0171885977790147,0.0265092380253961,0.25
Yang2025,CSPLDA,11,0,1000,2,0.617132,0.983583609073766,0.240768752429167,0.00674593631806181,0.0159771838888952,0.25
Yang2025,CSPLDA,11,1,1000,2,0.663688,0.991509605117542,0.237606102371957,0.0157915555493401,0.0281854531773834,0.25
Yang2025,CSPLDA,11,2,1000,2,0.616696,0.982763453751954,0.24124199064093,0.00620051976534114,0.0149585291244108,0.25
Yang2025,CSPLDA,12,0,999,2,0.521230460921844,0.963780422663426,0.256884544157164,0.0152001943960898,0.00831539973817494,0.249999749499249
Yang2025,CSPLDA,12,1,1000,2,0.546612,0.981466838348975,0.249632720512268,0.00382506770494037,0.00419234719267284,0.25
Yang2025,CSPLDA,12,2,1000,2,0.518868,0.97657976146881,0.255475994777991,0.0138268106288069,0.00835081585081585,0.25
Yang2025,CSPLDA,2,0,1000,2,0.568708,0.986237298094758,0.246238653297474,0.00551454569106208,0.00927589239358809,0.25
Yang2025,CSPLDA,2,1,1000,2,0.599612,0.988398662088429,0.244761226919573,0.00589499478787764,0.0111337678683043,0.25
Yang2025,CSPLDA,2,2,1000,2,0.580688,0.983950077136718,0.246824942107735,0.00515873328928512,0.00833379118155003,0.25
Yang2025,CSPLDA,3,0,1000,2,0.535716,0.927601506798083,0.267268182553175,0.0213339099292299,0.00406572737605487,0.25
Yang2025,CSPLDA,3,1,1000,2,0.529236,0.96527799583561,0.258057385319125,0.0108170336658552,0.00275964834673048,0.25
Yang2025,CSPLDA,3,2,1000,2,0.542556,0.98508270637588,0.249877162878697,0.00444127774302566,0.00456411486432914,0.25
Yang2025,CSPLDA,4,0,1000,2,0.519336,0.972228183022184,0.256041153035317,0.00826807136487492,0.00222691832955788,0.25
Yang2025,CSPLDA,4,1,1000,2,0.50842,0.987010634093487,0.253728698513889,0.00573173814222369,0.00200303962833484,0.25
Yang2025,CSPLDA,4,2,1000,2,0.51492,0.981745313365014,0.254201912746903,0.00644344536088612,0.00224153261398294,0.25
Yang2025,CSPLDA,5,0,999,2,0.738256513026052,0.979401686105877,0.229430803365309,0.0283284781871477,0.0488974243210878,0.249999749499249
Yang2025,CSPLDA,5,1,1000,2,0.638972,0.987122667200247,0.235824754069871,0.0201390756216653,0.0343143215517941,0.25
Yang2025,CSPLDA,5,2,1000,2,0.770416,0.984967399154138,0.224276094493743,0.0363625088777612,0.0620864143840186,0.25
Yang2025,CSPLDA,6,0,1200,2,0.613913888888889,0.989529889438288,0.244379325619595,0.007248612597304,0.0128692869777094,0.25
Yang2025,CSPLDA,6,1,1198,2,0.659197324414716,0.990936867342362,0.238648899979428,0.0127562016680905,0.0241066049236038,0.249999303234941
Yang2025,CSPLDA,6,2,1195,2,0.659984201857682,0.990593988991201,0.23902099914584,0.0134794051911597,0.0244568304426522,0.249998424397332
Yang2025,CSPLDA,9,0,1000,2,0.574164,0.987635452268928,0.246353247141836,0.00440995459278334,0.00805670745094772,0.25
Yang2025,CSPLDA,9,1,1000,2,0.584032,0.990590991181368,0.246338530170714,0.00530555192651769,0.00896702175580377,0.25
Yang2025,CSPLDA,9,2,1000,2,0.524184,0.982329010937558,0.250996129274942,0.0115791121067622,0.0105829828318201,0.25
Yang2025,CSPSVM,1,0,1000,2,0.608294,0.976228412457158,0.242190922377107,0.00837684500206407,0.0161859226249566,0.25
Yang2025,CSPSVM,1,1,1000,2,0.584436,0.976071970463467,0.246078385413438,0.00514941187505041,0.00907102646161281,0.25
Yang2025,CSPSVM,1,2,1000,2,0.579104,0.954832206650267,0.25002769948214,0.0107495388611234,0.0107218393789835,0.25
Yang2025,CSPSVM,10,0,1000,2,0.570296,0.957223337746216,0.250552157882023,0.0107403910875861,0.0101882332055628,0.25
Yang2025,CSPSVM,10,1,1000,2,0.701206,0.979360870208967,0.227163898500241,0.0167894294306714,0.03962553093043,0.25
Yang2025,CSPSVM,10,2,1000,2,0.61174,0.967113160598235,0.241963864690468,0.0213601366032016,0.0293962719127333,0.25
Yang2025,CSPSVM,11,0,1000,2,0.62002,0.96148738002783,0.240077179319252,0.0071424858037642,0.0170653064845125,0.25
Yang2025,CSPSVM,11,1,1000,2,0.617736,0.959929646290678,0.241699550654133,0.00718973431973069,0.0154901836655975,0.25
Yang2025,CSPSVM,11,2,1000,2,0.591588,0.938403248158397,0.256277853583312,0.0226781725437963,0.016400318960484,0.25
Yang2025,CSPSVM,12,0,999,2,0.491238476953908,0.959442861270922,0.265618461943503,0.0171039746885079,0.0014852622442538,0.249999749499249
Yang2025,CSPSVM,12,1,1000,2,0.539464,0.952895841123155,0.257449236291355,0.0107200328488961,0.00327079655754081,0.25
Yang2025,CSPSVM,12,2,1000,2,0.50188,0.943468660009179,0.268040571911157,0.0193568675272071,0.00131629561604998,0.25
Yang2025,CSPSVM,2,0,1000,2,0.553904,0.961524964192465,0.253814378091731,0.0149205610229784,0.0111061829312476,0.25
Yang2025,CSPSVM,2,1,1000,2,0.600052,0.964530656694546,0.246297057020434,0.00894449438502237,0.0126474373645881,0.25
Yang2025,CSPSVM,2,2,1000,2,0.589396,0.961160687309865,0.247542399695993,0.00838327103248282,0.0108408713364898,0.25
Yang2025,CSPSVM,3,0,1000,2,0.541148,0.963605066690482,0.254991958159223,0.00998315712895084,0.00499119896972752,0.25
Yang2025,CSPSVM,3,1,1000,2,0.52428,0.960033512445823,0.259043308157033,0.0123043379705665,0.00326102981353366,0.25
Yang2025,CSPSVM,3,2,1000,2,0.548296,0.956343688291526,0.256295615018912,0.0113793843191691,0.00508376930025739,0.25
Yang2025,CSPSVM,4,0,1000,2,0.517004,0.954525025146786,0.261667147528344,0.0138975484387079,0.00223040091036417,0.25
Yang2025,CSPSVM,4,1,1000,2,0.495806,0.971624572908716,0.260329923549732,0.010803900651455,0.0004739771017227,0.25
Yang2025,CSPSVM,4,2,1000,2,0.508052,0.968535462192593,0.259116236439892,0.010833212569519,0.00171697612962673,0.25
Yang2025,CSPSVM,5,0,999,2,0.700240480961924,0.97262906751243,0.229280481100044,0.0175135170136876,0.038232785412893,0.249999749499249
Yang2025,CSPSVM,5,1,1000,2,0.62483,0.974000532776124,0.237918840470621,0.0235027883057574,0.0355839478351366,0.25
Yang2025,CSPSVM,5,2,1000,2,0.75385,0.966996022548205,0.220408037696982,0.0257011714202025,0.0552931337232203,0.25
Yang2025,CSPSVM,6,0,1200,2,0.5968,0.969131236762157,0.244275949453325,0.00765030321592655,0.0133743537626018,0.25
Yang2025,CSPSVM,6,1,1198,2,0.646872909698997,0.971754879336403,0.234263656089697,0.0064627938664934,0.0221984410117368,0.249999303234941
Yang2025,CSPSVM,6,2,1195,2,0.646917121376791,0.967539435043487,0.235546116963761,0.00743287417182442,0.021885181605395,0.249998424397332
Yang2025,CSPSVM,9,0,1000,2,0.569676,0.973866224223085,0.247335446103723,0.00492649745372237,0.00759105134999949,0.25
Yang2025,CSPSVM,9,1,1000,2,0.561316,0.964129757672829,0.250345272509673,0.00810550507268942,0.00776023256301678,0.25
Yang2025,CSPSVM,9,2,1000,2,0.507106,0.951667969465371,0.265545940922062,0.01829825790727,0.00275231698520761,0.25
Yang2025,DCNN,1,0,1000,2,0.8259,0.674377199713747,0.171834354165788,0.00795897220193809,0.0861246180361502,0.25
Yang2025,DCNN,1,1,1000,2,0.825588,0.688424529496654,0.172153546713795,0.00703359070397772,0.0848800439901829,0.25
Yang2025,DCNN,1,2,1000,2,0.830224,0.712018356894007,0.168195206283424,0.00452803482986766,0.0863328285464441,0.25
Yang2025,DCNN,10,0,1000,2,0.761052,0.765195512913362,0.200471462306803,0.0078982214185154,0.0574267591117122,0.25
Yang2025,DCNN,10,1,1000,2,0.817804,0.6804287270308,0.175247380007875,0.00908020432595644,0.0838328243180811,0.25
Yang2025,DCNN,10,2,1000,2,0.874868,0.653315230387701,0.150055692112218,0.0106294683737893,0.110573776261571,0.25
Yang2025,DCNN,11,0,1000,2,0.836124,0.690612018925237,0.165785486132583,0.0053368062755412,0.0895513201429586,0.25
Yang2025,DCNN,11,1,1000,2,0.836516,0.708784910504726,0.168010238982578,0.00902407973638833,0.0910138407538101,0.25
Yang2025,DCNN,11,2,1000,2,0.796832,0.742970935899804,0.185203470003578,0.00662905345108555,0.0714255834475074,0.25
Yang2025,DCNN,12,0,999,2,0.699783567134269,0.741195773871805,0.231325602761428,0.0193232547928571,0.0379974015306785,0.249999749499249
Yang2025,DCNN,12,1,1000,2,0.766956,0.71740160626748,0.201550489848995,0.0111697172469867,0.0596192273979918,0.25
Yang2025,DCNN,12,2,1000,2,0.771528,0.708635098087237,0.199765367260532,0.0116783255014745,0.0619129582409423,0.25
Yang2025,DCNN,2,0,1000,2,0.76518,0.764602436963814,0.208028835519536,0.017601882507612,0.0595730469880763,0.25
Yang2025,DCNN,2,1,1000,2,0.777688,0.778337242423178,0.200548349349813,0.0150902792707986,0.0645419299209857,0.25
Yang2025,DCNN,2,2,1000,2,0.809908,0.77861054379814,0.188135249241167,0.015872813293528,0.0777375640523607,0.25
Yang2025,DCNN,3,0,1000,2,0.7054,0.791065347195792,0.226280720099777,0.0184084852152802,0.0421277651155033,0.25
Yang2025,DCNN,3,1,1000,2,0.724656,0.827762280768177,0.215686575945755,0.00957024107119991,0.0438836651254449,0.25
Yang2025,DCNN,3,2,1000,2,0.70942,0.814826447330145,0.234937238095776,0.0257682041908769,0.0408309660951009,0.25
Yang2025,DCNN,4,0,1000,2,0.694324,0.89741563889383,0.220403851280748,0.00553995466798035,0.0351361033872319,0.25
Yang2025,DCNN,4,1,1000,2,0.665724,0.87401566585073,0.235559417080765,0.0122325787679756,0.0266731616872108,0.25
Yang2025,DCNN,4,2,1000,2,0.705424,0.89019057132421,0.216801263552752,0.00611954296445624,0.0393182794117047,0.25
Yang2025,DCNN,5,0,999,2,0.924885771543086,0.722116765285793,0.120171699255874,0.0163575863731491,0.146185636616524,0.249999749499249
Yang2025,DCNN,5,1,1000,2,0.89936,0.735884701104777,0.134843793387372,0.0108949233377589,0.126051129950387,0.25
Yang2025,DCNN,5,2,1000,2,0.930164,0.728472091485149,0.118222997404878,0.0175398102070097,0.149316812802132,0.25
Yang2025,DCNN,6,0,1200,2,0.741555555555556,0.762356684644374,0.208280373811816,0.00794784170952595,0.0496674678977101,0.25
Yang2025,DCNN,6,1,1198,2,0.75889353400223,0.799557496042032,0.199759401647262,0.00491900772393281,0.0551589093116115,0.249999303234941
Yang2025,DCNN,6,2,1195,2,0.737487535153668,0.783053302162306,0.210278986293224,0.0105678355543344,0.0502872736584426,0.249998424397332
Yang2025,DCNN,9,0,1000,2,0.713092,0.68709066405266,0.229438086100267,0.0243321299113705,0.0448940438111033,0.25
Yang2025,DCNN,9,1,1000,2,0.719934,0.712271448226002,0.223128933460905,0.0185047382206336,0.0453758047597282,0.25
Yang2025,DCNN,9,2,1000,2,0.75048,0.687316114526823,0.209016240542457,0.0161113118871261,0.057095071344669,0.25
Yang2025,SCNN,1,0,1000,2,0.657464,0.975377577396934,0.233033467104358,0.0111369262199574,0.0281034591155989,0.25
Yang2025,SCNN,1,1,1000,2,0.68171,0.981101188761266,0.232843068688516,0.0124542628226055,0.0296111941340897,0.25
Yang2025,SCNN,1,2,1000,2,0.712496,0.979359902746349,0.227577399456436,0.0179760730895542,0.0403986736331177,0.25
Yang2025,SCNN,10,0,1000,2,0.712156,0.924303122234824,0.215771290004226,0.00580701491491031,0.0400357249106843,0.25
Yang2025,SCNN,10,1,1000,2,0.76094,0.861027552812811,0.19553759022298,0.00555144406036959,0.0600138538373892,0.25
Yang2025,SCNN,10,2,1000,2,0.758032,0.878269725924579,0.197611352430163,0.00782904737770285,0.0602176949475394,0.25
Yang2025,SCNN,11,0,1000,2,0.723044,0.914075764101465,0.214862651361397,0.00928784552499745,0.0444251941636001,0.25
Yang2025,SCNN,11,1,1000,2,0.7281,0.904923690450232,0.212308812032084,0.00618103992544758,0.0438722278933633,0.25
Yang2025,SCNN,11,2,1000,2,0.72766,0.925130632959326,0.212554020218164,0.00613260247023595,0.0435785822520716,0.25
Yang2025,SCNN,12,0,999,2,0.593779559118236,0.861679724408317,0.259505942727744,0.0222441278826384,0.0127379346541431,0.249999749499249
Yang2025,SCNN,12,1,1000,2,0.607888,0.851131708546416,0.267211291667876,0.0299602793088441,0.0127489876409682,0.25
Yang2025,SCNN,12,2,1000,2,0.59636,0.832226208619544,0.273330391022563,0.0345392509496208,0.0112088599270579,0.25
Yang2025,SCNN,2,0,1000,2,0.659944,0.979413265383973,0.234330253017319,0.0095341376016794,0.0252038845843603,0.25
Yang2025,SCNN,2,1,1000,2,0.665176,0.980641001881787,0.234670889862724,0.0107929517832942,0.0261220619205706,0.25
Yang2025,SCNN,2,2,1000,2,0.675664,0.976183123579219,0.232794086092529,0.0109078920986753,0.0281138060061464,0.25
Yang2025,SCNN,3,0,1000,2,0.593192,0.825812745998762,0.268370220985226,0.0317790828104352,0.0134088618252093,0.25
Yang2025,SCNN,3,1,1000,2,0.59094,0.890488305267117,0.256652214802114,0.0177719338309845,0.0111197190288702,0.25
Yang2025,SCNN,3,2,1000,2,0.575512,0.874100669580068,0.266362450727078,0.0253440427982781,0.00898159207120039,0.25
Yang2025,SCNN,4,0,1000,2,0.607572,0.952878318214279,0.242549879239799,0.00487308657035129,0.0123232073305519,0.25
Yang2025,SCNN,4,1,1000,2,0.596028,0.932833645396251,0.249725896394485,0.00955762383581399,0.00983172744132868,0.25
Yang2025,SCNN,4,2,1000,2,0.621584,0.958233061628966,0.240745200473275,0.00504104409641659,0.0142958436231413,0.25
Yang2025,SCNN,5,0,999,2,0.868068136272545,0.872749843837515,0.164857754503071,0.022339811111378,0.107481806107556,0.249999749499249
Yang2025,SCNN,5,1,1000,2,0.824508,0.90648898821053,0.184737352486971,0.019612156740011,0.0848748042530396,0.25
Yang2025,SCNN,5,2,1000,2,0.87472,0.882184138334794,0.166034916215575,0.0259506571232152,0.10991574090764,0.25
Yang2025,SCNN,6,0,1200,2,0.690033333333333,0.919374250411552,0.224458954258288,0.00571467329911035,0.0312557190408222,0.25
Yang2025,SCNN,6,1,1198,2,0.70219342251951,0.922176456321897,0.222106554943996,0.00623234702156952,0.0341250953125148,0.249999303234941
Yang2025,SCNN,6,2,1195,2,0.701868886623119,0.929396091579213,0.221318849050505,0.00835668102798823,0.0370362563748153,0.249998424397332
Yang2025,SCNN,9,0,1000,2,0.645976,0.726023727559662,0.258895260098949,0.0332659152827039,0.0243706551837546,0.25
Yang2025,SCNN,9,1,1000,2,0.68364,0.756787719768866,0.241925112306521,0.0238617965617945,0.0319366842552739,0.25
Yang2025,SCNN,9,2,1000,2,0.66364,0.725484704578084,0.253226855113018,0.030911565474676,0.0276847103616581,0.25
Yang2025,TSBLR,1,0,1000,2,0.560782,0.899137576927663,0.2617636765625,0.0199830339815029,0.00821935741900287,0.25
Yang2025,TSBLR,1,1,1000,2,0.60616,0.960394837521784,0.241415463375,0.00492987888124591,0.0135144155062459,0.25
Yang2025,TSBLR,1,2,1000,2,0.618788,0.954124694029738,0.240240832125,0.00553000555676583,0.0152891734317658,0.25
Yang2025,TSBLR,10,0,1000,2,0.55702,0.925742021450269,0.257370926,0.0163348582292464,0.00896393222924641,0.25
Yang2025,TSBLR,10,1,1000,2,0.710256,0.897125435342391,0.2099097940625,0.00858575185009836,0.0486759577875983,0.25
Yang2025,TSBLR,10,2,1000,2,0.671732,0.9093669353701,0.2208286240625,0.0123518552635447,0.0415232312010447,0.25
Yang2025,TSBLR,11,0,1000,2,0.626852,0.914369879349142,0.237500049,0.01650515610221,0.02900510710221,0.25
Yang2025,TSBLR,11,1,1000,2,0.652312,0.904313518316004,0.2357216365,0.0173064109573985,0.0315847744573985,0.25
Yang2025,TSBLR,11,2,1000,2,0.628922,0.882672301526258,0.24787686025,0.0178715033920621,0.0199946431420621,0.25
Yang2025,TSBLR,12,0,999,2,0.508745490981964,0.888981504920114,0.281686739114114,0.0383746322436807,0.00668764262881555,0.249999749499249
Yang2025,TSBLR,12,1,1000,2,0.54275,0.887498607125414,0.272746211625,0.0293312415535171,0.00658502992851709,0.25
Yang2025,TSBLR,12,2,1000,2,0.536616,0.932153869404927,0.2645213494375,0.0202392979477862,0.00571794851028617,0.25
Yang2025,TSBLR,2,0,1000,2,0.569342,0.905869569151462,0.26238821,0.0209034914461778,0.00851528144617777,0.25
Yang2025,TSBLR,2,1,1000,2,0.603152,0.959159941359065,0.2420061756875,0.00505116032851619,0.0130449846410162,0.25
Yang2025,TSBLR,2,2,1000,2,0.599312,0.945654154117222,0.2464337081875,0.00963076660274284,0.0131970584152428,0.25
Yang2025,TSBLR,3,0,1000,2,0.570052,0.835482474801863,0.2810034959375,0.0387209596076806,0.00771746367018067,0.25
Yang2025,TSBLR,3,1,1000,2,0.541616,0.85661798813339,0.28278332075,0.0389101116469524,0.00612679089695239,0.25
Yang2025,TSBLR,3,2,1000,2,0.528886,0.902660225003871,0.2744583643125,0.0273398447698474,0.00288148045734732,0.25
Yang2025,TSBLR,4,0,1000,2,0.50927,0.882499296981406,0.2839523404375,0.0372645800451769,0.00331223960767685,0.25
Yang2025,TSBLR,4,1,1000,2,0.479116,0.94555046782917,0.2730405549375,0.0235534163703614,0.000512861432861417,0.25
Yang2025,TSBLR,4,2,1000,2,0.5382,0.932643794097325,0.263508956375,0.0197742513302913,0.00626529495529132,0.25
Yang2025,TSBLR,5,0,999,2,0.769851703406814,0.92683982879129,0.202144139827327,0.0133466513611843,0.061202261033106,0.249999749499249
Yang2025,TSBLR,5,1,1000,2,0.71551,0.943174753326363,0.2150348104375,0.0105163188994957,0.0454815084619957,0.25
Yang2025,TSBLR,5,2,1000,2,0.77041,0.912647133263836,0.2081170536875,0.0209495861129392,0.0628325324254392,0.25
Yang2025,TSBLR,6,0,1200,2,0.601268055555556,0.931745972485501,0.248005426302083,0.00910630606550367,0.0111008797634203,0.25
Yang2025,TSBLR,6,1,1198,2,0.668844760312152,0.946397044798997,0.230844732835977,0.00628787164579228,0.0254424420447565,0.249999303234941
Yang2025,TSBLR,6,2,1195,2,0.650376466370125,0.940345678904295,0.234248569769874,0.00741041787115146,0.023160272498609,0.249998424397332
Yang2025,TSBLR,9,0,1000,2,0.53978,0.861638052691125,0.2775931811875,0.0421783652238442,0.0145851840363442,0.25
Yang2025,TSBLR,9,1,1000,2,0.57068,0.937268828609333,0.2512266195,0.0142131180362126,0.0129864985362126,0.25
Yang2025,TSBLR,9,2,1000,2,0.521554,0.893993951685226,0.2757577394375,0.036253627858932,0.010495888421432,0.25
Yang2025,TSGP,1,0,1000,2,0.545452,0.946091494532136,0.2571740655,0.0133754524004146,0.00620138690041461,0.25
Yang2025,TSGP,1,1,1000,2,0.582616,0.979864187147763,0.2448560405,0.00467681555588326,0.00982077505588325,0.25
Yang2025,TSGP,1,2,1000,2,0.5895,0.975998793137749,0.2441383428125,0.00520003922366705,0.0110616964111671,0.25
Yang2025,TSGP,10,0,1000,2,0.546852,0.936784002480272,0.2622482403125,0.0190727111138993,0.00682447080139933,0.25
Yang2025,TSGP,10,1,1000,2,0.702092,0.960773292309966,0.220779179375,0.0117947454356979,0.0410155660606979,0.25
Yang2025,TSGP,10,2,1000,2,0.616976,0.958418140558468,0.2314938170625,0.0109636491935924,0.0294698321310924,0.25
Yang2025,TSGP,11,0,1000,2,0.58469,0.935034251522115,0.2480282285,0.0144545752719236,0.0164263467719237,0.25
Yang2025,TSGP,11,1,1000,2,0.62373,0.896219608639171,0.2559689178125,0.0316773548772853,0.0257084370647854,0.25
Yang2025,TSGP,11,2,1000,2,0.66918,0.980744581208798,0.232228335,0.012744051882141,0.0305157168821409,0.25
Yang2025,TSGP,12,0,999,2,0.506741482965932,0.854427254649827,0.294474325325325,0.0469722988684966,0.00249772304242027,0.249999749499249
Yang2025,TSGP,12,1,1000,2,0.533102,0.943294620783506,0.2613425719375,0.0163518021539745,0.00500923021647454,0.25
Yang2025,TSGP,12,2,1000,2,0.520468,0.957528207134826,0.25965411175,0.0162196903220151,0.00656557857201509,0.25
Yang2025,TSGP,2,0,1000,2,0.573158,0.969593545460317,0.2475974131875,0.00544322862267413,0.00784581543517412,0.25
Yang2025,TSGP,2,1,1000,2,0.577958,0.977895087273765,0.24539049675,0.00649467911777729,0.0111041823677773,0.25
Yang2025,TSGP,2,2,1000,2,0.583614,0.973707316615016,0.245969142375,0.00558062933326939,0.00961148695826938,0.25
Yang2025,TSGP,3,0,1000,2,0.555568,0.902983122226531,0.26746396775,0.0232746008756044,0.00581063312560437,0.25
Yang2025,TSGP,3,1,1000,2,0.538328,0.866360840205113,0.2815307608125,0.0350692525139971,0.00353849170149706,0.25
Yang2025,TSGP,3,2,1000,2,0.520974,0.919722068122544,0.27180245575,0.0247666724340565,0.00296421668405655,0.25
Yang2025,TSGP,4,0,1000,2,0.51287,0.904116678315575,0.27830735525,0.0294640129573378,0.00115665770733772,0.25
Yang2025,TSGP,4,1,1000,2,0.484804,0.977785183635672,0.260422975875,0.0108172400521655,0.000394264177165482,0.25
Yang2025,TSGP,4,2,1000,2,0.536404,0.96048635452472,0.25712356025,0.0104938521345262,0.00337029188452617,0.25
Yang2025,TSGP,5,0,999,2,0.671797595190381,0.95191475375701,0.223169297172172,0.0121892947408647,0.0390197470679416,0.249999749499249
Yang2025,TSGP,5,1,1000,2,0.698304,0.976219114842402,0.224504963375,0.0183022373699993,0.0437972739949993,0.25
Yang2025,TSGP,5,2,1000,2,0.724396,0.964847063512641,0.222975129125,0.0236005912009639,0.0506254620759639,0.25
Yang2025,TSGP,6,0,1200,2,0.606754166666667,0.97643223106389,0.240597080260417,0.00626334972428055,0.0156662694638639,0.25
Yang2025,TSGP,6,1,1198,2,0.671222129319955,0.975945304244137,0.231582374060935,0.0105267306552735,0.0289436598292795,0.249999303234941
Yang2025,TSGP,6,2,1195,2,0.641634267403166,0.971961329649188,0.236845111872385,0.00675055099525099,0.019903863520198,0.249998424397332
Yang2025,TSGP,9,0,1000,2,0.535054,0.920283316191658,0.2653362468125,0.030368802274097,0.015032555461597,0.25
Yang2025,TSGP,9,1,1000,2,0.549188,0.955002406786667,0.253549557375,0.0110341934406832,0.00748463606568314,0.25
Yang2025,TSGP,9,2,1000,2,0.52918,0.958223205730569,0.257704546875,0.0167302737370668,0.00902572686206676,0.25
Yang2025,TSLR,1,0,1000,2,0.563348,0.886039661079885,0.2638199225525,0.0218203453283411,0.00800042277584126,0.25
Yang2025,TSLR,1,1,1000,2,0.601372,0.950312919541742,0.242988058382881,0.00632353952240333,0.0133354811395226,0.25
Yang2025,TSLR,1,2,1000,2,0.619808,0.943237200753688,0.241108326484377,0.00627759509971978,0.015169268615343,0.25
Yang2025,TSLR,10,0,1000,2,0.564452,0.914168192905228,0.258010860272569,0.0173077403898713,0.00929688011730234,0.25
Yang2025,TSLR,10,1,1000,2,0.705796,0.875904533525944,0.211496693179796,0.00908023185860554,0.0475835386788099,0.25
Yang2025,TSLR,10,2,1000,2,0.68134,0.89056287890237,0.219752689926136,0.0125758151906679,0.0428231252645316,0.25
Yang2025,TSLR,11,0,1000,2,0.629856,0.895904062034837,0.239307887523317,0.0189453619356402,0.0296374744123228,0.25
Yang2025,TSLR,11,1,1000,2,0.649332,0.893325503657584,0.23555370834396,0.0168047086477889,0.0312510003038284,0.25
Yang2025,TSLR,11,2,1000,2,0.618952,0.830998980737923,0.259033209120037,0.0279411518062814,0.0189079426862445,0.25
Yang2025,TSLR,12,0,999,2,0.511795591182365,0.877579425030223,0.283871573565742,0.0413892006091348,0.00751737654264167,0.249999749499249
Yang2025,TSLR,12,1,1000,2,0.543704,0.858852556504966,0.280401067687778,0.0366887518550823,0.00628768416730455,0.25
Yang2025,TSLR,12,2,1000,2,0.534184,0.909189791469474,0.272073379053473,0.0273427286485248,0.00526934959505174,0.25
Yang2025,TSLR,2,0,1000,2,0.564116,0.877844069468996,0.270435307643635,0.027436396551055,0.00700108890741968,0.25
Yang2025,TSLR,2,1,1000,2,0.604656,0.946846894357911,0.243354535881764,0.00574120307951614,0.0123866671977526,0.25
Yang2025,TSLR,2,2,1000,2,0.598536,0.935227338540462,0.247590531198209,0.0111447297971338,0.0135541985989244,0.25
Yang2025,TSLR,3,0,1000,2,0.57114,0.807558421014271,0.286695862473752,0.0454442470728149,0.00874838459906305,0.25
Yang2025,TSLR,3,1,1000,2,0.538888,0.836237636694011,0.28878459374355,0.0452038534048615,0.00641925966131129,0.25
Yang2025,TSLR,3,2,1000,2,0.527,0.882044767528233,0.280586100420979,0.032933694691071,0.00234759427009185,0.25
Yang2025,TSLR,4,0,1000,2,0.508112,0.831552056970184,0.299740873992137,0.0536393614971829,0.00389848750504626,0.25
Yang2025,TSLR,4,1,1000,2,0.478224,0.927337093378271,0.279609930005006,0.0300553670708042,0.000445437065797888,0.25
Yang2025,TSLR,4,2,1000,2,0.535012,0.914745386822157,0.26871542976498,0.0237556542122494,0.00504022444726987,0.25
Yang2025,TSLR,5,0,999,2,0.772649298597194,0.915834250587338,0.19983129381455,0.0122026266809909,0.0623710823656894,0.249999749499249
Yang2025,TSLR,5,1,1000,2,0.721248,0.932794888142443,0.213135756473139,0.00931547082217327,0.0461797143490343,0.25
Yang2025,TSLR,5,2,1000,2,0.77198,0.898184227122456,0.206143758620401,0.02010405755049,0.0639602989300889,0.25
Yang2025,TSLR,6,0,1200,2,0.593841666666667,0.908260548786257,0.254027589309153,0.0144740283254573,0.0104464390163047,0.25
Yang2025,TSLR,6,1,1198,2,0.670301003344482,0.935270749565983,0.230651503433213,0.00595929630174724,0.0253070961034749,0.249999303234941
Yang2025,TSLR,6,2,1195,2,0.660502403334416,0.932502062263315,0.232309740199216,0.00648393251126014,0.0241726167093761,0.249998424397332
Yang2025,TSLR,9,0,1000,2,0.54286,0.841366639787859,0.281778789149068,0.0462941686792755,0.0145153795302078,0.25
Yang2025,TSLR,9,1,1000,2,0.56514,0.920476120563896,0.255372277371141,0.0173174424070706,0.0119451650359299,0.25
Yang2025,TSLR,9,2,1000,2,0.519768,0.861296418612863,0.285813005649734,0.0454551842954665,0.009642178645732,0.25
Yang2025,TSSVM,1,0,1000,2,0.559296,0.914330760948882,0.258766735374092,0.0158438960217709,0.00707716064767905,0.25
Yang2025,TSSVM,1,1,1000,2,0.606704,0.964013401081231,0.241644391177361,0.00597122956082541,0.0143268383834642,0.25
Yang2025,TSSVM,1,2,1000,2,0.618408,0.960741432226337,0.240168064118499,0.00467795360981321,0.0145098894913141,0.25
Yang2025,TSSVM,10,0,1000,2,0.564526,0.943695473140935,0.252045912481628,0.0111697135605727,0.00912380107894509,0.25
Yang2025,TSSVM,10,1,1000,2,0.70074,0.909459427811162,0.214384946315105,0.00919990700422862,0.0448149606891235,0.25
Yang2025,TSSVM,10,2,1000,2,0.67759,0.921908056349154,0.221400115669218,0.0124603569415181,0.0410602412723002,0.25
Yang2025,TSSVM,11,0,1000,2,0.624796,0.920517364014992,0.238524505775515,0.016738131058107,0.0282136252825924,0.25
Yang2025,TSSVM,11,1,1000,2,0.662918,0.944752189807191,0.228201435121324,0.00991414569098345,0.0317127105696591,0.25
Yang2025,TSSVM,11,2,1000,2,0.630352,0.877653980673993,0.252485390654977,0.0232386214316009,0.0207532307766243,0.25
Yang2025,TSSVM,12,0,999,2,0.51236873747495,0.903477046436324,0.275779113896332,0.0327843502143582,0.00700498581727568,0.249999749499249
Yang2025,TSSVM,12,1,1000,2,0.539108,0.865508997194336,0.280091789022998,0.0366064288000598,0.0065146397770621,0.25
Yang2025,TSSVM,12,2,1000,2,0.535664,0.935826865898233,0.263400868656363,0.0180001281386295,0.00459925948226672,0.25
Yang2025,TSSVM,2,0,1000,2,0.564672,0.928739412335308,0.258448545478764,0.0157830302826422,0.00733448480387838,0.25
Yang2025,TSSVM,2,1,1000,2,0.61244,0.965192901002984,0.240662982900951,0.00551698707940665,0.0148540041784552,0.25
Yang2025,TSSVM,2,2,1000,2,0.597612,0.956385003199714,0.244285560102306,0.00624519604661936,0.011959635944313,0.25
Yang2025,TSSVM,3,0,1000,2,0.567928,0.876494596522775,0.271458334628356,0.0294131911199806,0.00795485649162481,0.25
Yang2025,TSSVM,3,1,1000,2,0.540114,0.862519923402952,0.282334669039983,0.040026788414051,0.00769211937406838,0.25
Yang2025,TSSVM,3,2,1000,2,0.530432,0.906579593939308,0.272948377474953,0.0255832432010444,0.00263486572609106,0.25
Yang2025,TSSVM,4,0,1000,2,0.50992,0.865100539602945,0.289395516405277,0.0435549755430406,0.0041594591377633,0.25
Yang2025,TSSVM,4,1,1000,2,0.482092,0.946034291068124,0.271996449315674,0.0225539598198754,0.000557510504201691,0.25
Yang2025,TSSVM,4,2,1000,2,0.53882,0.938285845423478,0.261826384024689,0.0178459747559846,0.00601959073129529,0.25
Yang2025,TSSVM,5,0,999,2,0.760320641282565,0.94463126977878,0.206822091161071,0.0154404225310833,0.0586180808692617,0.249999749499249
Yang2025,TSSVM,5,1,1000,2,0.713544,0.956630587002775,0.217758582401383,0.0130563705348062,0.0452977881334228,0.25
Yang2025,TSSVM,5,2,1000,2,0.777136,0.934048775060573,0.209063327254867,0.0242596935438512,0.0651963662889847,0.25
Yang2025,TSSVM,6,0,1200,2,0.586263888888889,0.9219210910923,0.255547019657812,0.0141919297919581,0.00864491013414603,0.25
Yang2025,TSSVM,6,1,1198,2,0.665883500557414,0.954159950649773,0.232930637716804,0.0083681752427131,0.0254368407608498,0.249999303234941
Yang2025,TSSVM,6,2,1195,2,0.656334382808036,0.952940102458591,0.232573735272825,0.00619964637623843,0.0236243355007456,0.249998424397332
Yang2025,TSSVM,9,0,1000,2,0.541064,0.863824275376748,0.276372818575729,0.0398659819552468,0.0134931633795183,0.25
Yang2025,TSSVM,9,1,1000,2,0.556968,0.931840691644902,0.255727733726772,0.0167205934773604,0.0109928597505888,0.25
Yang2025,TSSVM,9,2,1000,2,0.516284,0.894780196755343,0.277204785023235,0.0363913131714472,0.00918652814821186,0.25
Zhou2020,BDCNN,13,0,120,2,0.731111111111111,0.784335976128275,0.219206172395833,0.0281927645074254,0.0589865921115921,0.25
Zhou2020,BDCNN,13,1,120,2,0.7775,0.788188906530009,0.2036252359375,0.0317775737957202,0.0781523378582202,0.25
Zhou2020,BDCNN,13,2,100,2,0.7538,0.718479545757319,0.207618975625,0.0282757900749179,0.0706568144499179,0.25
Zhou2020,BDCNN,13,3,120,2,0.786388888888889,0.702569358516894,0.202934590625,0.0342417094321188,0.0813071188071188,0.25
Zhou2020,BDCNN,13,4,100,2,0.7578,0.755509054592875,0.199210413125,0.0226352382998252,0.0734248251748252,0.25
Zhou2020,BDCNN,13,5,120,2,0.731805555555556,0.744658225302281,0.2151059359375,0.01970673190891,0.05460079597141,0.25
Zhou2020,BDCNN,13,6,120,2,0.749444444444444,0.71919613366702,0.212510941666667,0.0271988001045251,0.0646878584378585,0.25
Zhou2020,BDCNN,14,0,120,2,0.779444444444444,0.720895474067015,0.195744527083333,0.0235151399581129,0.0777706128747795,0.25
Zhou2020,BDCNN,14,1,120,2,0.804305555555556,0.787945308894948,0.181724673958333,0.0141078351080979,0.0823831611497645,0.25
Zhou2020,BDCNN,14,2,120,2,0.610694444444444,0.87083515317703,0.256469244270833,0.0428947631963523,0.0364255189255189,0.25
Zhou2020,BDCNN,14,3,120,2,0.908472222222222,0.594065272082678,0.131709625520833,0.0245177063289141,0.142808080808081,0.25
Zhou2020,BDCNN,14,4,120,2,0.750694444444444,0.798544062792824,0.20474334375,0.0255369945436508,0.0707936507936508,0.25
Zhou2020,BDCNN,14,5,120,2,0.886944444444444,0.684873144306868,0.164697460416667,0.0468286864703065,0.13213122605364,0.25
Zhou2020,BDCNN,14,6,120,2,0.892222222222222,0.627781069383597,0.143688053125,0.028354069475799,0.134666016350799,0.25
Zhou2020,BDCNN,15,0,120,2,0.981388888888889,0.428016560424596,0.0613892083333333,0.0285729505170755,0.217183742183742,0.25
Zhou2020,BDCNN,15,1,120,2,0.9675,0.548466072098632,0.0811710005208333,0.019870819220652,0.188699818699819,0.25
Zhou2020,BDCNN,15,2,100,2,0.9522,0.488778684643191,0.10418244625,0.0449979224404762,0.190815476190476,0.25
Zhou2020,BDCNN,15,3,120,2,0.885833333333333,0.667195626576525,0.1587709484375,0.0367574908805641,0.127986542443064,0.25
Zhou2020,BDCNN,15,4,120,2,0.997222222222222,0.333135023884468,0.03044689375,0.0148913381944444,0.234444444444444,0.25
Zhou2020,BDCNN,15,5,120,2,0.977222222222222,0.389482905099318,0.057334375,0.0189356821895425,0.211601307189543,0.25
Zhou2020,BDCNN,15,6,120,2,0.99,0.468367113671578,0.07414640625,0.04414640625,0.22,0.25
Zhou2020,BDCNN,16,0,120,2,0.687361111111111,0.750086786873542,0.2455742125,0.0401364177303087,0.0445622052303087,0.25
Zhou2020,BDCNN,16,1,120,2,0.65375,0.754012463617003,0.2541057359375,0.044608134784163,0.0405023988466629,0.25
Zhou2020,BDCNN,16,2,120,2,0.503888888888889,0.784595700802733,0.313988667708333,0.072663881383547,0.0086752136752137,0.25
Zhou2020,BDCNN,16,3,120,2,0.588888888888889,0.792615711241126,0.277083336979167,0.0464781782490079,0.0193948412698413,0.25
Zhou2020,BDCNN,16,4,120,2,0.722638888888889,0.714967438613713,0.244672674479167,0.0544557432622354,0.0597830687830688,0.25
Zhou2020,BDCNN,16,5,120,2,0.575972222222222,0.735265326797576,0.298064394791667,0.073927921361715,0.0258635265700483,0.25
Zhou2020,BDCNN,16,6,120,2,0.691388888888889,0.606575834745178,0.253045588541667,0.0532752921315853,0.0502297035899186,0.25
Zhou2020,BDCNN,17,0,146,2,0.632676056338028,0.547768337523506,0.301568833476027,0.0815849164325922,0.0298284304889349,0.24981234753237
Zhou2020,BDCNN,17,1,120,2,0.606944444444444,0.559889373067546,0.323339091145833,0.099434770158179,0.0260956790123457,0.25
Zhou2020,BDCNN,17,2,120,2,0.551527777777778,0.588299969464614,0.329956934895833,0.0911258756433923,0.0111689407475589,0.25
Zhou2020,BDCNN,17,3,120,2,0.470555555555556,0.595867559454995,0.382797121354167,0.136410918471187,0.00361379711702031,0.25
Zhou2020,BDCNN,17,4,120,2,0.624722222222222,0.559264173290135,0.303794120833333,0.0850296742386981,0.0312355534053647,0.25
Zhou2020,BDCNN,17,5,120,2,0.589444444444444,0.656837356695585,0.30254213125,0.0721184286963165,0.0195762974463164,0.25
Zhou2020,BDCNN,17,6,120,2,0.485555555555556,0.592729278699101,0.380234816145833,0.141359029982311,0.011124213836478,0.25
Zhou2020,BDCNN,18,0,120,2,0.908611111111111,0.491394203267324,0.120985038020833,0.0250863452103758,0.154101307189542,0.25
Zhou2020,BDCNN,18,1,120,2,0.791388888888889,0.589449537672757,0.207799715625,0.0379467827285888,0.0801470671035888,0.25
Zhou2020,BDCNN,18,2,120,2,0.781666666666667,0.601978160413016,0.212708127083333,0.0398049367232464,0.0770968096399131,0.25
Zhou2020,BDCNN,18,3,120,2,0.918333333333333,0.506829528632765,0.1128109703125,0.0263106285490004,0.1634996582365,0.25
Zhou2020,BDCNN,18,4,120,2,0.907361111111111,0.463952965204594,0.1263379140625,0.0165859299355159,0.140248015873016,0.25
Zhou2020,BDCNN,18,5,120,2,0.945833333333333,0.507757604659915,0.100842771875,0.025593283303143,0.174750511428143,0.25
Zhou2020,BDCNN,18,6,120,2,0.931944444444444,0.461795787592281,0.0989068348958334,0.0117778527668512,0.162871017871018,0.25
Zhou2020,BDCNN,19,0,120,2,0.761111111111111,0.793133877276693,0.2094933859375,0.0340235277814716,0.0745301418439716,0.25
Zhou2020,BDCNN,19,1,120,2,0.794722222222222,0.780337300912317,0.193021336979167,0.0268749524994489,0.0838536155202822,0.25
Zhou2020,BDCNN,19,2,120,2,0.808333333333333,0.672809373166482,0.19136888125,0.0342665117998045,0.0928976305498045,0.25
Zhou2020,BDCNN,19,3,120,2,0.865972222222222,0.630751225632906,0.163075313541667,0.0367237078344732,0.123648394292807,0.25
Zhou2020,BDCNN,19,4,120,2,0.833055555555556,0.716354967558446,0.170949463020833,0.0201977569973882,0.0992482939765548,0.25
Zhou2020,BDCNN,19,5,120,2,0.933055555555556,0.705800131171507,0.119918958333333,0.0304111632610221,0.160492204927689,0.25
Zhou2020,BDCNN,19,6,120,2,0.934722222222222,0.606931356738531,0.132487496875,0.0493234421116806,0.166835945236681,0.25
Zhou2020,BDCNN,20,0,120,2,0.777361111111111,0.731713817034215,0.228865496875,0.0595151114216734,0.0806496145466734,0.25
Zhou2020,BDCNN,20,1,120,2,0.873611111111111,0.614728890606222,0.142375425520833,0.0149667537187792,0.122591328197946,0.25
Zhou2020,BDCNN,20,2,120,2,0.85875,0.56395109622889,0.149840372916667,0.0207141759262426,0.120873803009576,0.25
Zhou2020,BDCNN,20,3,120,2,0.860972222222222,0.600644150383896,0.171914822395833,0.032794947173017,0.110880124777184,0.25
Zhou2020,BDCNN,20,4,180,2,0.83820987654321,0.606145233635285,0.168204925694444,0.022133411673964,0.10392848597952,0.25
Zhou2020,BDCNN,20,5,160,2,0.83265625,0.566104587344382,0.172029042578125,0.0151803844745327,0.0931513418964077,0.25
Zhou2020,BSCNN,13,0,120,2,0.683055555555556,0.817693788997924,0.237565811458333,0.0291404606416782,0.0415746491833448,0.25
Zhou2020,BSCNN,13,1,120,2,0.772222222222222,0.82885984793354,0.210515545833333,0.0401495846340388,0.0796340388007055,0.25
Zhou2020,BSCNN,13,2,100,2,0.7248,0.824376769710211,0.212672561875,0.0173161288343564,0.0546435669593564,0.25
Zhou2020,BSCNN,13,3,120,2,0.77,0.802786200317218,0.205335143229167,0.0290967173032408,0.0737615740740741,0.25
Zhou2020,BSCNN,13,4,100,2,0.6584,0.83752123604376,0.2350741975,0.0273408641666666,0.0422666666666666,0.25
Zhou2020,BSCNN,13,5,120,2,0.693472222222222,0.830232877867937,0.230680434895833,0.0253282523561508,0.0446478174603175,0.25
Zhou2020,BSCNN,13,6,120,2,0.702777777777778,0.807825919871905,0.226486850520833,0.0243213982195115,0.0478345476986781,0.25
Zhou2020,BSCNN,14,0,120,2,0.789861111111111,0.825840615452187,0.185469919270833,0.0134177156489366,0.0779477963781033,0.25
Zhou2020,BSCNN,14,1,120,2,0.800555555555556,0.820260358993137,0.180839703645833,0.0301102451957866,0.0992705415499533,0.25
Zhou2020,BSCNN,14,2,120,2,0.613055555555556,0.901497167441697,0.2496777578125,0.023163808798551,0.023486050986051,0.25
Zhou2020,BSCNN,14,3,120,2,0.879444444444444,0.73961399897901,0.142778005729167,0.0190405143558057,0.126262508626639,0.25
Zhou2020,BSCNN,14,4,120,2,0.729166666666667,0.846862653764589,0.204870164583333,0.0209415931547619,0.0660714285714286,0.25
Zhou2020,BSCNN,14,5,120,2,0.854305555555556,0.787675425893686,0.1586970765625,0.0179396069079715,0.109242530345472,0.25
Zhou2020,BSCNN,14,6,120,2,0.814166666666667,0.774158359280516,0.1764245828125,0.0210574653060903,0.0946328824935903,0.25
Zhou2020,BSCNN,15,0,120,2,0.969166666666667,0.553238829901168,0.0845608161458333,0.0302851751201923,0.195724358974359,0.25
Zhou2020,BSCNN,15,1,120,2,0.967916666666667,0.68630788189429,0.0936096880208334,0.0355772806134259,0.191967592592593,0.25
Zhou2020,BSCNN,15,2,100,2,0.9128,0.688741090627143,0.124759611875,0.0336826887980769,0.158923076923077,0.25
Zhou2020,BSCNN,15,3,120,2,0.969722222222222,0.640617772962364,0.0856999041666667,0.0289737136904762,0.19327380952381,0.25
Zhou2020,BSCNN,15,4,120,2,0.985833333333333,0.485156638319562,0.055596271875,0.0251200813988095,0.21952380952381,0.25
Zhou2020,BSCNN,15,5,120,2,0.973333333333333,0.564419326691777,0.0708384322916667,0.0245730001929012,0.203734567901235,0.25
Zhou2020,BSCNN,15,6,120,2,0.960277777777778,0.650952194014096,0.105946199479167,0.0361987247316919,0.180252525252525,0.25
Zhou2020,BSCNN,16,0,120,2,0.683333333333333,0.796456269820301,0.236983626041667,0.0286701339781746,0.0416865079365079,0.25
Zhou2020,BSCNN,16,1,120,2,0.663194444444444,0.807449016342302,0.241580577604167,0.0334886463872354,0.0419080687830688,0.25
Zhou2020,BSCNN,16,2,120,2,0.54125,0.850115308269792,0.281445758333333,0.0423314535204991,0.0108856951871658,0.25
Zhou2020,BSCNN,16,3,120,2,0.615277777777778,0.858947950835316,0.252243648958333,0.027073533695452,0.0248298847371186,0.25
Zhou2020,BSCNN,16,4,120,2,0.752777777777778,0.816730780017324,0.2137937125,0.0331141289256796,0.0693204164256796,0.25
Zhou2020,BSCNN,16,5,120,2,0.618888888888889,0.733846940684111,0.286691,0.0719820930066103,0.0352910930066102,0.25
Zhou2020,BSCNN,16,6,120,2,0.724444444444444,0.768414828947406,0.216563378645833,0.0222881261205808,0.0557247474747475,0.25
Zhou2020,BSCNN,17,0,146,2,0.655586854460094,0.610416155758056,0.311598149400685,0.0916106027008095,0.0298248008324946,0.24981234753237
Zhou2020,BSCNN,17,1,120,2,0.645833333333333,0.764427620980898,0.260114319270833,0.0485773763906069,0.0384630571197735,0.25
Zhou2020,BSCNN,17,2,120,2,0.540694444444444,0.802669673788219,0.295014333854167,0.052895226110059,0.00788089225589225,0.25
Zhou2020,BSCNN,17,3,120,2,0.513194444444444,0.811250189292311,0.300828140625,0.05811396179971,0.00728582117471008,0.25
Zhou2020,BSCNN,17,4,120,2,0.576527777777778,0.822706021659187,0.271000971875,0.0430453785265495,0.0220444066515495,0.25
Zhou2020,BSCNN,17,5,120,2,0.449722222222222,0.83395710861453,0.32141215625,0.081804021329365,0.0103918650793651,0.25
Zhou2020,BSCNN,17,6,120,2,0.471527777777778,0.770503117804538,0.332845236979167,0.0862130434513491,0.00336780647218238,0.25
Zhou2020,BSCNN,18,0,120,2,0.868333333333333,0.733898289720573,0.149094027083333,0.0150461958296197,0.115952168746286,0.25
Zhou2020,BSCNN,18,1,120,2,0.772083333333333,0.7542709257158,0.218005427083333,0.0481138025042087,0.0801083754208754,0.25
Zhou2020,BSCNN,18,2,120,2,0.806388888888889,0.738719499249917,0.204395859375,0.0389295895337302,0.0845337301587302,0.25
Zhou2020,BSCNN,18,3,120,2,0.901944444444444,0.690189195925283,0.1393278984375,0.0252900055025482,0.135962107065048,0.25
Zhou2020,BSCNN,18,4,120,2,0.939722222222222,0.67287089511986,0.113016796354167,0.0281734840292367,0.16515668767507,0.25
Zhou2020,BSCNN,18,5,120,2,0.922777777777778,0.639744649987812,0.142266905208333,0.0490013584945107,0.156734453286177,0.25
Zhou2020,BSCNN,18,6,120,2,0.920138888888889,0.687832839866464,0.1301247765625,0.0319894550938452,0.151864678531345,0.25
Zhou2020,BSCNN,19,0,120,2,0.740694444444444,0.772021362917684,0.237663515625,0.0535904322756008,0.0659269166506009,0.25
Zhou2020,BSCNN,19,1,120,2,0.693333333333333,0.773424134964129,0.236160288541667,0.0319693454977825,0.0458090569561158,0.25
Zhou2020,BSCNN,19,2,120,2,0.803055555555556,0.752978268407204,0.20268015,0.0435988609187109,0.0909187109187109,0.25
Zhou2020,BSCNN,19,3,120,2,0.82625,0.718232137145215,0.188161408854167,0.0324897983296149,0.0943283894754483,0.25
Zhou2020,BSCNN,19,4,120,2,0.739444444444444,0.794775542711777,0.211597752604167,0.0179174976739118,0.0563197450697451,0.25
Zhou2020,BSCNN,19,5,120,2,0.84,0.743992058110227,0.172428282291667,0.0239383833017677,0.101510101010101,0.25
Zhou2020,BSCNN,19,6,120,2,0.940694444444444,0.538849805912568,0.194212878125,0.113328513646886,0.169115635521886,0.25
Zhou2020,BSCNN,20,0,120,2,0.729305555555556,0.76701638699557,0.244991654166667,0.0493064114705544,0.0543147573038877,0.25
Zhou2020,BSCNN,20,1,120,2,0.885694444444444,0.767302641519699,0.144553603125,0.0219188584058563,0.127365255280856,0.25
Zhou2020,BSCNN,20,2,120,2,0.812083333333333,0.644960074129759,0.1971104109375,0.0408422555271877,0.0937318445896877,0.25
Zhou2020,BSCNN,20,3,120,2,0.856944444444444,0.659750261717809,0.195978455208333,0.0607684684358465,0.114790013227513,0.25
Zhou2020,BSCNN,20,4,180,2,0.815679012345679,0.678952047873654,0.184312444444444,0.0285384338349685,0.0942259893905241,0.25
Zhou2020,BSCNN,20,5,160,2,0.85625,0.671474360751793,0.152548944140625,0.0109539800518529,0.108405035911228,0.25
Zhou2020,CSPBLDA,13,0,120,2,0.700555555555556,0.883883260279688,0.254752109895833,0.0562986564423799,0.0515465465465466,0.25
Zhou2020,CSPBLDA,13,1,120,2,0.720416666666667,0.860701834888174,0.225622428125,0.0316072766098485,0.0559848484848485,0.25
Zhou2020,CSPBLDA,13,2,100,2,0.6586,0.944953711266243,0.231229295625,0.0134689060146104,0.0322396103896104,0.25
Zhou2020,CSPBLDA,13,3,120,2,0.769027777777778,0.9184975658267,0.2279658234375,0.0495913022868161,0.0716254788493161,0.25
Zhou2020,CSPBLDA,13,4,100,2,0.592,0.943272444211715,0.24487185,0.0158004214285714,0.0209285714285714,0.25
Zhou2020,CSPBLDA,13,5,120,2,0.621111111111111,0.939870918697828,0.246034370833333,0.0265554198326432,0.0305210489993099,0.25
Zhou2020,CSPBLDA,13,6,120,2,0.635416666666667,0.867653758817961,0.271250406770833,0.0485040924126769,0.0272536856418436,0.25
Zhou2020,CSPBLDA,14,0,120,2,0.660138888888889,0.93905441526462,0.245086352604167,0.036447713965528,0.0413613613613614,0.25
Zhou2020,CSPBLDA,14,1,120,2,0.743194444444444,0.965362400241106,0.225346800520833,0.0427952341761635,0.0674484336553302,0.25
Zhou2020,CSPBLDA,14,2,120,2,0.563333333333333,0.961591340223667,0.257499624479167,0.022064841870471,0.0145652173913043,0.25
Zhou2020,CSPBLDA,14,3,120,2,0.782361111111111,0.944138370731255,0.224442252604167,0.0610718822337963,0.0866296296296296,0.25
Zhou2020,CSPBLDA,14,4,120,2,0.619722222222222,0.916023695644617,0.254938241145833,0.037060285767878,0.0321220446220446,0.25
Zhou2020,CSPBLDA,14,5,120,2,0.817361111111111,0.984713801216148,0.219261991666667,0.0648154501774423,0.0955534585107756,0.25
Zhou2020,CSPBLDA,14,6,120,2,0.784722222222222,0.924765442706831,0.2332754734375,0.0586311109896955,0.0753556375521955,0.25
Zhou2020,CSPBLDA,15,0,120,2,0.882777777777778,0.926663746485651,0.199014922916667,0.080274693238937,0.13125977032227,0.25
Zhou2020,CSPBLDA,15,1,120,2,0.897222222222222,0.970536153328445,0.1944579359375,0.0842264544560185,0.139768518518519,0.25
Zhou2020,CSPBLDA,15,2,100,2,0.7876,0.933943723649778,0.2133035925,0.0649035925,0.1016,0.25
Zhou2020,CSPBLDA,15,3,120,2,0.867222222222222,0.975947863090437,0.201366278125,0.073756100720705,0.122389822595705,0.25
Zhou2020,CSPBLDA,15,4,120,2,0.950416666666667,0.959465408749022,0.172353331770833,0.105579564916421,0.183226233145588,0.25
Zhou2020,CSPBLDA,15,5,120,2,0.859166666666667,0.967321669415786,0.2020531015625,0.0737481918664613,0.121695090303961,0.25
Zhou2020,CSPBLDA,15,6,120,2,0.862777777777778,0.916673740000309,0.223857556770833,0.0933871745296178,0.119529617758784,0.25
Zhou2020,CSPBLDA,16,0,120,2,0.568472222222222,0.967432599025069,0.2506369078125,0.0168576680464182,0.0162207602339181,0.25
Zhou2020,CSPBLDA,16,1,120,2,0.596944444444444,0.977081120656852,0.241413259375,0.0137049260416666,0.0222916666666667,0.25
Zhou2020,CSPBLDA,16,2,120,2,0.537777777777778,0.873359733442925,0.286415745833333,0.0551473793683377,0.0187316335350043,0.25
Zhou2020,CSPBLDA,16,3,120,2,0.599166666666667,0.951579622620791,0.255579363541667,0.0269394300511639,0.0213600665094973,0.25
Zhou2020,CSPBLDA,16,4,120,2,0.587916666666667,0.81187511055781,0.3016351515625,0.0702723297964524,0.0186371782339524,0.25
Zhou2020,CSPBLDA,16,5,120,2,0.556388888888889,0.708917358756974,0.337713659895833,0.101338413175759,0.0136247532799257,0.25
Zhou2020,CSPBLDA,16,6,120,2,0.554027777777778,0.89705573183607,0.268056958854167,0.0436740223462301,0.0256170634920634,0.25
Zhou2020,CSPBLDA,17,0,146,2,0.624225352112676,0.895864409871243,0.261758663099315,0.0399185026889492,0.0279721871220042,0.24981234753237
Zhou2020,CSPBLDA,17,1,120,2,0.516388888888889,0.940155814040584,0.266408148958333,0.0262116719935637,0.00980352303523035,0.25
Zhou2020,CSPBLDA,17,2,120,2,0.432777777777778,0.950877974960013,0.2815043546875,0.0336051950236345,0.00210084033613445,0.25
Zhou2020,CSPBLDA,17,3,120,2,0.387083333333333,0.935022703827883,0.295168005208333,0.0462117762521044,0.00104377104377104,0.25
Zhou2020,CSPBLDA,17,4,120,2,0.421388888888889,0.972008129726012,0.2709714609375,0.0235258710176833,0.00255441008018331,0.25
Zhou2020,CSPBLDA,17,5,120,2,0.318055555555556,0.941661311739048,0.297974086979167,0.0543871304574275,0.00641304347826085,0.25
Zhou2020,CSPBLDA,17,6,120,2,0.386666666666667,0.936857895382748,0.29665175,0.0487525903361344,0.00210084033613445,0.25
Zhou2020,CSPBLDA,18,0,120,2,0.664722222222222,0.992893370944746,0.238303955729167,0.0319556574472299,0.0436517017180633,0.25
Zhou2020,CSPBLDA,18,1,120,2,0.600555555555556,0.991893595299527,0.245988008854167,0.0160640322459795,0.0200760233918129,0.25
Zhou2020,CSPBLDA,18,2,120,2,0.615277777777778,0.989199429511846,0.2442330578125,0.0161730878117405,0.0219400299992405,0.25
Zhou2020,CSPBLDA,18,3,120,2,0.688611111111111,0.988894795662833,0.234894426041667,0.0276886110233516,0.042794184981685,0.25
Zhou2020,CSPBLDA,18,4,120,2,0.698472222222222,0.985707804823729,0.233071486979167,0.0308020897097694,0.0477306027306027,0.25
Zhou2020,CSPBLDA,18,5,120,2,0.759861111111111,0.986378403426476,0.228529888020833,0.0553350675434041,0.0768051795225708,0.25
Zhou2020,CSPBLDA,18,6,120,2,0.76875,0.989831765761813,0.2263077890625,0.0481535110911488,0.0718457220286488,0.25
Zhou2020,CSPBLDA,19,0,120,2,0.539444444444444,0.94835865365274,0.261907005729167,0.033118592496309,0.0212115867671423,0.25
Zhou2020,CSPBLDA,19,1,120,2,0.590277777777778,0.97932452502118,0.244073622916667,0.0161129194044926,0.0220392964878259,0.25
Zhou2020,CSPBLDA,19,2,120,2,0.611527777777778,0.929677196383059,0.256247198958333,0.0301076439215478,0.0238604449632145,0.25
Zhou2020,CSPBLDA,19,3,120,2,0.668333333333333,0.917667914356392,0.253173971875,0.0453911387545232,0.0422171668795232,0.25
Zhou2020,CSPBLDA,19,4,120,2,0.563194444444444,0.935346195766106,0.256976372916667,0.0249250908653846,0.0179487179487179,0.25
Zhou2020,CSPBLDA,19,5,120,2,0.575694444444444,0.938151569987742,0.2570546453125,0.0317266667315094,0.0246720214190094,0.25
Zhou2020,CSPBLDA,19,6,120,2,0.81875,0.805389360322484,0.278585522916667,0.124921738562345,0.0963362156456786,0.25
Zhou2020,CSPBLDA,20,0,120,2,0.65125,0.993769749680301,0.239323230729167,0.024213250839775,0.0348900201106083,0.25
Zhou2020,CSPBLDA,20,1,120,2,0.707361111111111,0.993416258772077,0.235499033854167,0.0334732781770952,0.0479742443229285,0.25
Zhou2020,CSPBLDA,20,2,120,2,0.814027777777778,0.990328637162888,0.22701135,0.076809931048581,0.099798581048581,0.25
Zhou2020,CSPBLDA,20,3,120,2,0.692222222222222,0.991439965473049,0.234036526041667,0.0342229137280543,0.0501863876863877,0.25
Zhou2020,CSPBLDA,20,4,180,2,0.710246913580247,0.986514299030468,0.233182251041667,0.0294886678480835,0.0463064168064168,0.25
Zhou2020,CSPBLDA,20,5,160,2,0.672734375,0.981539802800489,0.2315101578125,0.0244916994754441,0.0429815416629441,0.25
Zhou2020,CSPGP,13,0,120,2,0.651527777777778,0.90085379987751,0.256066280729167,0.0495970819385393,0.0435308012093726,0.25
Zhou2020,CSPGP,13,1,120,2,0.709861111111111,0.836948076488788,0.233133794791667,0.0360725574179293,0.0529387626262627,0.25
Zhou2020,CSPGP,13,2,100,2,0.667,0.951060790890413,0.233659404375,0.0244086551242507,0.0407492507492508,0.25
Zhou2020,CSPGP,13,3,120,2,0.663888888888889,0.97183077495736,0.231834368229167,0.0207629396577381,0.0389285714285714,0.25
Zhou2020,CSPGP,13,4,100,2,0.55,0.975184060579111,0.250859389375,0.0135657385813493,0.0127063492063492,0.25
Zhou2020,CSPGP,13,5,120,2,0.545138888888889,0.977073964072882,0.245385771354167,0.0180283152138158,0.0226425438596492,0.25
Zhou2020,CSPGP,13,6,120,2,0.599722222222222,0.887813490205318,0.268100859895833,0.0359051136739243,0.017804253778091,0.25
Zhou2020,CSPGP,14,0,120,2,0.657777777777778,0.994798774379466,0.239939325520833,0.0291907685222763,0.039251443001443,0.25
Zhou2020,CSPGP,14,1,120,2,0.609166666666667,0.984198536776684,0.245473361458333,0.0201854826704546,0.0247121212121212,0.25
Zhou2020,CSPGP,14,2,120,2,0.535694444444444,0.963381696076453,0.2574925390625,0.0217056157755767,0.0142130767130767,0.25
Zhou2020,CSPGP,14,3,120,2,0.601111111111111,0.94961603175061,0.248110333854167,0.0387914235977564,0.0406810897435897,0.25
Zhou2020,CSPGP,14,4,120,2,0.537916666666667,0.991388311812613,0.245476211458333,0.0149758784580003,0.019499666999667,0.25
Zhou2020,CSPGP,14,5,120,2,0.742916666666667,0.981519397003077,0.2312888109375,0.0487009358496249,0.0674121249121249,0.25
Zhou2020,CSPGP,14,6,120,2,0.503472222222222,0.97394281893113,0.256667983333333,0.0177417461718021,0.0110737628384688,0.25
Zhou2020,CSPGP,15,0,120,2,0.824166666666667,0.906895069988088,0.225811043229167,0.0765519077567959,0.100740864527629,0.25
Zhou2020,CSPGP,15,1,120,2,0.811388888888889,0.973755700753627,0.207701063020833,0.0505318260078463,0.092830762987013,0.25
Zhou2020,CSPGP,15,2,100,2,0.7694,0.973553425944455,0.226304661875,0.0540215741616797,0.0777169122866797,0.25
Zhou2020,CSPGP,15,3,120,2,0.643472222222222,0.992402215084464,0.240087714583333,0.0218847667375283,0.031797052154195,0.25
Zhou2020,CSPGP,15,4,120,2,0.949722222222222,0.91376708821461,0.159276747916667,0.0890928657513603,0.179816117834694,0.25
Zhou2020,CSPGP,15,5,120,2,0.770972222222222,0.975964996906283,0.214521794270833,0.0405634609375,0.0760416666666666,0.25
Zhou2020,CSPGP,15,6,120,2,0.852222222222222,0.858644983511521,0.202823377604167,0.0796765013322904,0.126853123728124,0.25
Zhou2020,CSPGP,16,0,120,2,0.516388888888889,0.988085396793981,0.252463496875,0.0134785029242526,0.0110150060492526,0.25
Zhou2020,CSPGP,16,1,120,2,0.593611111111111,0.949122731017617,0.255846264583333,0.0283367553151452,0.0224904907318119,0.25
Zhou2020,CSPGP,16,2,120,2,0.531666666666667,0.875376202935992,0.289899465104167,0.049701052405754,0.00980158730158731,0.25
Zhou2020,CSPGP,16,3,120,2,0.608472222222222,0.920168112318417,0.255229330208333,0.0312336037126068,0.0260042735042735,0.25
Zhou2020,CSPGP,16,4,120,2,0.592638888888889,0.801236394888725,0.3016834015625,0.0737244643644324,0.0220410628019324,0.25
Zhou2020,CSPGP,16,5,120,2,0.550972222222222,0.930000287196559,0.267245052083333,0.0294361722095447,0.0121911201262114,0.25
Zhou2020,CSPGP,16,6,120,2,0.59125,0.845307630868988,0.273207402083333,0.0523311687070999,0.0291237666237666,0.25
Zhou2020,CSPGP,17,0,146,2,0.613708920187793,0.860044502011749,0.259501464469178,0.0367833330915555,0.0270942161547475,0.24981234753237
Zhou2020,CSPGP,17,1,120,2,0.513611111111111,0.905614653615273,0.274918269270833,0.0390527298183374,0.0141344605475041,0.25
Zhou2020,CSPGP,17,2,120,2,0.436527777777778,0.915687384423816,0.296496528645833,0.0469056939486156,0.000409165302782316,0.25
Zhou2020,CSPGP,17,3,120,2,0.396388888888889,0.880030559362247,0.3189378234375,0.0724291588095693,0.00349133537206933,0.25
Zhou2020,CSPGP,17,4,120,2,0.422222222222222,0.942340445093434,0.282423908854167,0.0338072198760319,0.00138331102186523,0.25
Zhou2020,CSPGP,17,5,120,2,0.311666666666667,0.859546722471604,0.351139813541667,0.101455869167457,0.000316055625790124,0.25
Zhou2020,CSPGP,17,6,120,2,0.399583333333333,0.891393374207307,0.319062321354167,0.0699714122632576,0.000909090909090915,0.25
Zhou2020,CSPGP,18,0,120,2,0.517777777777778,0.969268622019632,0.2559722484375,0.0151742535760376,0.00920200513853764,0.25
Zhou2020,CSPGP,18,1,120,2,0.555694444444444,0.987033623380588,0.248665048958333,0.00538284505112943,0.0067177960927961,0.25
Zhou2020,CSPGP,18,2,120,2,0.588611111111111,0.987977992558856,0.245075674479167,0.0129698543733466,0.0178941798941799,0.25
Zhou2020,CSPGP,18,3,120,2,0.525277777777778,0.984753720331646,0.2514029171875,0.0106974276746217,0.00929451048712168,0.25
Zhou2020,CSPGP,18,4,120,2,0.622916666666667,0.975652300062928,0.23463676875,0.017792388274154,0.033155619524154,0.25
Zhou2020,CSPGP,18,5,120,2,0.484861111111111,0.977654981717628,0.257445630208333,0.0171669139921171,0.00972128378378381,0.25
Zhou2020,CSPGP,18,6,120,2,0.468194444444444,0.970441165707616,0.263149155729167,0.0266631490457915,0.0135139933166249,0.25
Zhou2020,CSPGP,19,0,120,2,0.537777777777778,0.906700913651746,0.270294980208333,0.0361900419367284,0.0158950617283951,0.25
Zhou2020,CSPGP,19,1,120,2,0.577222222222222,0.994354050073526,0.2486336078125,0.0121139999693627,0.0134803921568628,0.25
Zhou2020,CSPGP,19,2,120,2,0.559305555555556,0.86851764785493,0.273382000520833,0.0350584945249136,0.0116764940040802,0.25
Zhou2020,CSPGP,19,3,120,2,0.61125,0.820459214156643,0.287497741145833,0.0643692560688188,0.0268715149229855,0.25
Zhou2020,CSPGP,19,4,120,2,0.541666666666667,0.913371173209408,0.270073194791667,0.0337372159556879,0.0136640211640212,0.25
Zhou2020,CSPGP,19,5,120,2,0.551944444444444,0.867352205533868,0.280934786458333,0.0457278703585601,0.0147930839002268,0.25
Zhou2020,CSPGP,19,6,120,2,0.745277777777778,0.767056465094219,0.27944688125,0.0914327683467742,0.0619858870967742,0.25
Zhou2020,CSPGP,20,0,120,2,0.645416666666667,0.971830589776585,0.237076996875,0.0303072157302189,0.0432302188552189,0.25
Zhou2020,CSPGP,20,1,120,2,0.694444444444444,0.972398744836856,0.228433365104167,0.0230194040652056,0.044586038961039,0.25
Zhou2020,CSPGP,20,2,120,2,0.798472222222222,0.940506911489169,0.205348178125,0.0447790060117102,0.0894308278867102,0.25
Zhou2020,CSPGP,20,3,120,2,0.692638888888889,0.970213752184487,0.227792557291667,0.0244611957232176,0.0466686384315509,0.25
Zhou2020,CSPGP,20,4,180,2,0.714320987654321,0.899206614011278,0.229625184027778,0.0286781141223745,0.0490529300945968,0.25
Zhou2020,CSPGP,20,5,160,2,0.656328125,0.835088729331839,0.239495998046875,0.0290497267268899,0.0395537286800149,0.25
Zhou2020,CSPLDA,13,0,120,2,0.706944444444444,0.915094146637152,0.247803646759696,0.0468427107658654,0.0490390640061693,0.25
Zhou2020,CSPLDA,13,1,120,2,0.721111111111111,0.885798749838481,0.223635588943319,0.0309656354400324,0.0573300464967132,0.25
Zhou2020,CSPLDA,13,2,100,2,0.6636,0.956792745192066,0.230716701373317,0.0174742815080454,0.0367575801347288,0.25
Zhou2020,CSPLDA,13,3,120,2,0.769722222222222,0.939857144540284,0.226237199191259,0.0498747653288251,0.0736375661375661,0.25
Zhou2020,CSPLDA,13,4,100,2,0.6064,0.950370351602533,0.243757431183718,0.0138077733147048,0.0200503421309873,0.25
Zhou2020,CSPLDA,13,5,120,2,0.619166666666667,0.955869921654763,0.24369991549293,0.0260592459772605,0.0323593304843305,0.25
Zhou2020,CSPLDA,13,6,120,2,0.630277777777778,0.903528016008281,0.262429036883278,0.040739178144083,0.0283101412608054,0.25
Zhou2020,CSPLDA,14,0,120,2,0.658333333333333,0.940984904622686,0.244803513302731,0.0322704761644304,0.0374669628616997,0.25
Zhou2020,CSPLDA,14,1,120,2,0.755277777777778,0.965528370802143,0.224620396282302,0.0455341749819248,0.0709137786996226,0.25
Zhou2020,CSPLDA,14,2,120,2,0.549444444444444,0.96124066932874,0.258562735568189,0.0205801446823726,0.0120174091141833,0.25
Zhou2020,CSPLDA,14,3,120,2,0.783333333333333,0.943683973315657,0.224381570206125,0.0589774348677795,0.0845958646616541,0.25
Zhou2020,CSPLDA,14,4,120,2,0.626388888888889,0.919596885403515,0.253837847390425,0.0411606750257524,0.0373228276353276,0.25
Zhou2020,CSPLDA,14,5,120,2,0.822777777777778,0.984393153429654,0.219280168890789,0.0667450766681966,0.0974649077774078,0.25
Zhou2020,CSPLDA,14,6,120,2,0.788611111111111,0.925620782761487,0.232046390728566,0.0589207894779647,0.0768743987493987,0.25
Zhou2020,CSPLDA,15,0,120,2,0.883333333333333,0.931133784294641,0.199527392681792,0.0810804229848222,0.13155303030303,0.25
Zhou2020,CSPLDA,15,1,120,2,0.904444444444444,0.971807064969943,0.194558334547508,0.0903937627358778,0.145835428188369,0.25
Zhou2020,CSPLDA,15,2,100,2,0.7912,0.938174141994596,0.212662004077707,0.0674030297187331,0.104741025641026,0.25
Zhou2020,CSPLDA,15,3,120,2,0.863888888888889,0.977085095237224,0.202101844881876,0.0753116212166526,0.123209776334776,0.25
Zhou2020,CSPLDA,15,4,120,2,0.949166666666667,0.96158028154617,0.173888855608993,0.108293617513755,0.184404761904762,0.25
Zhou2020,CSPLDA,15,5,120,2,0.853055555555556,0.968911234940821,0.20385391009817,0.0721683700284838,0.118314459930314,0.25
Zhou2020,CSPLDA,15,6,120,2,0.866944444444444,0.92002409923243,0.223237352172928,0.0970558947414702,0.123818542568543,0.25
Zhou2020,CSPLDA,16,0,120,2,0.565555555555556,0.96898802611528,0.25062045580963,0.0137182008541838,0.0130977450445535,0.25
Zhou2020,CSPLDA,16,1,120,2,0.591666666666667,0.975485155093727,0.241666902307113,0.0136874943277054,0.022020592020592,0.25
Zhou2020,CSPLDA,16,2,120,2,0.535833333333333,0.862674877273006,0.289527599718896,0.0570485701666957,0.0175209704477997,0.25
Zhou2020,CSPLDA,16,3,120,2,0.608055555555556,0.945923541497065,0.25566410074871,0.0263830549970761,0.020718954248366,0.25
Zhou2020,CSPLDA,16,4,120,2,0.579166666666667,0.77193759728043,0.31527869735559,0.087857113091901,0.0225784157363105,0.25
Zhou2020,CSPLDA,16,5,120,2,0.565833333333333,0.693422815267452,0.341671517871538,0.109072667525977,0.0174011496544391,0.25
Zhou2020,CSPLDA,16,6,120,2,0.553888888888889,0.889529295411955,0.269131676270704,0.0430167858700997,0.0238851095993953,0.25
Zhou2020,CSPLDA,17,0,146,2,0.627417840375587,0.903587694740283,0.25897730747642,0.0373932298237241,0.0282282698796744,0.24981234753237
Zhou2020,CSPLDA,17,1,120,2,0.514722222222222,0.942923670621635,0.266179299492353,0.024218434686661,0.0080391351943076,0.25
Zhou2020,CSPLDA,17,2,120,2,0.432777777777778,0.952913691967942,0.28009867379381,0.0321995141299445,0.00210084033613445,0.25
Zhou2020,CSPLDA,17,3,120,2,0.388611111111111,0.938451440585277,0.291823519151491,0.043926693754666,0.00210317460317461,0.25
Zhou2020,CSPLDA,17,4,120,2,0.417777777777778,0.974044754306164,0.270668891403797,0.0246082853431906,0.00393939393939394,0.25
Zhou2020,CSPLDA,17,5,120,2,0.309722222222222,0.945309766374089,0.298133192895628,0.0545462363738889,0.00641304347826083,0.25
Zhou2020,CSPLDA,17,6,120,2,0.389722222222222,0.939028637157632,0.295395358964416,0.0455750857796567,0.000179726815240838,0.25
Zhou2020,CSPLDA,18,0,120,2,0.665555555555556,0.993114464754967,0.238499704236362,0.0300909740776319,0.0415912698412698,0.25
Zhou2020,CSPLDA,18,1,120,2,0.601944444444444,0.99203829469175,0.246086678199047,0.0165521885658727,0.0204655103668261,0.25
Zhou2020,CSPLDA,18,2,120,2,0.613611111111111,0.98880414206483,0.2439796479142,0.019914373691663,0.0259347257774631,0.25
Zhou2020,CSPLDA,18,3,120,2,0.686944444444444,0.989015920310347,0.234763147152692,0.0283888781468444,0.043625730994152,0.25
Zhou2020,CSPLDA,18,4,120,2,0.7025,0.985299080122441,0.232573497913807,0.0366932198766667,0.0541197219628592,0.25
Zhou2020,CSPLDA,18,5,120,2,0.761111111111111,0.986948964214078,0.228330331784242,0.0578394314011004,0.0795090996168583,0.25
Zhou2020,CSPLDA,18,6,120,2,0.77,0.989801949018648,0.22659740242404,0.0469978353244725,0.0704004329004329,0.25
Zhou2020,CSPLDA,19,0,120,2,0.532777777777778,0.954062353831619,0.260570731934193,0.0292945244815146,0.018723792547322,0.25
Zhou2020,CSPLDA,19,1,120,2,0.596111111111111,0.981202022648184,0.243161967498381,0.0144787789267541,0.0213168114283733,0.25
Zhou2020,CSPLDA,19,2,120,2,0.612222222222222,0.935102507305377,0.254670918352663,0.0260758328825772,0.0214049145299145,0.25
Zhou2020,CSPLDA,19,3,120,2,0.670833333333333,0.92228193809536,0.251692501077157,0.0421772505324946,0.0404847494553377,0.25
Zhou2020,CSPLDA,19,4,120,2,0.564444444444444,0.936780430166167,0.256783753668032,0.0253235928493183,0.0185398391812865,0.25
Zhou2020,CSPLDA,19,5,120,2,0.578888888888889,0.941650063868275,0.255560429075623,0.0315034115317633,0.0259429824561404,0.25
Zhou2020,CSPLDA,19,6,120,2,0.829444444444444,0.812910978244974,0.276141256603113,0.126921907944109,0.100780651340996,0.25
Zhou2020,CSPLDA,20,0,120,2,0.646666666666667,0.994170020730538,0.239791492540906,0.0324105401599532,0.0426190476190476,0.25
Zhou2020,CSPLDA,20,1,120,2,0.71,0.994000638525119,0.235680769808146,0.0344139323237983,0.0487331625156523,0.25
Zhou2020,CSPLDA,20,2,120,2,0.814444444444444,0.990906674376544,0.227916331030451,0.0810682948074151,0.103151963776964,0.25
Zhou2020,CSPLDA,20,3,120,2,0.705277777777778,0.992137723837632,0.233460197768516,0.0365374924545058,0.0530772946859903,0.25
Zhou2020,CSPLDA,20,4,180,2,0.71037037037037,0.988206230003597,0.233308504991654,0.0291731109650594,0.0458646059734056,0.25
Zhou2020,CSPLDA,20,5,160,2,0.6840625,0.981535320020033,0.230529252904013,0.0268124975848641,0.046283244680851,0.25
Zhou2020,CSPSVM,13,0,120,2,0.662222222222222,0.860214326166175,0.266364163050945,0.0588888776151328,0.0425247145641882,0.25
Zhou2020,CSPSVM,13,1,120,2,0.703611111111111,0.878423457811774,0.232585120643851,0.0344903334865638,0.0519052128427129,0.25
Zhou2020,CSPSVM,13,2,100,2,0.6694,0.942802488584954,0.231643864826413,0.0249400598594499,0.0432961950330371,0.25
Zhou2020,CSPSVM,13,3,120,2,0.694166666666667,0.93256104061331,0.230479858059044,0.0262287043811988,0.0457488463221546,0.25
Zhou2020,CSPSVM,13,4,100,2,0.5368,0.968026587665701,0.253983782013634,0.0204234104966057,0.0164396284829721,0.25
Zhou2020,CSPSVM,13,5,120,2,0.604583333333333,0.957146193868344,0.241717384605073,0.0140811104571706,0.022363725852098,0.25
Zhou2020,CSPSVM,13,6,120,2,0.622222222222222,0.884113232656817,0.26216960564452,0.0332796663354632,0.021110060690943,0.25
Zhou2020,CSPSVM,14,0,120,2,0.524444444444444,0.981320003470294,0.253688187542063,0.01446077629093,0.0107725887488675,0.25
Zhou2020,CSPSVM,14,1,120,2,0.560833333333333,0.958364593451107,0.255077800735123,0.0250927384417078,0.0200149377065853,0.25
Zhou2020,CSPSVM,14,2,120,2,0.520277777777778,0.926753329293746,0.272217386741061,0.0371087397876558,0.014891353046595,0.25
Zhou2020,CSPSVM,14,3,120,2,0.644722222222222,0.948114077885878,0.241416836470617,0.0312609879764245,0.0398441515058074,0.25
Zhou2020,CSPSVM,14,4,120,2,0.5775,0.973728585780924,0.245493231271524,0.0255361732450616,0.0300429419735374,0.25
Zhou2020,CSPSVM,14,5,120,2,0.793055555555556,0.905782176407573,0.24135861121051,0.0770097656116644,0.0856511544011545,0.25
Zhou2020,CSPSVM,14,6,120,2,0.410833333333333,0.957674638348088,0.267792750904987,0.0264184818991392,0.00862573099415201,0.25
Zhou2020,CSPSVM,15,0,120,2,0.846666666666667,0.907659544457953,0.218639374942432,0.0730763037543606,0.104436928811929,0.25
Zhou2020,CSPSVM,15,1,120,2,0.845555555555556,0.969460887978561,0.20139333767363,0.0615921394165499,0.110198801742919,0.25
Zhou2020,CSPSVM,15,2,100,2,0.8268,0.962210147634665,0.221098115826196,0.0806103423384222,0.109512226512227,0.25
Zhou2020,CSPSVM,15,3,120,2,0.731527777777778,0.954726401019984,0.22383351883275,0.0284928993073481,0.0546593804745979,0.25
Zhou2020,CSPSVM,15,4,120,2,0.957777777777778,0.898037704102486,0.145069408385815,0.0842223612336212,0.189152952847806,0.25
Zhou2020,CSPSVM,15,5,120,2,0.784583333333333,0.962324982884474,0.204100814855783,0.0474419960917011,0.0933411812359181,0.25
Zhou2020,CSPSVM,15,6,120,2,0.850555555555556,0.843507464968921,0.209857250636945,0.0929295146302618,0.133072263993317,0.25
Zhou2020,CSPSVM,16,0,120,2,0.548611111111111,0.950726948928125,0.258005678642057,0.0248019023205572,0.0167962236785003,0.25
Zhou2020,CSPSVM,16,1,120,2,0.590555555555556,0.926303195061835,0.259340364601532,0.0338990763300552,0.0245587117285231,0.25
Zhou2020,CSPSVM,16,2,120,2,0.539444444444444,0.868361560556567,0.290862400885207,0.0521877735139328,0.0113253726287263,0.25
Zhou2020,CSPSVM,16,3,120,2,0.596805555555556,0.933526346254315,0.257965454028438,0.0351178717831739,0.0271524177547363,0.25
Zhou2020,CSPSVM,16,4,120,2,0.605833333333333,0.874171307769522,0.280150685144379,0.0496314884114146,0.0194808032670351,0.25
Zhou2020,CSPSVM,16,5,120,2,0.601388888888889,0.808050457721863,0.306590059698404,0.0798007309177964,0.0232106712193922,0.25
Zhou2020,CSPSVM,16,6,120,2,0.594722222222222,0.868599070137091,0.266340102786177,0.0422671723953114,0.0259270696091349,0.25
Zhou2020,CSPSVM,17,0,146,2,0.624225352112676,0.933222113180792,0.242734044309304,0.0148948490993423,0.0219731523224082,0.24981234753237
Zhou2020,CSPSVM,17,1,120,2,0.51625,0.890070488087575,0.280256421788726,0.0458428415418125,0.0155864197530864,0.25
Zhou2020,CSPSVM,17,2,120,2,0.43625,0.912801508781476,0.297925277409068,0.0481050042243092,0.000179726815240838,0.25
Zhou2020,CSPSVM,17,3,120,2,0.393333333333333,0.887776282324643,0.31953558666761,0.0744151343568918,0.0048795476892822,0.25
Zhou2020,CSPSVM,17,4,120,2,0.417083333333333,0.940549339482781,0.286820044946029,0.039341088717073,0.00252104377104378,0.25
Zhou2020,CSPSVM,17,5,120,2,0.303194444444444,0.913884930087144,0.331378789625955,0.0813787896259554,0,0.25
Zhou2020,CSPSVM,17,6,120,2,0.401388888888889,0.8895610289899,0.318293221226043,0.069409292654614,0.00111607142857142,0.25
Zhou2020,CSPSVM,18,0,120,2,0.576111111111111,0.965663007231819,0.248142600835874,0.0144055794212082,0.0162629785853342,0.25
Zhou2020,CSPSVM,18,1,120,2,0.578333333333333,0.972499413032,0.246293116372793,0.0129586556945823,0.0166655393217893,0.25
Zhou2020,CSPSVM,18,2,120,2,0.656388888888889,0.978144214819641,0.234218247798561,0.0220938014255495,0.0378755536269884,0.25
Zhou2020,CSPSVM,18,3,120,2,0.550972222222222,0.965874066032859,0.253654084364165,0.0167314930665732,0.0130774087024087,0.25
Zhou2020,CSPSVM,18,4,120,2,0.68,0.973156741682046,0.229023225379338,0.0160899641960769,0.0370667388167388,0.25
Zhou2020,CSPSVM,18,5,120,2,0.553888888888889,0.969898010653007,0.249846262641715,0.0141857784898514,0.0143395158481365,0.25
Zhou2020,CSPSVM,18,6,120,2,0.555972222222222,0.967658768613408,0.251067892167516,0.0242623366119604,0.0231944444444444,0.25
Zhou2020,CSPSVM,19,0,120,2,0.540277777777778,0.910354757984504,0.27353845749373,0.038425078808923,0.0148866213151927,0.25
Zhou2020,CSPSVM,19,1,120,2,0.6825,0.977697102352427,0.231253221658913,0.0276852225720458,0.046432000913133,0.25
Zhou2020,CSPSVM,19,2,120,2,0.603333333333333,0.865281007920805,0.270212554515681,0.047346296269958,0.0271337417542775,0.25
Zhou2020,CSPSVM,19,3,120,2,0.6425,0.830069013003722,0.280556615660148,0.0613430193689183,0.0307864037087703,0.25
Zhou2020,CSPSVM,19,4,120,2,0.558888888888889,0.905817097735007,0.267006066797565,0.0291539796486025,0.0121479128510379,0.25
Zhou2020,CSPSVM,19,5,120,2,0.559722222222222,0.869160443081423,0.275872461065462,0.0390302754732766,0.0131578144078144,0.25
Zhou2020,CSPSVM,19,6,120,2,0.755277777777778,0.767840453492739,0.292677797471589,0.108661741773947,0.0659839443023586,0.25
Zhou2020,CSPSVM,20,0,120,2,0.668333333333333,0.974531031044963,0.231339527974765,0.0218930644160383,0.0405535364412737,0.25
Zhou2020,CSPSVM,20,1,120,2,0.685416666666667,0.976038334090134,0.23040054567524,0.0215853382345062,0.0411847925592666,0.25
Zhou2020,CSPSVM,20,2,120,2,0.769027777777778,0.958078994062956,0.213888275885741,0.0419110031584684,0.0780227272727273,0.25
Zhou2020,CSPSVM,20,3,120,2,0.684444444444444,0.971444381110071,0.228977818904486,0.0230337629604299,0.0440559440559441,0.25
Zhou2020,CSPSVM,20,4,180,2,0.715679012345679,0.925030178025576,0.232297157985273,0.0341908507539938,0.0518936927687209,0.25
Zhou2020,CSPSVM,20,5,160,2,0.6665625,0.907500975191071,0.228884666630164,0.0192926527412749,0.0404079861111111,0.25
Zhou2020,DCNN,13,0,120,2,0.713888888888889,0.834495556243331,0.213754162521598,0.0273458775195626,0.063591714997965,0.25
Zhou2020,DCNN,13,1,120,2,0.785555555555556,0.840746394823457,0.192284462074692,0.0200277445728763,0.0777432824981844,0.25
Zhou2020,DCNN,13,2,100,2,0.7504,0.776397418762598,0.201061630275445,0.024090286401927,0.0730286561264822,0.25
Zhou2020,DCNN,13,3,120,2,0.796666666666667,0.746400330217009,0.191542763185368,0.0279510319192178,0.0864082687338501,0.25
Zhou2020,DCNN,13,4,100,2,0.7108,0.802724824876867,0.2210314631127,0.0299956851651575,0.0589642220524574,0.25
Zhou2020,DCNN,13,5,120,2,0.6975,0.766965729029813,0.226916067292167,0.0307644078729637,0.0538483405807967,0.25
Zhou2020,DCNN,13,6,120,2,0.718055555555556,0.752487046899285,0.224845615142685,0.0284703018594774,0.053624686716792,0.25
Zhou2020,DCNN,14,0,120,2,0.805277777777778,0.817020107091919,0.178503163132644,0.0167234613529421,0.0882202982202983,0.25
Zhou2020,DCNN,14,1,120,2,0.746111111111111,0.848991735619064,0.197999429716284,0.0180277557396763,0.0700283260233918,0.25
Zhou2020,DCNN,14,2,120,2,0.593611111111111,0.927173639010418,0.249334286843071,0.0274241830579668,0.0280898962148962,0.25
Zhou2020,DCNN,14,3,120,2,0.908055555555556,0.723532675527986,0.136332619251175,0.0293953898139456,0.143062770562771,0.25
Zhou2020,DCNN,14,4,120,2,0.744444444444444,0.880767418059302,0.200744478598006,0.0296532087567367,0.0789087301587302,0.25
Zhou2020,DCNN,14,5,120,2,0.910277777777778,0.782246075128771,0.153163881186301,0.0445746463470658,0.141410765160765,0.25
Zhou2020,DCNN,14,6,120,2,0.894444444444444,0.744691459371729,0.147364213748731,0.0277400878746055,0.130375874125874,0.25
Zhou2020,DCNN,15,0,120,2,0.98,0.44078940266186,0.066653937444393,0.0234216142120698,0.206767676767677,0.25
Zhou2020,DCNN,15,1,120,2,0.969722222222222,0.558181879337584,0.0829970606271109,0.0223549249849752,0.189357864357864,0.25
Zhou2020,DCNN,15,2,100,2,0.9408,0.485932408057929,0.102708951473552,0.0226137133783143,0.169904761904762,0.25
Zhou2020,DCNN,15,3,120,2,0.882777777777778,0.616301947165435,0.139851910630636,0.0117164506385588,0.121864540007922,0.25
Zhou2020,DCNN,15,4,120,2,0.996666666666667,0.325794079495452,0.0307325338670997,0.0119825338670998,0.23125,0.25
Zhou2020,DCNN,15,5,120,2,0.971111111111111,0.398100049808678,0.0616992224599739,0.0131484978222927,0.201449275362319,0.25
Zhou2020,DCNN,15,6,120,2,0.990277777777778,0.478330669603156,0.0771205335402369,0.0491046605243639,0.221984126984127,0.25
Zhou2020,DCNN,16,0,120,2,0.690277777777778,0.77238162255391,0.247875667385278,0.0399220238066342,0.0420463564213564,0.25
Zhou2020,DCNN,16,1,120,2,0.656666666666667,0.790940718648915,0.245569012287634,0.0375576719756472,0.0419886596880131,0.25
Zhou2020,DCNN,16,2,120,2,0.46,0.788010461368388,0.327370761297975,0.0817268219040358,0.00435606060606061,0.25
Zhou2020,DCNN,16,3,120,2,0.613611111111111,0.83263823195965,0.25895674793958,0.0317913252396744,0.0228345773000945,0.25
Zhou2020,DCNN,16,4,120,2,0.750277777777778,0.718376536224716,0.254983764171274,0.0666754357894165,0.0616916716181422,0.25
Zhou2020,DCNN,16,5,120,2,0.594444444444444,0.77266529713763,0.28503602119589,0.0686471323070007,0.0336111111111111,0.25
Zhou2020,DCNN,16,6,120,2,0.6775,0.630731071986848,0.25441781647365,0.0474832063977354,0.0430653899240856,0.25
Zhou2020,DCNN,17,0,146,2,0.646572769953052,0.584657388528177,0.281269367451341,0.0648471977012978,0.0333901777823266,0.24981234753237
Zhou2020,DCNN,17,1,120,2,0.577777777777778,0.590945143725247,0.331297414801835,0.103751521082029,0.0224541062801933,0.25
Zhou2020,DCNN,17,2,120,2,0.572222222222222,0.629214573927453,0.314881735891137,0.0771489566647136,0.0122672207735767,0.25
Zhou2020,DCNN,17,3,120,2,0.499166666666667,0.620772172855046,0.36246388300975,0.117468713927624,0.0050048309178744,0.25
Zhou2020,DCNN,17,4,120,2,0.612222222222222,0.6182018085921,0.303130645567679,0.0791033517233124,0.025972706155633,0.25
Zhou2020,DCNN,17,5,120,2,0.561388888888889,0.701631603552265,0.309489299792511,0.0731996172528282,0.0137103174603175,0.25
Zhou2020,DCNN,17,6,120,2,0.489166666666667,0.620831250121973,0.375625314844506,0.130029802685527,0.00440448784102035,0.25
Zhou2020,DCNN,18,0,120,2,0.918055555555556,0.581780122745372,0.122833633120695,0.0259233597520881,0.153089726631393,0.25
Zhou2020,DCNN,18,1,120,2,0.831388888888889,0.691299336764607,0.180417803779057,0.031860812495251,0.101443008716194,0.25
Zhou2020,DCNN,18,2,120,2,0.828055555555556,0.65018746432214,0.180624567567604,0.027081166524203,0.096456598956599,0.25
Zhou2020,DCNN,18,3,120,2,0.919444444444444,0.59416317211593,0.117019848409273,0.0183113347007594,0.151291486291486,0.25
Zhou2020,DCNN,18,4,120,2,0.948611111111111,0.537045849078968,0.0934125058807143,0.0153437228119313,0.171931216931217,0.25
Zhou2020,DCNN,18,5,120,2,0.933611111111111,0.583195336805394,0.115834247124171,0.0278249878649114,0.161990740740741,0.25
Zhou2020,DCNN,18,6,120,2,0.923611111111111,0.522001529513248,0.109381193290466,0.0150100782943513,0.155628885003885,0.25
Zhou2020,DCNN,19,0,120,2,0.76,0.858972628156706,0.199266963820124,0.0171184804951701,0.0678515166750461,0.25
Zhou2020,DCNN,19,1,120,2,0.764444444444444,0.841323429739576,0.198238356684897,0.0192203993336064,0.0709820426487093,0.25
Zhou2020,DCNN,19,2,120,2,0.804444444444444,0.759843117546455,0.183151246692156,0.0228234590114271,0.0896722123192711,0.25
Zhou2020,DCNN,19,3,120,2,0.8675,0.717694356836997,0.150357664431054,0.019546877995268,0.119189213564214,0.25
Zhou2020,DCNN,19,4,120,2,0.839166666666667,0.773549983151165,0.165370306028289,0.020238542796681,0.104868236768392,0.25
Zhou2020,DCNN,19,5,120,2,0.906944444444444,0.774257576683864,0.134916071465497,0.0287590106613773,0.14384293919588,0.25
Zhou2020,DCNN,19,6,120,2,0.923055555555556,0.681142822882251,0.122952971646523,0.0396425041668483,0.166689532520325,0.25
Zhou2020,DCNN,20,0,120,2,0.783055555555556,0.738642392699833,0.228938506434362,0.0604636479595035,0.0815251415251415,0.25
Zhou2020,DCNN,20,1,120,2,0.891111111111111,0.614889456327766,0.135338292320172,0.0147466617285414,0.129408369408369,0.25
Zhou2020,DCNN,20,2,120,2,0.857222222222222,0.571141043942286,0.150056867135083,0.0219124016468673,0.121855534511785,0.25
Zhou2020,DCNN,20,3,120,2,0.875277777777778,0.568867998186704,0.176066044361493,0.0468200126154609,0.120753968253968,0.25
Zhou2020,DCNN,20,4,180,2,0.834938271604938,0.600024589624678,0.170057012901608,0.0174433027001788,0.0973862897985705,0.25
Zhou2020,DCNN,20,5,160,2,0.83453125,0.572322417835939,0.168280446327324,0.0185908419502196,0.100310395622896,0.25
Zhou2020,SCNN,13,0,120,2,0.6775,0.737392939504825,0.26432220151504,0.0548505239551267,0.0405283224400871,0.25
Zhou2020,SCNN,13,1,120,2,0.799166666666667,0.750650558411992,0.21175532096556,0.0518893365601017,0.0901340155945419,0.25
Zhou2020,SCNN,13,2,100,2,0.7256,0.776482490570713,0.216031985305658,0.0274642197378923,0.0614322344322344,0.25
Zhou2020,SCNN,13,3,120,2,0.8075,0.73884969503608,0.201482849819508,0.0411040619407203,0.0896212121212121,0.25
Zhou2020,SCNN,13,4,100,2,0.6676,0.809742002165644,0.238655453105286,0.0319821988233364,0.0433267457180501,0.25
Zhou2020,SCNN,13,5,120,2,0.714444444444444,0.78833916584554,0.232278889663695,0.0313523699983645,0.0490734803346696,0.25
Zhou2020,SCNN,13,6,120,2,0.641666666666667,0.778240985207738,0.258272974247853,0.0370535406178936,0.0287805663700408,0.25
Zhou2020,SCNN,14,0,120,2,0.735833333333333,0.717233177598177,0.237366695764914,0.0503064816083296,0.0629397858434154,0.25
Zhou2020,SCNN,14,1,120,2,0.762222222222222,0.77335502532402,0.204149341318369,0.0360382302072577,0.0818888888888889,0.25
Zhou2020,SCNN,14,2,120,2,0.606944444444444,0.830905869799885,0.265707059705651,0.03796753563634,0.0222604759306887,0.25
Zhou2020,SCNN,14,3,120,2,0.851388888888889,0.701527266070594,0.157478437769478,0.019523512577711,0.112045074808233,0.25
Zhou2020,SCNN,14,4,120,2,0.723888888888889,0.805382328214497,0.21653430598005,0.0251384025008136,0.0586040965207632,0.25
Zhou2020,SCNN,14,5,120,2,0.868333333333333,0.700888306134351,0.15921567118039,0.0280716219928622,0.118855950812473,0.25
Zhou2020,SCNN,14,6,120,2,0.833888888888889,0.735752493574811,0.167903965989123,0.0179833071460506,0.100079341156927,0.25
Zhou2020,SCNN,15,0,120,2,0.953611111111111,0.618978374231179,0.0968445439488106,0.0394727490770157,0.192628205128205,0.25
Zhou2020,SCNN,15,1,120,2,0.94,0.724274771969065,0.112065372290147,0.0238096002843752,0.161744227994228,0.25
Zhou2020,SCNN,15,2,100,2,0.8792,0.728762176400275,0.143308780932218,0.0285651911886283,0.13525641025641,0.25
Zhou2020,SCNN,15,3,120,2,0.937222222222222,0.723460678674897,0.11305202091186,0.0308461385589186,0.167794117647059,0.25
Zhou2020,SCNN,15,4,120,2,0.9725,0.565922574911066,0.0745360198058499,0.0269398659596961,0.202403846153846,0.25
Zhou2020,SCNN,15,5,120,2,0.973055555555556,0.589669965488359,0.0763076952744636,0.0284928385625481,0.202185143288084,0.25
Zhou2020,SCNN,15,6,120,2,0.939166666666667,0.715121743436672,0.114217892233265,0.0244699930736015,0.160252100840336,0.25
Zhou2020,SCNN,16,0,120,2,0.679166666666667,0.704686709163046,0.247994870039031,0.0351855972481408,0.0371907272091096,0.25
Zhou2020,SCNN,16,1,120,2,0.626666666666667,0.7074739683168,0.272431292968736,0.0522458125994316,0.0298145196306961,0.25
Zhou2020,SCNN,16,2,120,2,0.550833333333333,0.784931017147144,0.294119001353316,0.0547043188136336,0.0105853174603175,0.25
Zhou2020,SCNN,16,3,120,2,0.565277777777778,0.765863956392324,0.290642016219129,0.0541889618738781,0.013546945654749,0.25
Zhou2020,SCNN,16,4,120,2,0.716111111111111,0.734588779762328,0.226601045072687,0.0415604777495105,0.064959432676824,0.25
Zhou2020,SCNN,16,5,120,2,0.641111111111111,0.713206528882825,0.273513392698825,0.0593521726552521,0.035838779956427,0.25
Zhou2020,SCNN,16,6,120,2,0.766388888888889,0.670220191459752,0.201558958590465,0.0258721454036523,0.0743131868131869,0.25
Zhou2020,SCNN,17,0,146,2,0.655586854460094,0.657050799269549,0.283682223933371,0.0656444666791083,0.0317745902781077,0.24981234753237
Zhou2020,SCNN,17,1,120,2,0.65,0.754171357475722,0.256752848092404,0.0420182378389256,0.0352653897465218,0.25
Zhou2020,SCNN,17,2,120,2,0.552777777777778,0.781500380442276,0.292790394050312,0.0573330653094014,0.0145426712590892,0.25
Zhou2020,SCNN,17,3,120,2,0.518055555555556,0.78592347873242,0.305151304619662,0.0644583979892553,0.00930709336959337,0.25
Zhou2020,SCNN,17,4,120,2,0.566666666666667,0.770361591032714,0.289116609441273,0.0536096649968289,0.0144930555555556,0.25
Zhou2020,SCNN,17,5,120,2,0.472777777777778,0.789098486269042,0.326915033854185,0.0894921943480126,0.0125771604938271,0.25
Zhou2020,SCNN,17,6,120,2,0.463333333333333,0.740560731538566,0.346749470788394,0.104326448948079,0.00757697815968492,0.25
Zhou2020,SCNN,18,0,120,2,0.858055555555556,0.706130383190439,0.164014434528543,0.0256231689313954,0.111608734402852,0.25
Zhou2020,SCNN,18,1,120,2,0.750277777777778,0.712308042991061,0.229335382869923,0.0443003406272198,0.0649649577572965,0.25
Zhou2020,SCNN,18,2,120,2,0.7725,0.683735291833376,0.234321319105648,0.0581479546600513,0.0738266355544032,0.25
Zhou2020,SCNN,18,3,120,2,0.890555555555556,0.652991321098849,0.151234292180038,0.039403640261151,0.138169348081113,0.25
Zhou2020,SCNN,18,4,120,2,0.911388888888889,0.648562424426786,0.124886706348725,0.0176781006842368,0.142791394335512,0.25
Zhou2020,SCNN,18,5,120,2,0.901111111111111,0.594628874535846,0.178962330937863,0.0681837114092435,0.13922138047138,0.25
Zhou2020,SCNN,18,6,120,2,0.901666666666667,0.62795300469394,0.157365289130968,0.0429593825375614,0.135594093406593,0.25
Zhou2020,SCNN,19,0,120,2,0.684166666666667,0.751547175948949,0.239518100088903,0.0360898737258943,0.046571773636991,0.25
Zhou2020,SCNN,19,1,120,2,0.649166666666667,0.760363626079251,0.250975661658604,0.0353727138817432,0.0343970522231392,0.25
Zhou2020,SCNN,19,2,120,2,0.769444444444444,0.730728125560134,0.215432852292773,0.0427175346646646,0.0772846823718916,0.25
Zhou2020,SCNN,19,3,120,2,0.8125,0.702029319214404,0.182592556313916,0.0231963574835065,0.0906038011695907,0.25
Zhou2020,SCNN,19,4,120,2,0.686111111111111,0.786170860916789,0.231937919797001,0.0295846809306042,0.0476467611336032,0.25
Zhou2020,SCNN,19,5,120,2,0.756111111111111,0.735233985766107,0.200873807933879,0.0278284906186641,0.0769546826847854,0.25
Zhou2020,SCNN,19,6,120,2,0.933055555555556,0.614183516127225,0.150770634272539,0.0641655827218355,0.163394948449296,0.25
Zhou2020,SCNN,20,0,120,2,0.706111111111111,0.726284688686686,0.256617088777053,0.0690450841687576,0.062427995391705,0.25
Zhou2020,SCNN,20,1,120,2,0.859722222222222,0.70084411873533,0.15144954692426,0.0168202179199313,0.115370670995671,0.25
Zhou2020,SCNN,20,2,120,2,0.795277777777778,0.572420352247347,0.197972485675491,0.0380143062830446,0.0900418206075533,0.25
Zhou2020,SCNN,20,3,120,2,0.826944444444444,0.58265342721627,0.213500979964843,0.0580626682765311,0.0945616883116883,0.25
Zhou2020,SCNN,20,4,180,2,0.826049382716049,0.585813044225113,0.184430998803686,0.0327475767799192,0.0983165779762329,0.25
Zhou2020,SCNN,20,5,160,2,0.83109375,0.619068128647098,0.168185005012446,0.0198490054875874,0.101664000475142,0.25
Zhou2020,TSBLR,13,0,120,2,0.677222222222222,0.906397914742205,0.233714096354167,0.0262791045441748,0.0425650081900082,0.25
Zhou2020,TSBLR,13,1,120,2,0.751944444444444,0.907762793868896,0.211801425520833,0.028288880717966,0.0664874551971326,0.25
Zhou2020,TSBLR,13,2,100,2,0.6952,0.926192286786457,0.2207332675,0.0177927913095238,0.0470595238095238,0.25
Zhou2020,TSBLR,13,3,120,2,0.75375,0.886365781888753,0.225617665104167,0.0415936142196507,0.065975949115484,0.25
Zhou2020,TSBLR,13,4,100,2,0.5502,0.926944531656461,0.2613662925,0.024876393510101,0.013510101010101,0.25
Zhou2020,TSBLR,13,5,120,2,0.510277777777778,0.892174484152935,0.278358757291667,0.038479608662518,0.0101208513708514,0.25
Zhou2020,TSBLR,13,6,120,2,0.6725,0.749251056854617,0.2928165453125,0.0789382630054251,0.0361217176929251,0.25
Zhou2020,TSBLR,14,0,120,2,0.735833333333333,0.836739026297017,0.229615856770833,0.0435956706327227,0.0639798138618893,0.25
Zhou2020,TSBLR,14,1,120,2,0.701944444444444,0.865175846406451,0.228143414583333,0.0327320897970086,0.0545886752136752,0.25
Zhou2020,TSBLR,14,2,120,2,0.492361111111111,0.919177892382227,0.2742217203125,0.0347015182922979,0.010479797979798,0.25
Zhou2020,TSBLR,14,3,120,2,0.874722222222222,0.85857707052235,0.159264209895833,0.0373095310708983,0.128045321175065,0.25
Zhou2020,TSBLR,14,4,120,2,0.679305555555556,0.87275700670826,0.246688866666667,0.0340886128899423,0.0373997462232756,0.25
Zhou2020,TSBLR,14,5,120,2,0.809583333333333,0.858541426460798,0.178794981770833,0.030732502135773,0.10193752036494,0.25
Zhou2020,TSBLR,14,6,120,2,0.883333333333333,0.891153868588037,0.1706403078125,0.0468506252728174,0.126210317460317,0.25
Zhou2020,TSBLR,15,0,120,2,0.911666666666667,0.903804687216238,0.158231281770833,0.052376303415855,0.144145021645022,0.25
Zhou2020,TSBLR,15,1,120,2,0.955416666666667,0.893941992120111,0.150864438541667,0.0804135005907287,0.179549062049062,0.25
Zhou2020,TSBLR,15,2,100,2,0.8728,0.871922586503157,0.17066214625,0.0581599817478355,0.137497835497836,0.25
Zhou2020,TSBLR,15,3,120,2,0.963472222222222,0.900337624499352,0.16038494375,0.0972738326388889,0.186888888888889,0.25
Zhou2020,TSBLR,15,4,120,2,0.985694444444444,0.803836262966056,0.1214262359375,0.0828151248263889,0.211388888888889,0.25
Zhou2020,TSBLR,15,5,120,2,0.934305555555556,0.909095584252434,0.150696739583333,0.0733391298727824,0.172642390289449,0.25
Zhou2020,TSBLR,15,6,120,2,0.924305555555556,0.89748915745363,0.158904591145833,0.0729778385003306,0.164073247354497,0.25
Zhou2020,TSBLR,16,0,120,2,0.591666666666667,0.898530087968091,0.261530679166667,0.0328521586131461,0.0213214794464795,0.25
Zhou2020,TSBLR,16,1,120,2,0.614722222222222,0.910633137865776,0.253811045833333,0.0289472114106754,0.025136165577342,0.25
Zhou2020,TSBLR,16,2,120,2,0.545277777777778,0.902802478496706,0.273760319791667,0.0370296558196234,0.0132693360279567,0.25
Zhou2020,TSBLR,16,3,120,2,0.642222222222222,0.900231168582155,0.248573190625,0.0372366105384199,0.0386634199134199,0.25
Zhou2020,TSBLR,16,4,120,2,0.512777777777778,0.824805652253231,0.3022064015625,0.0692499535657611,0.0170435520032611,0.25
Zhou2020,TSBLR,16,5,120,2,0.562638888888889,0.448353694782606,0.406433041145833,0.170783690496483,0.0143506493506494,0.25
Zhou2020,TSBLR,16,6,120,2,0.597083333333333,0.855976390127031,0.265933516666667,0.0414803916666667,0.025546875,0.25
Zhou2020,TSBLR,17,0,146,2,0.55906103286385,0.487714031181578,0.388383446489726,0.161711120844798,0.0231400218874417,0.24981234753237
Zhou2020,TSBLR,17,1,120,2,0.510138888888889,0.919856285441481,0.273323975520833,0.0333958480927059,0.0100718725718726,0.25
Zhou2020,TSBLR,17,2,120,2,0.503194444444444,0.860472910513362,0.2949529328125,0.0485451766291478,0.00359224381664774,0.25
Zhou2020,TSBLR,17,3,120,2,0.280972222222222,0.907996236406277,0.3452742296875,0.0952742296875,0,0.25
Zhou2020,TSBLR,17,4,120,2,0.371666666666667,0.894968892289544,0.318461830208333,0.0705626705444678,0.00210084033613445,0.25
Zhou2020,TSBLR,17,5,120,2,0.281527777777778,0.901558230203678,0.345074998958333,0.0950749989583334,0,0.25
Zhou2020,TSBLR,17,6,120,2,0.345833333333333,0.884009923228881,0.338057696354167,0.0880576963541667,0,0.25
Zhou2020,TSBLR,18,0,120,2,0.765,0.887351682470051,0.203036859895833,0.0217286889001623,0.068691829004329,0.25
Zhou2020,TSBLR,18,1,120,2,0.634027777777778,0.914384926187784,0.2359292703125,0.0156955783508669,0.0297663080383669,0.25
Zhou2020,TSBLR,18,2,120,2,0.764583333333333,0.882467529885183,0.217258497916667,0.0381770839745716,0.0709185860579049,0.25
Zhou2020,TSBLR,18,3,120,2,0.813472222222222,0.821630885048982,0.219076866666667,0.0638544672337409,0.0947776005670742,0.25
Zhou2020,TSBLR,18,4,120,2,0.865972222222222,0.88498495508925,0.170834514583333,0.0352077108315296,0.114373196248196,0.25
Zhou2020,TSBLR,18,5,120,2,0.775277777777778,0.878523359444679,0.195382419270833,0.0235382993384781,0.0781558800676448,0.25
Zhou2020,TSBLR,18,6,120,2,0.754444444444444,0.885186223131366,0.202510799479167,0.0308982829447751,0.0783874834656084,0.25
Zhou2020,TSBLR,19,0,120,2,0.625555555555556,0.884620141171656,0.256419836979167,0.0385875929704521,0.0321677559912854,0.25
Zhou2020,TSBLR,19,1,120,2,0.736111111111111,0.934231930702275,0.211331747916667,0.0197262584986772,0.0583945105820106,0.25
Zhou2020,TSBLR,19,2,120,2,0.729444444444444,0.872678050674916,0.227795863541667,0.0352826659549397,0.057486802413273,0.25
Zhou2020,TSBLR,19,3,120,2,0.803611111111111,0.866694022461864,0.208497373958333,0.0421018713128307,0.0836044973544973,0.25
Zhou2020,TSBLR,19,4,120,2,0.743611111111111,0.893349788848303,0.217769566666667,0.0309157342245989,0.0631461675579323,0.25
Zhou2020,TSBLR,19,5,120,2,0.728194444444444,0.887155914164349,0.226116203645833,0.0337587000383298,0.0576424963924964,0.25
Zhou2020,TSBLR,19,6,120,2,0.87,0.884030815245591,0.184925793229167,0.0582822747106482,0.123356481481481,0.25
Zhou2020,TSBLR,20,0,120,2,0.666944444444444,0.612769025886356,0.346832827604167,0.139672136182912,0.0428393085787452,0.25
Zhou2020,TSBLR,20,1,120,2,0.740277777777778,0.908737274053783,0.210826515104167,0.0174846773217918,0.0566581622176251,0.25
Zhou2020,TSBLR,20,2,120,2,0.797916666666667,0.888711557251343,0.194756230208333,0.0297669841415011,0.0850107539331677,0.25
Zhou2020,TSBLR,20,3,120,2,0.693888888888889,0.821264360988291,0.2549824171875,0.0534797210532249,0.0484973038657249,0.25
Zhou2020,TSBLR,20,4,180,2,0.756543209876543,0.882049129151619,0.210163194097222,0.0244163629556542,0.064253168858432,0.25
Zhou2020,TSBLR,20,5,160,2,0.76578125,0.901211226010513,0.205368816796875,0.0263111060689056,0.0709422892720306,0.25
Zhou2020,TSGP,13,0,120,2,0.619305555555556,0.919701504143401,0.240304625520833,0.0229534350446429,0.0326488095238095,0.25
Zhou2020,TSGP,13,1,120,2,0.761388888888889,0.894673490060402,0.211792653125,0.0292597976889187,0.0674671445639188,0.25
Zhou2020,TSGP,13,2,100,2,0.698,0.914373197283169,0.226959070625,0.0230087600659938,0.0460496894409938,0.25
Zhou2020,TSGP,13,3,120,2,0.720972222222222,0.917110563425201,0.217948265625,0.0266658267235135,0.0587175610985135,0.25
Zhou2020,TSGP,13,4,100,2,0.5126,0.894409714647375,0.280371159375,0.0363337262199198,0.00596256684491978,0.25
Zhou2020,TSGP,13,5,120,2,0.529305555555556,0.909172657397113,0.2695690375,0.0394595636405261,0.0198905261405261,0.25
Zhou2020,TSGP,13,6,120,2,0.619305555555556,0.674179046323551,0.329204547395833,0.104598223384747,0.0253936759889141,0.25
Zhou2020,TSGP,14,0,120,2,0.703611111111111,0.888506828325328,0.226997824479167,0.0258575874014296,0.0488597629222629,0.25
Zhou2020,TSGP,14,1,120,2,0.67,0.885526917516187,0.2344227703125,0.0300613700973187,0.0456385997848187,0.25
Zhou2020,TSGP,14,2,120,2,0.530277777777778,0.906273425312757,0.270191678125,0.0447810072530636,0.0245893291280636,0.25
Zhou2020,TSGP,14,3,120,2,0.85,0.855769457697954,0.1733700234375,0.0386808699983466,0.115310846560847,0.25
Zhou2020,TSGP,14,4,120,2,0.627361111111111,0.85358461456611,0.264667096875,0.0455564109339569,0.0308893140589569,0.25
Zhou2020,TSGP,14,5,120,2,0.788333333333333,0.852258831018512,0.183431732291667,0.0216817322916667,0.08825,0.25
Zhou2020,TSGP,14,6,120,2,0.837638888888889,0.909318807735143,0.183687455729167,0.039879568894964,0.106192113165797,0.25
Zhou2020,TSGP,15,0,120,2,0.848611111111111,0.890496689866547,0.203534593229167,0.0592915677361412,0.105756974506975,0.25
Zhou2020,TSGP,15,1,120,2,0.915277777777778,0.929242232825672,0.173159598958333,0.0687572420559765,0.145597643097643,0.25
Zhou2020,TSGP,15,2,100,2,0.8356,0.935125562655856,0.18770606125,0.0401238101677489,0.102417748917749,0.25
Zhou2020,TSGP,15,3,120,2,0.891944444444444,0.930139264258048,0.1757579140625,0.0727536277248804,0.14699571366238,0.25
Zhou2020,TSGP,15,4,120,2,0.978611111111111,0.881176374284565,0.150287588020833,0.101331035314281,0.201043447293447,0.25
Zhou2020,TSGP,15,5,120,2,0.914305555555556,0.931348827899486,0.168306728125,0.0702974688657407,0.151990740740741,0.25
Zhou2020,TSGP,15,6,120,2,0.876805555555556,0.922909387730791,0.184576335416667,0.0571632161285474,0.122586880711881,0.25
Zhou2020,TSGP,16,0,120,2,0.512083333333333,0.940175435332747,0.266732049479167,0.0257536565270895,0.00902160704792282,0.25
Zhou2020,TSGP,16,1,120,2,0.628888888888889,0.9146266482585,0.251323246354167,0.0235454685763888,0.0222222222222222,0.25
Zhou2020,TSGP,16,2,120,2,0.516527777777778,0.852522658746954,0.298932305208333,0.0602337815098097,0.0113014763014763,0.25
Zhou2020,TSGP,16,3,120,2,0.610972222222222,0.794642787005857,0.291780018229167,0.0630744846323287,0.0212944664031621,0.25
Zhou2020,TSGP,16,4,120,2,0.514027777777778,0.945478948414069,0.263767230729167,0.0242136593005953,0.0104464285714286,0.25
Zhou2020,TSGP,16,5,120,2,0.584166666666667,0.535770895914521,0.378990338541667,0.152076669322505,0.0230863307808388,0.25
Zhou2020,TSGP,16,6,120,2,0.579305555555556,0.852068970262246,0.268952855208333,0.0382861885416667,0.0193333333333333,0.25
Zhou2020,TSGP,17,0,146,2,0.531267605633803,0.116262642635542,0.470859742722603,0.226911992389593,0.00586459719936017,0.24981234753237
Zhou2020,TSGP,17,1,120,2,0.514583333333333,0.896640402855158,0.279747284375,0.0369319022933136,0.00718461791831357,0.25
Zhou2020,TSGP,17,2,120,2,0.488055555555556,0.932229214559331,0.277835544791667,0.0346051526348039,0.00676960784313724,0.25
Zhou2020,TSGP,17,3,120,2,0.2775,0.861278230011576,0.358303458333333,0.110404298669468,0.00210084033613445,0.25
Zhou2020,TSGP,17,4,120,2,0.373333333333333,0.822815474631742,0.3373348703125,0.0901126480902777,0.00277777777777777,0.25
Zhou2020,TSGP,17,5,120,2,0.319861111111111,0.893747655924201,0.334348421875,0.0871980387332376,0.00284961685823759,0.25
Zhou2020,TSGP,17,6,120,2,0.394305555555556,0.870264845231499,0.3266730484375,0.0787738887736344,0.00210084033613445,0.25
Zhou2020,TSGP,18,0,120,2,0.728611111111111,0.899299756471293,0.212186969791667,0.0214558469449973,0.0592688771533306,0.25
Zhou2020,TSGP,18,1,120,2,0.581666666666667,0.913578559742621,0.24973399375,0.029314372000591,0.029580378250591,0.25
Zhou2020,TSGP,18,2,120,2,0.710416666666667,0.901475353474844,0.2189816015625,0.0169928958237942,0.0480112942612942,0.25
Zhou2020,TSGP,18,3,120,2,0.805972222222222,0.812890534524213,0.2190268234375,0.0615303248380602,0.0925035014005602,0.25
Zhou2020,TSGP,18,4,120,2,0.855833333333333,0.896219387224826,0.177055552604167,0.0408239349571079,0.113768382352941,0.25
Zhou2020,TSGP,18,5,120,2,0.747222222222222,0.875655133520852,0.205410644270833,0.026214074981179,0.0708034307103456,0.25
Zhou2020,TSGP,18,6,120,2,0.733055555555556,0.889735862517,0.21062475,0.0208396970899471,0.0602149470899471,0.25
Zhou2020,TSGP,19,0,120,2,0.626944444444444,0.861149334382003,0.260989213541667,0.0475561149501174,0.0365669014084507,0.25
Zhou2020,TSGP,19,1,120,2,0.697222222222222,0.935986257105814,0.226826144791667,0.0216999276381386,0.0448737828464719,0.25
Zhou2020,TSGP,19,2,120,2,0.696805555555556,0.844471700220806,0.257609684895833,0.0536184402498268,0.0460087553539935,0.25
Zhou2020,TSGP,19,3,120,2,0.778472222222222,0.886981439675587,0.21547119375,0.0403722323925497,0.0749010386425497,0.25
Zhou2020,TSGP,19,4,120,2,0.694305555555556,0.907252316184315,0.224793213541667,0.0234585907176821,0.0486653771760155,0.25
Zhou2020,TSGP,19,5,120,2,0.719166666666667,0.892278293983915,0.229757852083333,0.030024055787037,0.0502662037037037,0.25
Zhou2020,TSGP,19,6,120,2,0.805833333333333,0.86457428083472,0.218283554166667,0.0557715374385168,0.0874879832718501,0.25
Zhou2020,TSGP,20,0,120,2,0.631805555555556,0.762127949133795,0.302981131770833,0.0837446492990568,0.0307635175282234,0.25
Zhou2020,TSGP,20,1,120,2,0.697361111111111,0.900147436745071,0.226583891145833,0.033140248500063,0.0565563573542297,0.25
Zhou2020,TSGP,20,2,120,2,0.785277777777778,0.881456217369167,0.193152286458333,0.0185658867469337,0.0754136002886003,0.25
Zhou2020,TSGP,20,3,120,2,0.6775,0.854203507016835,0.24622016875,0.0319676708159605,0.0357475020659605,0.25
Zhou2020,TSGP,20,4,180,2,0.757407407407407,0.875561014065995,0.206267652430556,0.0205924798954279,0.0643248274648723,0.25
Zhou2020,TSGP,20,5,160,2,0.737421875,0.904463077472712,0.208442425,0.0165442633212532,0.0581018383212532,0.25
Zhou2020,TSLR,13,0,120,2,0.681944444444444,0.815865941500965,0.240493637946559,0.0331787357502647,0.0426850978037062,0.25
Zhou2020,TSLR,13,1,120,2,0.710555555555556,0.798147926323441,0.225584305177752,0.0298858328623049,0.0543015276845527,0.25
Zhou2020,TSLR,13,2,100,2,0.7044,0.849649578270559,0.220115177078599,0.0150607870242089,0.04494560994561,0.25
Zhou2020,TSLR,13,3,120,2,0.753055555555556,0.65560253101122,0.293396393938344,0.108805132486617,0.0654087385482734,0.25
Zhou2020,TSLR,13,4,100,2,0.5588,0.850880775921912,0.279268025949382,0.0385365627101789,0.00926853676079681,0.25
Zhou2020,TSLR,13,5,120,2,0.520555555555556,0.649798113023219,0.342587614704759,0.109503749739315,0.0169161350345561,0.25
Zhou2020,TSLR,13,6,120,2,0.703888888888889,0.63929793795316,0.30391880810678,0.101589365569004,0.0476705574622241,0.25
Zhou2020,TSLR,14,0,120,2,0.753055555555556,0.595711500645479,0.288166680710765,0.10647278092863,0.0683061002178649,0.25
Zhou2020,TSLR,14,1,120,2,0.721944444444444,0.692144936000501,0.263465622632474,0.0747676949946261,0.0613020723621518,0.25
Zhou2020,TSLR,14,2,120,2,0.487777777777778,0.848127163406286,0.299179184309047,0.0541034267332897,0.00492424242424241,0.25
Zhou2020,TSLR,14,3,120,2,0.880277777777778,0.725589036808781,0.14378091100062,0.0240133661391865,0.130232455138567,0.25
Zhou2020,TSLR,14,4,120,2,0.681666666666667,0.713422018856175,0.283804294905011,0.0752488990624638,0.0414446041574524,0.25
Zhou2020,TSLR,14,5,120,2,0.815555555555556,0.737096363771748,0.189957512639208,0.0366669143486099,0.0967094017094017,0.25
Zhou2020,TSLR,14,6,120,2,0.900833333333333,0.788612938455755,0.142790270245212,0.029520669475611,0.136730399230399,0.25
Zhou2020,TSLR,15,0,120,2,0.925833333333333,0.777301921062703,0.133353457263567,0.0382377165228259,0.154884259259259,0.25
Zhou2020,TSLR,15,1,120,2,0.943055555555556,0.778064744244079,0.152886616546467,0.0696194207792708,0.166732804232804,0.25
Zhou2020,TSLR,15,2,100,2,0.8728,0.644993812061631,0.227605390645436,0.113996322017985,0.136390931372549,0.25
Zhou2020,TSLR,15,3,120,2,0.984166666666667,0.835713830732938,0.145726430953749,0.110552819842638,0.214826388888889,0.25
Zhou2020,TSLR,15,4,120,2,0.979166666666667,0.653529833862032,0.12966713501511,0.082444912792888,0.202777777777778,0.25
Zhou2020,TSLR,15,5,120,2,0.926666666666667,0.771886715911612,0.178947437051923,0.0991554892336594,0.170208052181736,0.25
Zhou2020,TSLR,15,6,120,2,0.918611111111111,0.832268653040004,0.13630468803907,0.0457483611959787,0.159443673156908,0.25
Zhou2020,TSLR,16,0,120,2,0.621944444444444,0.67244734334359,0.312867938021848,0.0859059277145862,0.023037989692738,0.25
Zhou2020,TSLR,16,1,120,2,0.584166666666667,0.821072890568995,0.278553741083861,0.0487729202316117,0.0202191791477506,0.25
Zhou2020,TSLR,16,2,120,2,0.532777777777778,0.886490710716641,0.274577553972649,0.041429405824501,0.0168518518518519,0.25
Zhou2020,TSLR,16,3,120,2,0.659166666666667,0.790271243735857,0.258768460796532,0.0455584808586112,0.0367900200620789,0.25
Zhou2020,TSLR,16,4,120,2,0.539166666666667,0.721445994263571,0.325938692591047,0.0905098651460907,0.0145711725550435,0.25
Zhou2020,TSLR,16,5,120,2,0.536111111111111,0.0828340236063308,0.488371234076248,0.251212912837738,0.0128416787614901,0.25
Zhou2020,TSLR,16,6,120,2,0.568333333333333,0.721918185666237,0.299377936901385,0.0696492396726877,0.0202713027713028,0.25
Zhou2020,TSLR,17,0,146,2,0.553051643192488,0.0670651383332796,0.477250351487551,0.244252071228997,0.0168140672738158,0.24981234753237
Zhou2020,TSLR,17,1,120,2,0.4925,0.816137555030766,0.309981734252848,0.0701248318959458,0.0101430976430977,0.25
Zhou2020,TSLR,17,2,120,2,0.507777777777778,0.268554263597928,0.450663033232947,0.203162238078018,0.00249920484507091,0.25
Zhou2020,TSLR,17,3,120,2,0.304166666666667,0.811114337762583,0.397936963131153,0.147936963131153,0,0.25
Zhou2020,TSLR,17,4,120,2,0.373611111111111,0.782284293130304,0.368611878626024,0.120713018227164,0.00210113960113961,0.25
Zhou2020,TSLR,17,5,120,2,0.293055555555556,0.676029518158104,0.437461034023729,0.187461034023729,0,0.25
Zhou2020,TSLR,17,6,120,2,0.341944444444444,0.687997947851483,0.409258976068268,0.159258976068268,0,0.25
Zhou2020,TSLR,18,0,120,2,0.7775,0.713913925909581,0.231942335674625,0.058498655172121,0.076556319497496,0.25
Zhou2020,TSLR,18,1,120,2,0.669444444444444,0.801547466428453,0.24743196062615,0.0336059513640943,0.0361739907379442,0.25
Zhou2020,TSLR,18,2,120,2,0.775277777777778,0.747323521467489,0.2483779125007,0.0757121264138615,0.0773342139131613,0.25
Zhou2020,TSLR,18,3,120,2,0.81,0.562963485900736,0.285877587301408,0.120885526486979,0.0850079391855708,0.25
Zhou2020,TSLR,18,4,120,2,0.873333333333333,0.681760297227003,0.208601202930447,0.0805026231476565,0.12190142021721,0.25
Zhou2020,TSLR,18,5,120,2,0.791666666666667,0.74678389271337,0.200126191297405,0.0264577788132029,0.076331587515798,0.25
Zhou2020,TSLR,18,6,120,2,0.765,0.774990073101159,0.205086217051122,0.0311687333909914,0.0760825163398693,0.25
Zhou2020,TSLR,19,0,120,2,0.630833333333333,0.837448678626,0.257867720264561,0.0450339847066407,0.0371662644420797,0.25
Zhou2020,TSLR,19,1,120,2,0.778055555555556,0.871627085042631,0.192765669393938,0.01544321175898,0.0726775423650423,0.25
Zhou2020,TSLR,19,2,120,2,0.736388888888889,0.770919194682071,0.236882036793578,0.047527090269514,0.0606450534759359,0.25
Zhou2020,TSLR,19,3,120,2,0.824166666666667,0.761803787009655,0.202220794256504,0.046967340939303,0.0947465466827989,0.25
Zhou2020,TSLR,19,4,120,2,0.789444444444444,0.797224208219599,0.204169898962367,0.0385815621783777,0.0844116632160111,0.25
Zhou2020,TSLR,19,5,120,2,0.736944444444444,0.751705823226156,0.246089509999698,0.0527867016968893,0.0566971916971917,0.25
Zhou2020,TSLR,19,6,120,2,0.906388888888889,0.745452881173552,0.169787301885026,0.0650633983375927,0.145276096452567,0.25
Zhou2020,TSLR,20,0,120,2,0.667222222222222,0.260931980047147,0.441793057595426,0.231349604108494,0.0395565465130683,0.25
Zhou2020,TSLR,20,1,120,2,0.7525,0.838632860432291,0.20244652777082,0.0158761938901409,0.0634296661193213,0.25
Zhou2020,TSLR,20,2,120,2,0.766111111111111,0.805927623151145,0.20324097932544,0.0261597408471427,0.0729187615217027,0.25
Zhou2020,TSLR,20,3,120,2,0.696944444444444,0.720064027432858,0.271876838765166,0.0790431787145247,0.0571663399493588,0.25
Zhou2020,TSLR,20,4,180,2,0.720246913580247,0.793901425320914,0.227869640796917,0.0256402035674797,0.0477705627705628,0.25
Zhou2020,TSLR,20,5,160,2,0.75390625,0.814228656026957,0.208950086102254,0.0306351164973904,0.0716850303951368,0.25
Zhou2020,TSSVM,13,0,120,2,0.6525,0.882111691260123,0.238780220964575,0.0234507401006111,0.0346705191360364,0.25
Zhou2020,TSSVM,13,1,120,2,0.696944444444444,0.865747959872715,0.22861554725778,0.022849354028351,0.0442338067705715,0.25
Zhou2020,TSSVM,13,2,100,2,0.6996,0.905724257186192,0.217911170658535,0.0166968112305534,0.0487856405720183,0.25
Zhou2020,TSSVM,13,3,120,2,0.732222222222222,0.820387588838379,0.251139425653401,0.0587452457592211,0.0576058201058201,0.25
Zhou2020,TSSVM,13,4,100,2,0.5536,0.901280414113854,0.269981445382668,0.0344045223057447,0.0144230769230769,0.25
Zhou2020,TSSVM,13,5,120,2,0.516527777777778,0.764989057060317,0.315878120882004,0.0847670097708929,0.0188888888888889,0.25
Zhou2020,TSSVM,13,6,120,2,0.706111111111111,0.771045255403315,0.271386179108842,0.0704080393149125,0.0490218602060707,0.25
Zhou2020,TSSVM,14,0,120,2,0.753888888888889,0.724147687601072,0.260585995072792,0.0776113326200916,0.0670253375472996,0.25
Zhou2020,TSSVM,14,1,120,2,0.724166666666667,0.798298786619583,0.246040659424001,0.0615962149795567,0.0655555555555555,0.25
Zhou2020,TSSVM,14,2,120,2,0.480555555555556,0.909874399167028,0.284153287800497,0.0424301622359083,0.008276874435411,0.25
Zhou2020,TSSVM,14,3,120,2,0.875694444444444,0.827167278553672,0.154114178747316,0.0304173007796047,0.126303122032289,0.25
Zhou2020,TSSVM,14,4,120,2,0.699722222222222,0.807104963783373,0.265229990748872,0.0623664696436632,0.0471364788947909,0.25
Zhou2020,TSSVM,14,5,120,2,0.819444444444444,0.841524156076086,0.182318282095948,0.0291973670632683,0.0968790849673203,0.25
Zhou2020,TSSVM,14,6,120,2,0.889166666666667,0.871363027472118,0.156947545185277,0.0352511166138487,0.128303571428571,0.25
Zhou2020,TSSVM,15,0,120,2,0.927777777777778,0.886203949399099,0.146796610072932,0.0547604852781869,0.157963875205255,0.25
Zhou2020,TSSVM,15,1,120,2,0.943055555555556,0.871625175886541,0.166405217922599,0.0907107734781548,0.174305555555556,0.25
Zhou2020,TSSVM,15,2,100,2,0.8716,0.766285763679628,0.22234621943995,0.104084314678045,0.131738095238095,0.25
Zhou2020,TSSVM,15,3,120,2,0.970833333333333,0.916797852253263,0.163065873000689,0.106969858507935,0.193903985507246,0.25
Zhou2020,TSSVM,15,4,120,2,0.975277777777778,0.791963511642525,0.137939937857108,0.084467715634886,0.196527777777778,0.25
Zhou2020,TSSVM,15,5,120,2,0.9175,0.8670694331685,0.187680234063647,0.0957096737597536,0.158029439696106,0.25
Zhou2020,TSSVM,15,6,120,2,0.909166666666667,0.913005148504569,0.160989508035858,0.0624119008233825,0.151422392787524,0.25
Zhou2020,TSSVM,16,0,120,2,0.614444444444444,0.803608210841869,0.278924534252642,0.052605089808198,0.0236805555555556,0.25
Zhou2020,TSSVM,16,1,120,2,0.584861111111111,0.871803533297162,0.2652706295701,0.0356803081165715,0.020409678546471,0.25
Zhou2020,TSSVM,16,2,120,2,0.568888888888889,0.921842694337666,0.257211883833975,0.0290429466854724,0.0218310628514972,0.25
Zhou2020,TSSVM,16,3,120,2,0.649444444444444,0.841363773265003,0.255819662821619,0.0451042235451328,0.0392845607235142,0.25
Zhou2020,TSSVM,16,4,120,2,0.525833333333333,0.81965054276169,0.300314818342688,0.0655745586024284,0.0152597402597403,0.25
Zhou2020,TSSVM,16,5,120,2,0.529166666666667,0.190156661438735,0.469179525120749,0.230811772287271,0.0116322471665214,0.25
Zhou2020,TSSVM,16,6,120,2,0.57,0.79635224765477,0.285125133352994,0.0562362444641049,0.0211111111111111,0.25
Zhou2020,TSSVM,17,0,146,2,0.553990610328638,0.225359255694132,0.447714708951341,0.215540790806503,0.0176384293875315,0.24981234753237
Zhou2020,TSSVM,17,1,120,2,0.508888888888889,0.868644511906011,0.290984302613153,0.0475219176591713,0.00653761504601841,0.25
Zhou2020,TSSVM,17,2,120,2,0.504444444444444,0.557262857152149,0.381773633948057,0.134968564017987,0.00319493006993007,0.25
Zhou2020,TSSVM,17,3,120,2,0.319444444444444,0.877229420913672,0.357246464527293,0.107246464527293,0,0.25
Zhou2020,TSSVM,17,4,120,2,0.3775,0.85828546337816,0.335143925542698,0.0893812136782909,0.00423728813559321,0.25
Zhou2020,TSSVM,17,5,120,2,0.298888888888889,0.800225051847502,0.390505009715716,0.140505009715716,0,0.25
Zhou2020,TSSVM,17,6,120,2,0.361666666666667,0.797073027727583,0.364553750087592,0.114553750087592,0,0.25
Zhou2020,TSSVM,18,0,120,2,0.770833333333333,0.81245251659179,0.227984736105061,0.050656207146097,0.0726714710410362,0.25
Zhou2020,TSSVM,18,1,120,2,0.687777777777778,0.880395975108799,0.237429915030242,0.0288953939957211,0.041465478965479,0.25
Zhou2020,TSSVM,18,2,120,2,0.770555555555556,0.846767524271018,0.232715552007806,0.0594452550532988,0.0767297030454925,0.25
Zhou2020,TSSVM,18,3,120,2,0.793611111111111,0.723443814942772,0.256009144206273,0.0849351783880619,0.0789260341817886,0.25
Zhou2020,TSSVM,18,4,120,2,0.879166666666667,0.818567724521812,0.187272729652256,0.0618752131895308,0.124602483537275,0.25
Zhou2020,TSSVM,18,5,120,2,0.788333333333333,0.829790209458692,0.208877083448753,0.0396003879220578,0.0807233044733045,0.25
Zhou2020,TSSVM,18,6,120,2,0.756666666666667,0.8643611113395,0.205760903101923,0.0273349771759973,0.0715740740740741,0.25
Zhou2020,TSSVM,19,0,120,2,0.636111111111111,0.902671281431309,0.24847324889225,0.0349710403165125,0.036497791424262,0.25
Zhou2020,TSSVM,19,1,120,2,0.775138888888889,0.9317869759669,0.201248801094457,0.024933971766697,0.0736851706722396,0.25
Zhou2020,TSSVM,19,2,120,2,0.751666666666667,0.876643379415163,0.224635761139405,0.0399859011954276,0.0653501400560224,0.25
Zhou2020,TSSVM,19,3,120,2,0.821388888888889,0.863982501381688,0.197896728404811,0.0431884733922799,0.0952917449874687,0.25
Zhou2020,TSSVM,19,4,120,2,0.7775,0.890250175638649,0.207118578051266,0.0336715446924677,0.076552966641202,0.25
Zhou2020,TSSVM,19,5,120,2,0.7575,0.846891941556706,0.231608982355569,0.0448699063157967,0.0632609239602274,0.25
Zhou2020,TSSVM,19,6,120,2,0.914444444444444,0.867173054035823,0.164941963518622,0.0662957635856573,0.151353800067035,0.25
Zhou2020,TSSVM,20,0,120,2,0.656666666666667,0.526533891496092,0.370608021083978,0.160954929077945,0.0403469079939668,0.25
Zhou2020,TSSVM,20,1,120,2,0.759444444444444,0.895960748592782,0.203706482483637,0.0208191533095436,0.0671126708259061,0.25
Zhou2020,TSSVM,20,2,120,2,0.759722222222222,0.878231361593133,0.202593878469771,0.0245260051880822,0.0719321267183109,0.25
Zhou2020,TSSVM,20,3,120,2,0.695555555555556,0.838878559597198,0.237019830234476,0.0390290894937353,0.0520092592592592,0.25
Zhou2020,TSSVM,20,4,180,2,0.72,0.842039896870991,0.231493218912782,0.0309990367620756,0.0495058178492932,0.25
Zhou2020,TSSVM,20,5,160,2,0.737890625,0.885918043979858,0.207686835033809,0.0203860309402417,0.0626991959064328,0.25
